ds,unix,symbol,open,high,low,y,Volume BTC,Volume USD,is_outlier,SMA_20,EMA_20,BB_upper,BB_lower,BB_mid,RSI,daily_return,log_return,volatility_21d
2014-11-28,1417132800,BTC/USD,363.59,381.34,360.57,376.28,3220878.18,8617.15,0,,376.28,,,,,,,
2014-11-29,1417219200,BTC/USD,376.42,386.6,372.25,376.72,2746157.05,7245.19,0,,376.3219047619047,,,,,0.11693419793772364,0.0011686588315486296,
2014-11-30,1417305600,BTC/USD,376.57,381.99,373.32,373.34,1145566.61,3046.33,0,,376.0379138321995,,,,,-0.8972180930133966,-0.009012673330848521,
2014-12-01,1417392000,BTC/USD,376.4,382.31,373.03,378.39,2520662.37,6660.56,0,,376.2619220386567,,,,,1.3526544168854127,0.013435877162760691,
2014-12-02,1417478400,BTC/USD,378.39,382.86,375.23,379.25,2593576.46,6832.53,0,,376.54650089211793,,,,,0.22727873358174833,0.0022702084614300774,
2014-12-03,1417564800,BTC/USD,379.25,383.0,374.23,376.67,2998357.92,7908.29,0,,376.55826271191626,,,,,-0.6802900461437056,-0.006826145672000057,
2014-12-04,1417651200,BTC/USD,376.67,378.99,360.01,365.2,3297896.46,8865.09,0,,375.47652340601945,,,,,-3.045105795523939,-0.03092432383582824,
2014-12-05,1417737600,BTC/USD,365.2,377.89,363.99,374.95,3331762.49,8951.16,0,,375.4263783197319,,,,,2.6697699890470883,0.0263475350265849,
2014-12-06,1417824000,BTC/USD,374.95,376.99,371.31,375.07,861748.71,2300.21,0,,375.3924375273765,,,,,0.032004267235641315,0.0003199914696247634,
2014-12-07,1417910400,BTC/USD,375.07,377.5,373.16,376.87,913715.62,2429.62,0,,375.53315776286445,,,,,0.4799104167222179,0.004787625178077868,
2014-12-08,1417996800,BTC/USD,376.87,377.45,364.6,364.61,3655238.4,9920.84,0,,374.49285702354405,,,,,-3.2531111523867673,-0.033072011209051885,
2014-12-09,1418083200,BTC/USD,364.61,365.48,343.97,350.49,7376463.45,20940.84,0,,372.2068706403494,,,,,-3.8726310304160627,-0.03949611378888231,
2014-12-10,1418169600,BTC/USD,350.49,353.74,347.23,348.13,2304335.87,6579.79,0,,369.9138353412685,,,,,-0.6733430340380653,-0.006756202161668689,
2014-12-11,1418256000,BTC/USD,348.13,364.43,339.8,348.98,5842055.01,16533.38,0,,367.92013673733817,,,,,0.24416166374630066,0.0024386407345858363,
2014-12-12,1418342400,BTC/USD,348.98,358.59,348.0,354.48,2846451.59,8039.95,0,,366.6401237147345,,,,34.54777431244692,1.5760215485128182,0.01563731292115024,
2014-12-13,1418428800,BTC/USD,354.48,354.95,347.03,351.45,1359211.39,3880.75,0,,365.19344526571217,,,,32.72254888554629,-0.8547731888964183,-0.008584473269319765,
2014-12-14,1418515200,BTC/USD,351.45,351.98,348.96,350.17,196831.56,561.33,0,,363.76264095469196,,,,33.689990145009205,-0.3642054346279622,-0.0036487027737419036,
2014-12-15,1418601600,BTC/USD,350.17,350.17,350.17,350.17,0.0,0.0,0,,362.46810372091176,,,,28.614731736890008,0.0,0.0,
2014-12-16,1418688000,BTC/USD,350.17,350.17,330.0,330.02,1902071.15,5677.83,0,,359.377808128444,,,,21.132872053477215,-5.75434788816861,-0.059265492163513546,
2014-12-17,1418774400,BTC/USD,331.56,335.99,315.23,321.1,7586686.22,23478.02,0,361.117,355.7323025924017,395.23554572084316,326.9984542791569,361.117,19.670341665757036,-2.702866492939815,-0.02740065758919057,
2014-12-18,1418860800,BTC/USD,321.32,325.61,304.99,312.17,6788858.09,21637.58,0,357.91150000000005,351.5835118693158,397.6202943461024,318.2027056538977,357.91150000000005,20.231278769507156,-2.781065088757395,-0.02820468987985106,
2014-12-19,1418947200,BTC/USD,310.48,320.0,307.11,318.0,4999167.76,15958.56,0,354.9755,348.38508216747624,397.41805782509863,312.5329421749014,354.9755,16.559013505578406,1.8675721561969283,0.018503471564559507,33.82012061493733
2014-12-20,1419033600,BTC/USD,317.23,333.0,316.52,329.99,3617196.63,11146.4,0,352.808,346.63316958009756,395.726699445641,309.889300554359,352.808,26.76767676767679,3.770440251572338,0.03701096819090006,37.16041152437863
2014-12-21,1419120000,BTC/USD,332.58,332.98,318.78,323.15,2114707.57,6510.0,0,350.046,344.3966772391359,393.1423558845329,306.9496441154671,350.046,23.682147756221823,-2.0727900845480263,-0.020945739262172428,37.49828387843673
2014-12-22,1419206400,BTC/USD,322.24,333.99,319.9,330.52,3821126.0,11646.6,0,347.6095,343.07508893064676,389.2389832136021,305.9800167863979,347.6095,32.458577750334456,2.280674609314559,0.02255056012407914,38.245815663870424
2014-12-23,1419292800,BTC/USD,330.52,338.99,327.49,335.49,2604314.14,7804.03,0,345.5505,342.35269950868036,385.1521902749312,305.9488097250688,345.5505,41.479209270620316,1.5036911533341524,0.014924977875223164,38.85536306988462
2014-12-24,1419379200,BTC/USD,337.0,337.0,320.92,322.14,1826465.31,5544.8,0,343.3975,340.42768050785367,383.1828090447903,303.61219095520966,343.3975,36.87506312493689,-3.979254225163198,-0.04060591604567357,40.68264201240769
2014-12-25,1419465600,BTC/USD,320.92,324.23,316.63,319.39,1255322.02,3924.9,0,340.61949999999996,338.4240918880581,378.8572341736777,302.38176582632224,340.61949999999996,35.33842037459122,-0.8536661079033947,-0.008573307075568411,39.784287194935104
2014-12-26,1419552000,BTC/USD,319.0,332.0,316.64,330.88,2066944.34,6347.26,0,338.40999999999997,337.7056069463383,373.21917483410914,303.6008251658908,338.40999999999997,38.96164639850327,3.597482701399546,0.03534284529304495,40.82514407928289
2014-12-27,1419638400,BTC/USD,330.97,330.97,311.63,315.89,2747753.48,8639.54,0,335.361,335.62793009430607,366.47208917208917,304.2499108279108,335.361,35.0412249705536,-4.530343326885888,-0.04636172016023001,43.06259044166419
2014-12-28,1419724800,BTC/USD,315.89,319.56,311.22,316.63,1288906.81,4089.61,0,332.962,333.81860341865786,361.90028904119214,304.02371095880784,332.962,35.8265720081136,0.23425876096110354,0.0023398480288943963,42.9780006988979
2014-12-29,1419811200,BTC/USD,316.63,320.14,311.61,314.78,1859591.78,5901.06,0,331.1765,332.0054030930714,359.9674373716252,302.38556262837477,331.1765,35.275027045019556,-0.58427817957869,-0.0058599176252191335,42.02442044726227
2014-12-30,1419897600,BTC/USD,314.78,316.77,310.0,311.94,3091941.68,9894.24,0,329.367,330.0944123223027,358.22052051857435,300.5134794814257,329.367,41.211355240132235,-0.9022174216913315,-0.009063120499775389,40.34797225980098
2014-12-31,1419984000,BTC/USD,311.94,320.0,310.69,319.25,1925334.88,6097.71,0,327.88050000000004,329.06161114875005,355.51719221962185,300.24380778037823,327.88050000000004,49.08641975308642,2.3433993716740487,0.023163633288969355,41.54849733924212
2015-01-01,1420070400,BTC/USD,319.25,321.0,312.6,316.31,1018388.35,3223.06,0,325.972,327.8471719917262,351.0255540918165,300.91844590818346,325.972,52.17300020995171,-0.9209083790133077,-0.0092517495459536,41.51318362115299
2015-01-02,1420156800,BTC/USD,316.31,317.01,311.96,316.51,1093571.94,3472.05,0,324.225,326.7674413258475,346.5189382839938,301.93106171600624,324.225,49.16880508758228,0.06322911068255,0.0006320912950253277,40.908860910851736
2015-01-03,1420243200,BTC/USD,316.51,316.58,285.0,286.01,6078845.04,20350.46,0,321.017,322.8857802471954,345.9052192380673,296.1287807619327,321.017,29.66524875161828,-9.636346402957251,-0.10132806141816539,52.72797888314613
2015-01-04,1420329600,BTC/USD,286.01,289.81,255.0,264.62,11614560.04,42650.57,0,316.7395,317.33665831889107,348.88078512479984,284.5982148752002,316.7395,26.14720026081997,-7.478759483934128,-0.07773194062929009,57.652289721432346
2015-01-05,1420416000,BTC/USD,264.62,280.0,262.94,276.8,2655979.12,9752.08,0,314.07849999999996,313.4760241932824,350.16091751440996,277.99608248558997,314.07849999999996,28.93333333333335,4.602826694883233,0.045000389129249606,60.97588814898282
2015-01-06,1420502400,BTC/USD,276.8,276.8,276.8,276.8,0.0,0.0,0,311.8635,309.9830695082079,351.4042309119675,272.3227690880325,311.8635,26.05076307842978,0.0,0.0,58.49477638295225
2015-01-07,1420588800,BTC/USD,276.8,276.8,276.8,276.8,0.0,0.0,0,310.09499999999997,306.8227771740929,352.6286594883825,267.56134051161746,310.09499999999997,29.236123832203702,0.0,0.0,58.14084018049706
2015-01-08,1420675200,BTC/USD,276.8,276.8,276.8,276.8,0.0,0.0,0,308.03499999999997,303.96346506227457,352.88440626257216,263.1855937374278,308.03499999999997,29.991543737667968,0.0,0.0,57.6679896496861
2015-01-09,1420761600,BTC/USD,276.8,276.8,276.8,276.8,0.0,0.0,0,305.3755,301.37646838967703,351.0439234916262,259.7070765083738,305.3755,21.51885401306089,0.0,0.0,57.04123041560148
2015-01-10,1420848000,BTC/USD,276.8,276.8,276.8,276.8,0.0,0.0,0,303.05800000000005,299.035852352565,349.6239317979413,256.4920682020588,303.05800000000005,25.553470919324596,0.0,0.0,54.8749561885611
2015-01-11,1420934400,BTC/USD,276.8,276.8,276.8,276.8,0.0,0.0,0,300.37199999999996,296.91815212851117,346.4631287731048,254.2808712268951,300.37199999999996,24.857972478222464,0.0,0.0,54.74968601373161
2015-01-12,1421020800,BTC/USD,270.4,272.43,263.54,268.16,2133679.78,7909.25,0,297.00550000000004,294.1792804972244,342.1218065280928,251.88919347190728,297.00550000000004,22.895348837209312,-3.121387283236987,-0.031711406449796205,54.237291363373295
2015-01-13,1421107200,BTC/USD,268.16,268.72,216.0,221.0,13652228.51,57653.9,0,291.9485,287.20982521177444,346.8209132683694,237.07608673163065,291.9485,15.108962553713937,-17.5865155131265,-0.1934211157759655,82.73031735707393
2015-01-14,1421193600,BTC/USD,221.0,230.89,152.4,162.0,23647658.54,123599.76,0,284.07900000000006,275.2850799535102,362.4803417983995,205.67765820160065,284.07900000000006,6.801824075600237,-26.696832579185525,-0.3105663662853688,130.38363125481783
2015-01-15,1421280000,BTC/USD,162.0,233.9,161.1,208.81,17721319.5,86158.17,0,277.9755,268.9541199579378,359.9603431370732,195.9906568629268,277.9755,26.204179210200095,28.895061728395067,0.2538284123495864,163.8902265138024
2015-01-16,1421366400,BTC/USD,214.77,223.15,198.04,206.6,7308109.72,34657.09,0,272.511,263.0156323428961,358.334480261584,186.68751973841603,272.511,25.885295537320644,-1.0583784301518184,-0.01064019089643234,162.69507971300408
2015-01-17,1421452800,BTC/USD,206.6,212.84,192.17,200.1,4007435.83,19933.78,0,266.68449999999996,257.02366735785836,355.6609440677831,177.70805593221684,266.68449999999996,28.93226739908775,-3.1461761858664117,-0.031967315095850476,162.50456298884606
2015-01-18,1421539200,BTC/USD,200.1,222.0,195.02,211.42,3816641.51,18205.49,0,261.5165,252.68046094282423,350.73728994801235,172.29571005198767,261.5165,36.275926117015786,5.65717141429285,0.05502943475082921,164.5011434517038
2015-01-19,1421625600,BTC/USD,210.05,220.94,207.7,216.88,2729178.12,12796.47,0,256.76349999999996,249.27089323398383,344.79426861021506,168.73273138978487,256.76349999999996,33.98717263495456,2.5825371298836552,0.02549752884989322,165.17958069114928
2015-01-20,1421712000,BTC/USD,217.84,217.84,201.98,211.08,2998319.48,14234.73,0,251.35500000000002,245.63366530693776,336.4643526928119,166.24564730718816,251.35500000000002,32.96526697770865,-2.6742899299151524,-0.027106996652942892,165.17842353955297
2015-01-21,1421798400,BTC/USD,211.08,228.9,205.0,228.59,4937625.47,22796.06,0,246.969,244.0104590872294,326.8655941965644,167.07240580343557,246.969,38.543795446984454,8.295433011180586,0.07969279733448964,168.11394006147432
2015-01-22,1421884800,BTC/USD,228.59,239.0,226.01,233.0,6003089.46,25809.37,0,242.7935,242.96184393606472,315.82117846580655,169.76582153419344,242.7935,39.805418489898514,1.9292182510171063,0.019108447693743747,168.54191058984267
2015-01-23,1421971200,BTC/USD,233.0,240.0,225.55,233.03,3539626.61,15246.43,0,240.14449999999997,242.01595403739188,310.36110426663197,169.92789573336796,240.14449999999997,39.81382359785896,0.01287553648068318,0.0001287470765462796,168.53628534733275
2015-01-24,1422057600,BTC/USD,233.03,249.99,230.03,249.99,3297573.46,13633.14,0,239.413,242.7753869862117,308.85657288285796,169.96942711714206,239.413,44.217246883223325,7.27803287130413,0.07025371641997827,167.88825615775303
2015-01-25,1422144000,BTC/USD,249.99,257.0,241.33,253.09,7019125.49,28139.7,0,238.22750000000002,243.757731082763,305.76713510803324,170.68786489196677,238.22750000000002,44.95338640330339,1.2400496019840723,0.012324239633240482,165.95506802617382
2015-01-26,1422230400,BTC/USD,253.09,309.9,253.09,269.5,15614774.92,55355.5,0,237.8625,246.20937574154746,304.59855192334766,171.12644807665237,237.8625,50.27608373166309,6.483859496621758,0.06282323365358622,166.7058603841712
2015-01-27,1422316800,BTC/USD,269.5,278.51,243.1,262.99,5501345.88,21293.57,0,237.17200000000003,247.80753043282868,302.48227890406133,171.8617210959387,237.17200000000003,60.39202098698214,-2.4155844155844153,-0.024452381707861008,166.89742881837682
2015-01-28,1422403200,BTC/USD,262.99,266.45,225.91,236.2,6774004.56,27595.15,0,235.142,246.70205134398788,297.73332766563857,172.55067233436142,235.142,71.84666117065127,-10.18669911403476,-0.10743710487792896,170.80367960417328
2015-01-29,1422489600,BTC/USD,236.2,242.18,220.0,234.75,6076004.2,26178.79,0,233.0395,245.56376073979857,292.48484419376973,173.59415580623028,233.0395,60.42101880122128,-0.6138865368331858,-0.006157785674889577,170.78268782760006
2015-01-30,1422576000,BTC/USD,234.75,244.98,227.26,232.6,4653564.37,19832.17,0,230.82949999999997,244.32911685981776,286.59751062861795,175.06148937138198,230.82949999999997,60.450160771704184,-0.9158679446219398,-0.009200878003808255,170.75916491659405
2015-01-31,1422662400,BTC/USD,232.6,234.8,215.75,217.98,4494529.82,19706.27,0,227.88850000000002,241.81967715888274,279.49770043435717,176.27929956564287,227.88850000000002,56.74615152429822,-6.285468615649181,-0.06491692462339846,171.83966423533658
2015-02-01,1422748800,BTC/USD,217.98,220.81,208.48,214.8,1336586.85,6189.01,0,225.2205,239.24637457232248,273.47164363520545,176.96935636479455,225.2205,51.35873934716194,-1.458849435728038,-0.014695952826455846,171.79248469439415
2015-02-02,1422835200,BTC/USD,214.8,241.98,214.8,237.97,1494778.57,6423.56,0,226.06899999999996,239.12481508924415,274.6036521461453,177.5343478538546,226.06899999999996,57.42135266380463,10.786778398510233,0.10243725267157505,176.09191984976502
2015-02-03,1422921600,BTC/USD,237.97,244.39,223.79,227.35,4178199.28,17756.67,0,229.33649999999997,238.00340412836377,267.3736902637124,191.29930973628757,229.33649999999997,55.53740385269892,-4.4627474051351035,-0.04565393503526522,163.21116843280745
2015-02-04,1423008000,BTC/USD,227.35,231.0,220.02,227.0,3220391.1,14313.23,0,230.246,236.95546087804343,267.06707657307106,193.42492342692896,230.246,49.38728323699422,-0.15394765779634945,-0.0015406627896168937,117.50433793465969
2015-02-05,1423094400,BTC/USD,227.0,228.94,213.64,217.0,953936.47,4314.11,0,230.766,235.05494079442025,266.4574428193408,195.07455718065913,230.766,44.08896113491946,-4.405286343612335,-0.045052663940943136,81.35689557569388
2015-02-06,1423180800,BTC/USD,216.81,225.86,214.95,222.88,1044545.84,4730.33,0,231.90500000000003,233.89542262352307,264.822007921837,198.98799207816305,231.90500000000003,46.40555280118988,2.709677419354839,0.02673615649103602,81.66461646532971
2015-02-07,1423267200,BTC/USD,223.37,231.14,221.77,228.61,1444459.22,6356.04,0,232.7645,233.39204904033042,264.29797993549187,201.23102006450816,232.7645,41.77439212065251,2.5708901651112726,0.025383984904384104,80.92960669110094
2015-02-08,1423353600,BTC/USD,228.3,232.89,219.7,224.19,1232858.74,5456.94,0,233.13000000000002,232.51566341744183,264.0517845198931,202.20821548010696,233.13000000000002,38.992992078001215,-1.9334237347447658,-0.01952358832557126,79.38442861633041
2015-02-09,1423440000,BTC/USD,224.19,225.99,215.0,220.72,4277024.95,19478.94,0,233.612,231.39226690149496,263.3650315837061,203.85896841629386,233.612,29.389893527125224,-1.5477942816361168,-0.015598976701277837,79.17966936659582
2015-02-10,1423526400,BTC/USD,220.72,222.0,215.0,220.95,1385375.22,6332.22,0,233.23000000000002,230.3977652918288,263.4470777785286,203.01292222147143,233.23000000000002,31.242191683026945,0.10420442189198464,0.0010415016677182715,78.52573414139337
2015-02-11,1423612800,BTC/USD,220.95,223.43,217.99,219.12,2057106.38,9298.5,0,232.536,229.3236924068927,263.40583702410333,201.6661629758967,232.536,40.19517795637199,-0.8282416836388307,-0.008316906621926232,73.32514731096357
2015-02-12,1423699200,BTC/USD,219.55,223.07,218.17,222.46,886601.16,4010.23,0,232.00750000000002,228.67000741576007,263.20194274057,200.81305725943002,232.00750000000002,43.094729744915156,1.524278933917489,0.015127785209060515,73.19350671557478
2015-02-13,1423785600,BTC/USD,223.0,242.35,221.37,236.86,1895018.31,8077.55,0,231.35099999999997,229.4500067094972,261.48665672614004,201.2153432738599,231.35099999999997,52.103911497431845,6.473073811022201,0.06272193912946572,76.57832110618791
2015-02-14,1423872000,BTC/USD,237.0,259.31,236.9,257.9,2698932.39,10813.61,0,231.5915,232.15952988002127,262.5238814489804,200.65911855101962,231.5915,68.53984766858629,8.882884404289438,0.08510266359394994,78.42625970052475
2015-02-15,1423958400,BTC/USD,256.99,265.89,227.75,234.01,4533254.41,18474.58,0,229.817,232.33576512954303,255.15960328089037,204.47439671910965,229.817,57.48227779076108,-9.263280341217516,-0.09720806339997845,85.38809256025452
2015-02-16,1424044800,BTC/USD,234.01,241.23,229.2,236.55,2907774.51,12321.08,0,228.49499999999998,232.73712083149132,248.81148280791174,208.1785171920882,228.49499999999998,49.341006125858556,1.0854236998419031,0.010795752589836694,82.11785982746717
2015-02-17,1424131200,BTC/USD,236.55,248.78,232.01,244.96,2871937.78,11898.41,0,228.933,233.9012045618255,250.29947556090383,207.56652443909616,228.933,58.34359897659434,3.5552737264848755,0.03493532983221643,83.02746533928143
2015-02-18,1424217600,BTC/USD,244.96,247.0,232.24,235.79,1626634.28,6766.05,0,228.98499999999999,234.08108984165165,250.41604830797854,207.55395169202143,228.98499999999999,53.84346305203323,-3.7434683213586006,-0.03815335352641744,75.18535201676883
2015-02-19,1424304000,BTC/USD,237.37,245.01,235.66,242.67,1138295.79,4730.24,0,229.48850000000002,234.89908128530388,251.7348123141547,207.24218768584532,229.48850000000002,61.539153106176386,2.9178506297977025,0.028760917315014643,75.8003794307797
2015-02-20,1424390400,BTC/USD,240.59,248.96,239.41,246.1,1115548.64,4559.19,0,230.89449999999997,235.96583544860826,253.62739800221053,208.1616019977894,230.89449999999997,60.672917815774966,1.41344212304777,0.014035461699039341,75.81134732658566
2015-02-21,1424476800,BTC/USD,245.48,247.48,244.0,245.87,381377.02,1553.36,0,232.448,236.90908921540748,254.793104350193,210.102895649807,232.448,58.355925639039505,-0.09345794392523477,-0.000935016430906643,71.75375794201469
2015-02-22,1424563200,BTC/USD,245.41,247.42,232.48,236.68,1598342.42,6739.67,0,232.3835,236.88727119489246,254.66885820951228,210.09814179048772,232.3835,55.77973160573809,-3.7377475901899326,-0.03809392315761018,73.03940334540331
2015-02-23,1424649600,BTC/USD,236.68,240.66,232.05,238.92,873272.09,3706.77,0,232.962,237.08086441442651,255.29782498800296,210.62617501199702,232.962,58.51900393184796,0.946425553489938,0.00941975005561185,63.8758803253942
2015-02-24,1424736000,BTC/USD,239.65,240.88,236.3,239.69,580503.8,2430.95,0,233.59650000000002,237.32935351781447,255.94018793476755,211.2528120652325,233.59650000000002,58.72764530551416,0.32228360957642366,0.0032176538907937825,61.66154362553525
2015-02-25,1424822400,BTC/USD,239.94,240.61,236.0,238.0,413399.21,1735.6,0,234.6465,237.39322461135595,255.63917468728735,213.65382531271266,234.6465,58.804327550830074,-0.7050773916308595,-0.007075748083424386,61.73720219952313
2015-02-26,1424908800,BTC/USD,237.97,238.55,234.01,236.7,826644.88,3498.78,0,235.3375,237.32720321979824,255.59638018415006,215.07861981584995,235.3375,56.76934778474995,-0.5462184873949671,-0.005477157151536537,59.39397520458781
2015-02-27,1424995200,BTC/USD,236.7,256.15,236.16,253.06,5507719.94,22016.89,0,236.56,238.8255648179127,258.0245028875696,215.0954971124304,236.56,57.560201605376136,6.91170257710183,0.06683309824117949,62.84042025706995
2015-02-28,1425081600,BTC/USD,253.06,254.29,245.2,252.98,906874.89,3613.22,0,237.99949999999998,240.17360626382577,259.82946248519954,216.16953751480042,237.99949999999998,47.145509398932475,-0.03161305619221455,-0.00031618054172194177,62.47355653418768
2015-03-01,1425168000,BTC/USD,253.47,260.0,245.0,255.81,1275703.25,5062.1,0,239.754,241.66278661965188,261.3759521977563,218.13204780224365,239.754,66.73832923832923,1.1186655071547147,0.011124547202672159,61.86777720434713
2015-03-02,1425254400,BTC/USD,258.34,274.81,256.0,274.0,2598170.67,9781.93,0,242.40649999999997,244.74252122730408,267.1117087199175,217.70129128008244,242.40649999999997,73.1831125417853,7.110746256987599,0.06869312496600223,64.92637680601989
2015-03-03,1425340800,BTC/USD,274.0,284.95,265.89,279.0,6104061.68,22213.49,0,245.40049999999997,248.0051382532751,272.6099886506808,218.19101134931913,245.40049999999997,72.00103412616338,1.8248175182481674,0.018083675433295327,64.88866271661904
2015-03-04,1425427200,BTC/USD,279.0,283.88,264.94,269.83,3934109.59,14281.76,0,247.76899999999995,250.08369651486794,274.8168343524549,220.72116564754498,247.76899999999995,72.00103412616338,-3.286738351254481,-0.03341965075259716,66.4005899591874
2015-03-05,1425513600,BTC/USD,269.83,280.5,262.2,273.8,3070426.12,11360.44,0,249.61599999999999,252.34239208488052,278.5093023745159,220.72269762548402,249.61599999999999,70.9066487575554,1.4712967423933687,0.014605781785580134,66.39567052726623
2015-03-06,1425600000,BTC/USD,273.8,276.46,269.0,273.26,1907509.64,6996.36,0,250.38400000000001,254.3345452196538,280.9713261679606,219.79667383203937,250.38400000000001,68.97708216880936,-0.19722425127831622,-0.00197418994400682,63.633981805231265
2015-03-07,1425686400,BTC/USD,273.26,279.48,270.0,275.59,1540760.07,5605.63,0,252.46300000000002,256.3588742463534,284.00183560911677,220.92416439088328,252.46300000000002,70.17377138202548,0.8526677889189704,0.008490531100617576,56.93877886741462
2015-03-08,1425772800,BTC/USD,275.59,277.59,271.12,274.89,1223277.71,4455.34,0,254.38000000000002,258.12374336574834,286.5016936041664,222.25830639583367,254.38000000000002,79.31563602884758,-0.2540005080010066,-0.002543236365727804,43.8529605066012
2015-03-09,1425859200,BTC/USD,274.89,289.0,274.17,287.0,3389556.2,11984.22,0,256.48199999999997,260.8738630452009,291.38947203981496,221.57452796018498,256.48199999999997,82.03624733475476,4.405398523045578,0.043111198114389515,45.539824493022735
2015-03-10,1425945600,BTC/USD,287.0,296.8,283.96,290.24,3744249.17,12857.02,0,259.2045,263.670637993277,295.77088863621447,222.63811136378555,259.2045,82.60869565217388,1.1289198606271755,0.011225951167150652,44.58255431233539
2015-03-11,1426032000,BTC/USD,290.24,296.74,285.83,295.11,1979535.16,6784.55,0,261.8265,266.66486294629823,300.839443209846,222.813556790154,261.8265,85.3885239806667,1.6779217199559104,0.016640001266004602,41.34656889065557
2015-03-12,1426118400,BTC/USD,295.11,297.95,289.0,295.56,2399612.33,8145.87,0,264.2995,269.4167807609365,305.333139332163,223.26586066783702,264.2995,86.86122244488975,0.15248551387618825,0.0015236937276706531,40.920662891384474
2015-03-13,1426204800,BTC/USD,295.56,295.84,282.99,284.4,2654225.31,9178.74,0,266.226,270.84375402179967,307.2343777833381,225.21762221666188,266.226,70.99410503751335,-3.7758830694275325,-0.0384901639913611,44.09162223359632
2015-03-14,1426291200,BTC/USD,284.4,287.69,280.46,282.7,1595106.71,5616.62,0,268.527,271.9729203054378,307.6773122794553,229.37668772054468,268.527,69.4859690532389,-0.5977496483825506,-0.005995433229541061,44.23934828976735
2015-03-15,1426377600,BTC/USD,282.7,287.75,281.42,286.4,691987.13,2426.65,0,270.901,273.3469278953961,308.20684878653924,233.5951512134608,270.901,69.83015687799815,1.3088079235939132,0.013003170386945866,41.16219990805461
2015-03-16,1426464000,BTC/USD,286.4,294.26,285.78,289.7,1882414.82,6473.86,0,273.4015,274.90436333392984,308.5401009217322,238.26289907826782,273.4015,62.61246786632389,1.1522346368715075,0.011456469688814157,41.17036380880309
2015-03-17,1426550400,BTC/USD,289.7,292.99,281.9,284.46,1864637.8,6470.43,0,275.7245,275.8144239687937,306.9318665223945,244.51713347760548,275.7245,54.36939820742635,-1.80876769071453,-0.01825325863322273,42.220409241609424
2015-03-18,1426636800,BTC/USD,284.46,284.48,249.02,257.29,5650707.75,21120.78,0,276.754,274.05019311462286,303.59366224589263,249.9143377541074,276.754,42.209244532803204,-9.551430781129145,-0.10038879274762362,56.44095472718639
2015-03-19,1426723200,BTC/USD,257.29,265.95,249.0,262.01,3808281.05,14750.19,0,277.2015,272.90350805608733,302.6396406760113,251.7633593239887,277.2015,42.742829004062514,1.8345058105639467,0.01817881757719262,56.550508005028114
2015-03-20,1426809600,BTC/USD,262.01,265.27,257.0,262.09,1482272.82,5683.15,0,277.657,271.8736501459838,301.5481876288245,253.76581237117546,277.657,43.08530394948618,0.030533185756254078,0.00030528525327719346,51.86249617930563
2015-03-21,1426896000,BTC/USD,262.09,262.62,256.25,259.8,1199360.1,4622.93,0,277.8565,270.72377870350914,301.03558337954064,254.67741662045935,277.8565,40.220488046575014,-0.8737456598878146,-0.008775851988428979,51.98595742563772
2015-03-22,1426982400,BTC/USD,259.8,272.0,259.24,269.39,1512162.68,5709.7,0,277.62600000000003,270.5967521603178,301.05687697439816,254.19512302560187,277.62600000000003,46.931488507029684,3.69130100076982,0.036248039525947726,53.298156396134964
2015-03-23,1427068800,BTC/USD,269.39,270.07,259.5,265.84,2367965.68,8901.07,0,276.968,270.14372814504947,300.9686189393856,252.96738106061446,276.968,36.9479397976807,-1.3177920487026262,-0.013265519716108095,47.737541328375386
2015-03-24,1427155200,BTC/USD,265.84,266.52,241.84,246.93,4404982.22,17591.02,0,275.823,267.93289689313997,303.2043267911183,248.4416732088816,275.823,27.612943244081436,-7.113301233824842,-0.07378972839367638,53.28932984200685
2015-03-25,1427241600,BTC/USD,246.93,250.0,236.4,247.68,3276219.0,13448.56,0,274.517,266.0040495699838,304.65728330813516,244.37671669186486,274.517,24.39261418853252,0.3037298019681778,0.0030326947487000796,52.39872011504767
2015-03-26,1427328000,BTC/USD,247.68,253.75,244.91,249.46,2105838.57,8403.54,0,273.327,264.42842580141394,305.48786349979656,241.16613650020344,273.327,25.463061528635265,0.7186692506459869,0.007160991296200683,52.12698894744962
2015-03-27,1427414400,BTC/USD,249.46,250.52,245.12,248.09,1449279.37,5845.29,0,271.952,262.8723852488983,306.00149314098246,237.90250685901754,271.952,28.425430778371933,-0.5491862422833393,-0.00550699814022319,52.120354922891764
2015-03-28,1427500800,BTC/USD,248.09,253.83,247.17,252.31,1492447.63,5943.83,0,270.823,261.86644379662226,305.94288916179494,235.70311083820502,270.823,32.467982000692245,1.7009956064331533,0.016866906658948667,52.46509669791636
2015-03-29,1427587200,BTC/USD,252.31,252.96,239.96,242.19,1608836.03,6591.6,0,268.5825,259.9924967683725,305.0485995417579,232.11640045824205,268.5825,26.254162638306994,-4.010938924339113,-0.04093594814125481,53.97602792971639
2015-03-30,1427673600,BTC/USD,242.19,248.86,236.52,247.69,1929807.46,7880.41,0,266.455,258.8208304094799,302.56408064826746,230.3459193517325,266.455,27.956763563857663,2.2709442999298,0.022455422188295653,52.04626641397162
2015-03-31,1427760000,BTC/USD,247.69,248.59,238.55,243.98,1993776.43,8180.68,0,263.8985,257.40741798952945,298.68102693522906,229.115973064771,263.8985,28.41296928327641,-1.4978400419879745,-0.015091709542738082,51.68129879057152
2015-04-01,1427846400,BTC/USD,243.98,246.83,239.32,245.98,1484287.63,6106.97,0,261.41949999999997,256.3190924667171,293.6762923324512,229.16270766754874,261.41949999999997,41.75535792389557,0.8197393228953187,0.00816397709367291,51.24818021482091
2015-04-02,1427932800,BTC/USD,245.98,256.96,244.52,253.16,2471179.83,9880.07,0,259.85749999999996,256.0182265175059,290.40925824038425,229.3057417596157,259.85749999999996,43.77199155524278,2.918936498902358,0.02877146809284025,52.777575089389316
2015-04-03,1428019200,BTC/USD,253.16,256.67,251.23,253.79,1286655.62,5062.49,0,258.412,255.80601446821964,287.0915086209088,229.73249137909113,258.412,44.20391061452514,0.24885447938063354,0.0024854534937079776,51.62993004206741
2015-04-04,1428105600,BTC/USD,253.79,255.85,250.76,253.45,652406.55,2579.58,0,256.7645,255.58163213791303,282.2862170474985,231.24278295250147,256.7645,45.44149318018663,-0.13396902951259282,-0.0013405884824542085,51.64859956734252
2015-04-05,1428192000,BTC/USD,253.45,261.0,251.65,260.5,1491248.36,5807.32,0,255.30450000000002,256.05004812477847,275.72392055469305,234.88507944530696,255.30450000000002,43.37654596930413,2.7816137305188393,0.027436296275063235,52.52415333642182
2015-04-06,1428278400,BTC/USD,260.5,262.98,254.0,255.83,1543244.68,5989.94,0,253.873,256.0290911605139,269.01982263015657,238.7261773698434,253.873,42.66451707460064,-1.7927063339731264,-0.018089699801022246,52.38927532399891
2015-04-07,1428364800,BTC/USD,255.83,256.62,251.5,254.45,1522986.5,5990.22,0,253.731,255.8787015261792,268.79597073206065,238.66602926793934,253.731,57.416173570019694,-0.5394207090646197,-0.005408808357557728,52.19689082534976
2015-04-08,1428451200,BTC/USD,254.45,254.96,243.06,244.09,2875251.66,11647.96,0,252.83499999999998,254.7559680474955,267.95820698375957,237.7117930162404,252.83499999999998,47.02371082739181,-4.071526822558457,-0.04156734329196857,41.59738206317028
2015-04-09,1428537600,BTC/USD,244.09,246.3,238.47,243.53,1944122.48,7990.92,0,251.907,253.6868282334483,266.9163544164948,236.8976455835052,251.907,44.982230495853784,-0.22942357327215834,-0.002296871523709173,40.9134644700584
2015-04-10,1428624000,BTC/USD,243.53,243.94,231.0,234.77,2722903.56,11525.77,0,250.65550000000002,251.88522554454846,267.0077777747018,234.3032222252982,250.65550000000002,39.981949458483754,-3.597092760645504,-0.036633826741747116,42.45453681717051
2015-04-11,1428710400,BTC/USD,234.77,239.42,233.0,237.34,968919.7,4103.6,0,249.05299999999997,250.49996596887718,263.8860826550851,234.21991734491485,249.05299999999997,38.454419250347065,1.0946884184521055,0.010887400759576222,42.79338854678384
2015-04-12,1428796800,BTC/USD,237.34,237.5,233.42,236.3,672985.92,2850.16,0,247.57599999999996,249.14758825755553,261.20492960232826,233.94707039767164,247.57599999999996,44.71748878923768,-0.43818993848486754,-0.0043915280441308,40.176434550274166
2015-04-13,1428883200,BTC/USD,236.3,236.9,219.64,222.87,3166493.61,13823.98,0,246.373,246.644960804455,263.9248877077431,228.8211122922569,246.373,30.511934673366852,-5.683453237410074,-0.058513542361037625,44.044644038720335
2015-04-14,1428969600,BTC/USD,222.87,224.79,210.0,216.42,4015453.32,18432.86,0,244.81,243.7663931087926,266.8622881018337,222.75771189816626,244.81,29.253236976814208,-2.8940638040113154,-0.029367677688322012,38.00898357453046
2015-04-15,1429056000,BTC/USD,216.42,222.43,214.05,221.51,2147063.57,9766.32,0,243.4125,241.64673662224095,267.65751500580154,219.16748499419845,243.4125,32.398216084016696,2.3519083264023743,0.023246771049467287,39.2575499402657
2015-04-16,1429142400,BTC/USD,221.51,229.67,221.51,227.59,2492640.64,11002.79,0,242.3875,240.30799980107514,267.51709494510857,217.25790505489138,242.3875,31.311211811138733,2.7447970746241834,0.0270780293628525,40.63728724425509
2015-04-17,1429228800,BTC/USD,227.59,228.29,220.0,221.86,1291923.73,5767.04,0,240.865,238.551047439068,267.12752362908765,214.60247637091237,240.865,28.28186641273298,-2.5176853113054176,-0.025499212245308645,41.292664138029664
2015-04-18,1429315200,BTC/USD,221.86,224.72,220.32,223.14,947137.91,4254.1,0,239.9125,237.08332863534721,267.3291510104999,212.49584898950008,239.9125,29.64405641370047,0.5769404128729727,0.005752824854520013,40.71564272926319
2015-04-19,1429401600,BTC/USD,223.14,227.35,221.91,222.89,1318695.12,5866.64,0,238.67249999999999,235.73158305102842,266.8410512397662,210.50394876023373,238.67249999999999,22.202512934220238,-0.11203728600878149,-0.0011210009469320877,38.677711098558376
2015-04-20,1429488000,BTC/USD,222.89,226.51,221.43,224.07,1348484.04,6013.41,0,237.677,234.6209560937876,266.4564247409677,208.89757525903232,237.677,25.249376558603473,0.5294091255776401,0.005280126818983437,37.643824821871235
2015-04-21,1429574400,BTC/USD,224.07,235.61,223.91,234.13,2180368.54,9531.32,0,237.08450000000002,234.57419837056975,265.63116685308506,208.537833146915,237.08450000000002,36.05161998901702,4.489668407194181,0.04391801361231645,41.00563125551305
2015-04-22,1429660800,BTC/USD,234.13,238.64,229.1,233.0,2603008.93,11066.24,0,236.07650000000004,234.42427471622977,263.6399122667976,208.5130877332025,236.07650000000004,41.28281716711209,-0.4826378507666651,-0.004838063083700851,40.848121697498584
2015-04-23,1429747200,BTC/USD,233.0,236.22,232.01,235.14,1880708.15,8021.19,0,235.144,234.49243902896978,261.4158215264142,208.87217847358576,235.144,43.564963951526295,0.9184549356223037,0.00914262787389439,39.493258915934234
2015-04-24,1429833600,BTC/USD,235.14,236.0,228.0,231.06,1978994.28,8557.1,0,234.0245,234.1655400738298,258.8819660816418,209.16703391835816,234.0245,46.93439100975045,-1.735136514416935,-0.01750366438472249,39.71691458490058
2015-04-25,1429920000,BTC/USD,231.06,232.29,225.7,226.28,1227435.36,5375.75,0,232.31349999999998,233.41453625727456,254.00739657071838,210.61960342928157,232.31349999999998,41.183035714285715,-2.0687267376439,-0.020904246579917553,40.09916499202109
2015-04-26,1430006400,BTC/USD,226.28,227.26,214.98,219.49,2470526.72,11260.03,0,230.49649999999997,232.08838994705792,249.85927521974838,211.13372478025155,230.49649999999997,37.72455089820358,-3.0007070885628373,-0.030466497084090365,39.12984403553241
2015-04-27,1430092800,BTC/USD,219.49,229.93,217.52,226.01,3006598.56,13501.83,0,229.0745,231.50949566638573,244.88104691142678,213.26795308857322,229.0745,52.550357374918775,2.9705225750603637,0.029272572690127455,41.00947129861227
2015-04-28,1430179200,BTC/USD,226.01,228.06,221.45,225.11,2158043.31,9597.44,0,228.12549999999996,230.90001988863472,242.33456230470276,213.91643769529716,228.12549999999996,57.75754329584006,-0.3982124684748345,-0.003990074454919836,41.014564018152576
2015-04-29,1430265600,BTC/USD,225.11,226.99,221.81,225.49,1947334.9,8661.92,0,227.2235,230.38477989924093,239.4699865423336,214.9770134576664,227.2235,53.87914230019496,0.16880636133445037,0.00168664043534805,38.951384398809466
2015-04-30,1430352000,BTC/USD,225.49,240.0,224.6,235.75,2909232.47,12474.83,0,227.27250000000004,230.89575324217037,239.65322844553523,214.89177155446484,227.27250000000004,57.35400144196108,4.550090913122529,0.04449610945214663,42.39554700779508
2015-05-01,1430438400,BTC/USD,235.75,239.23,231.04,231.96,1555055.46,6622.93,0,227.00350000000003,230.99711007624938,238.67679345129213,215.33020654870793,227.00350000000003,59.4322002241315,-1.6076352067868505,-0.016206978505327038,40.826912564450055
2015-05-02,1430524800,BTC/USD,231.96,234.9,229.87,233.9,1018305.56,4381.68,0,226.8835,231.27357578327323,238.19824357222657,215.56875642777342,226.8835,59.92619926199265,0.8363510950163855,0.008328730581893535,40.74595261600284
2015-05-03,1430611200,BTC/USD,233.9,242.25,232.31,239.18,1057142.04,4422.59,0,227.699,232.02656856581865,240.09514693956746,215.30285306043257,227.699,63.75147729191292,2.257374946558355,0.022322732950528033,41.48478606577391
2015-05-04,1430697600,BTC/USD,239.18,242.2,236.07,237.93,1709074.08,7163.19,0,228.7745,232.58880013097877,240.77651469929458,216.7724853007054,228.7745,61.686340640809476,-0.522618948072584,-0.005239893777323493,35.61279140946537
2015-05-05,1430784000,BTC/USD,237.93,238.99,229.66,234.37,2054652.32,8788.82,0,229.41750000000002,232.7584382137427,241.15585256978633,217.6791474302137,229.41750000000002,50.227272727272734,-1.4962383894422726,-0.015075449599554803,34.28989267335646
2015-05-06,1430870400,BTC/USD,234.37,235.98,227.01,229.78,2028662.13,8708.99,0,229.527,232.4747774314815,241.23439055828356,217.8196094417164,229.527,47.13828652683967,-1.9584417800913134,-0.01977873373856443,34.453271570534774
2015-05-07,1430956800,BTC/USD,229.78,240.0,227.35,236.82,2541351.14,10896.59,0,230.275,232.88860815229276,241.83048719053,218.71951280947002,230.275,51.37344669718772,3.0638001566716033,0.030178029477592034,34.75587617027776
2015-05-08,1431043200,BTC/USD,236.82,246.57,235.29,243.16,2320081.36,9617.81,0,231.27599999999998,233.8668359473125,243.6673304158052,218.88466958419477,231.27599999999998,59.53957742037213,2.6771387551727033,0.02641930397771098,34.249799039904126
2015-05-09,1431129600,BTC/USD,243.16,247.01,238.62,241.4,1347017.52,5562.4,0,232.20150000000004,234.58428014280653,244.71993655111075,219.68306344888933,232.20150000000004,62.51655629139074,-0.7238032571146524,-0.007264354217090569,34.479430288513704
2015-05-10,1431216000,BTC/USD,241.4,244.99,238.02,239.08,841527.88,3493.96,0,232.952,235.01244393872972,245.21496023332801,220.68903976667198,232.952,67.51296263186128,-0.9610604805302403,-0.009657084707377696,34.75691616040219
2015-05-11,1431302400,BTC/USD,239.08,241.0,237.99,239.0,1237018.64,5171.02,0,233.19549999999998,235.39221118266022,245.74695783103235,220.64404216896762,233.19549999999998,63.12386340674885,-0.033461602810780366,-0.0003346720245428218,34.771825330263106
2015-05-12,1431388800,BTC/USD,240.06,242.0,238.56,241.3,1401760.94,5822.43,0,233.6105,235.95485773669256,246.673190099346,220.54780990065402,233.6105,65.90685792886617,0.9623430962343082,0.009577420699475368,31.57713883311097
2015-05-13,1431475200,BTC/USD,241.3,244.14,235.06,236.9,2223629.39,9233.25,0,233.69850000000002,236.044871285579,246.82811662165167,220.56888337834837,233.69850000000002,60.389728646876705,-1.8234562784915087,-0.018402861466246315,32.25901946654399
2015-05-14,1431561600,BTC/USD,236.9,239.7,232.22,236.95,1825553.83,7711.21,0,233.993,236.13107402028575,247.1376480603914,220.8483519396086,233.993,51.342281879194616,0.021105951878430673,0.00021103724885753692,32.115703349885656
2015-05-15,1431648000,BTC/USD,236.95,239.28,235.12,237.12,1071658.38,4517.94,0,234.535,236.2252574469252,247.22669558577877,221.84330441422122,234.535,56.28042843232716,0.07174509390166506,0.000717193694124742,31.451723754189516
2015-05-16,1431734400,BTC/USD,237.12,237.4,234.0,235.6,735930.74,3118.36,0,235.34050000000002,236.16570911864662,245.8729710450948,224.80802895490524,235.34050000000002,52.09050664043285,-0.6410256410256499,-0.006430890330290514,30.555001803906094
2015-05-17,1431820800,BTC/USD,235.6,237.0,234.15,236.05,620341.93,2628.86,0,235.84250000000003,236.15468920258502,245.4158904789854,226.26910952101466,235.84250000000003,45.63215182807704,0.19100169779286968,0.0019081952148641127,28.198288389385812
2015-05-18,1431907200,BTC/USD,236.05,236.94,231.44,232.24,1745036.34,7421.78,0,236.199,235.78186165948168,244.54148707078923,227.8565129292108,236.199,42.58921594165149,-1.6140648167761062,-0.016272327275921292,27.34679257900554
2015-05-19,1431993600,BTC/USD,232.24,234.24,230.86,231.69,1294154.8,5562.18,0,236.50899999999996,235.39216054905484,243.5324581375911,229.4855418624088,236.50899999999996,46.21254946297342,-0.23682397519807497,-0.0023710484670922986,27.31309922112609
2015-05-20,1432080000,BTC/USD,231.69,234.86,231.0,233.8,1794259.53,7681.74,0,236.4115,235.2405262110496,243.5327810053995,229.29021899460048,236.4115,56.10942249240122,0.9106996417627133,0.009065777788685975,27.443118559266793
2015-05-21,1432166400,BTC/USD,233.8,236.52,233.75,235.49,1079198.12,4586.63,0,236.58800000000002,235.26428561952105,243.41357605048992,229.76242394951012,236.58800000000002,47.58620689655176,0.7228400342172758,0.007202400671921622,22.760583759519506
2015-05-22,1432252800,BTC/USD,235.49,240.9,232.92,238.99,2467303.72,10421.69,0,236.84250000000003,235.61911556051905,243.62551555356973,230.05948444643033,236.84250000000003,41.562120598947836,1.486262686313644,0.014753260342077638,22.517370618901854
2015-05-23,1432339200,BTC/USD,238.99,240.67,237.4,237.71,788510.89,3295.19,0,236.769,235.8182474118982,243.47680817602026,230.06119182397975,236.769,42.3854725546843,-0.5355872630653957,-0.005370266734802138,22.487942795136583
2015-05-24,1432425600,BTC/USD,237.71,241.64,237.66,239.68,687061.13,2864.64,0,236.8565,236.18603337266978,243.67285270584605,230.04014729415397,236.8565,51.25628140703516,0.8287409027806891,0.008253257011689408,21.284833542382778
2015-05-25,1432512000,BTC/USD,239.68,240.1,233.1,235.48,1252273.58,5297.76,0,236.91199999999998,236.11879209908219,243.6608497265495,230.16315027345047,236.91199999999998,43.714285714285715,-1.7523364485981352,-0.01767871616879409,22.098589308808535
2015-05-26,1432598400,BTC/USD,235.48,236.23,235.0,236.21,111811.92,474.9,0,237.2335,236.12747856583624,243.1077660011783,231.35923399882168,237.2335,40.37079076806662,0.31000509597418624,0.003095255709556001,21.475445488940604
2015-05-27,1432684800,BTC/USD,236.21,237.35,234.0,235.34,2030192.16,8615.67,0,237.15950000000004,236.05248060718517,243.09269111794603,231.22630888205404,237.15950000000004,46.593886462882104,-0.3683163286905766,-0.0036899628338337457,20.262193130799638
2015-05-28,1432771200,BTC/USD,235.34,236.8,234.87,236.46,1175844.36,4983.03,0,236.82450000000003,236.09129197792944,242.04494351815862,231.60405648184144,236.82450000000003,48.97788902795165,0.4759071980963814,0.004747783399184567,17.379952158210116
2015-05-29,1432857600,BTC/USD,236.46,236.52,234.0,236.02,1461920.02,6208.04,0,236.5555,236.0845022657457,241.31755826794856,231.79344173205143,236.5555,47.73102310231025,-0.186077983591304,-0.00186251323736466,14.465093322680666
2015-05-30,1432944000,BTC/USD,236.02,236.21,231.0,232.07,993683.46,4263.02,0,236.205,235.70216871662706,241.2103928811539,231.19960711884613,236.205,43.38207724034498,-1.6735869841538964,-0.016877496902935482,15.313013812333946
2015-05-31,1433030400,BTC/USD,232.07,232.51,228.0,229.08,1013021.49,4385.74,0,235.709,235.0714859817102,241.45886645153573,229.95913354846428,235.709,38.069154399178394,-1.2884043607532147,-0.01296776276901066,15.565813369008307
2015-06-01,1433116800,BTC/USD,229.08,231.2,220.65,223.67,2734668.41,12135.65,0,234.82749999999996,233.98563017392826,242.15699305348076,227.49800694651915,234.82749999999996,36.09217786432977,-2.361620394621977,-0.023899536203477872,17.28687448466439
2015-06-02,1433203200,BTC/USD,223.67,226.38,221.34,224.78,1744459.32,7796.34,0,234.22150000000002,233.108903490697,242.73760554679674,225.7053944532033,234.22150000000002,38.98629263627673,0.49626682165690994,0.00495039476794228,16.927993789229
2015-06-03,1433289600,BTC/USD,224.78,226.99,222.57,225.11,1289882.15,5730.82,0,233.6295,232.34710315824967,242.9546746985173,224.30432530148272,233.6295,35.31598513011157,0.14681021443190279,0.001467025535951174,16.08406763488569
2015-06-04,1433376000,BTC/USD,225.11,225.98,222.0,222.37,1098677.11,4892.73,0,232.892,231.396902857464,243.3224142320717,222.46158576792828,232.892,28.59007832898179,-1.2171827106747801,-0.012246510434731399,16.402019575509716
2015-06-05,1433462400,BTC/USD,222.37,225.9,219.03,224.49,1761179.04,7893.14,0,232.33650000000003,230.73910258532456,243.32796132710465,221.3450386728954,232.33650000000003,25.22214627477794,0.9533660116022968,0.009488501569036321,16.927144759858983
2015-06-06,1433548800,BTC/USD,224.49,225.26,223.07,224.36,580288.75,2585.82,0,231.752,230.13156900576985,243.14784153147542,220.3561584685246,231.752,26.25400213447182,-0.05790903826450311,-0.000579258120240612,16.881873108951133
2015-06-07,1433635200,BTC/USD,224.36,225.48,221.86,222.86,778011.72,3473.44,0,231.283,229.43903862426794,243.34677805882575,219.21922194117423,231.283,19.573082489146287,-0.6685683722588709,-0.006708133021228312,16.873319784190425
2015-06-08,1433721600,BTC/USD,222.86,229.4,222.09,228.11,2021873.39,8948.31,0,231.10400000000004,229.31246351719483,243.24832056993057,218.9596794300695,231.10400000000004,37.1558034158244,2.355739028986803,0.023284197131339307,18.37287584510233
2015-06-09,1433808000,BTC/USD,228.11,230.79,226.67,229.49,2089239.29,9116.02,0,230.88850000000002,229.32937175365245,242.98425179883097,218.79274820116908,230.88850000000002,38.54805725971373,0.6049712857831624,0.006031486816272968,18.5154952447843
2015-06-10,1433894400,BTC/USD,229.49,229.75,226.83,227.51,1449250.42,6347.54,0,230.48950000000005,229.1560982533046,242.47208117347523,218.50691882652487,230.48950000000005,37.14285714285716,-0.8627826920563075,-0.008665262097597843,18.38511370605297
2015-06-11,1433980800,BTC/USD,227.51,229.57,227.25,229.01,1080607.18,4721.47,0,229.99049999999997,229.14218413394227,241.29458491605791,218.68641508394202,229.99049999999997,37.917612714888094,0.6593116786075326,0.0065714772541631255,18.34962035414358
2015-06-12,1434067200,BTC/USD,229.01,230.7,228.29,229.61,1353909.39,5893.36,0,229.5855,229.1867380259478,240.28955427371855,218.88144572628144,229.5855,39.657954178767376,0.261997292694649,0.0026165467808461447,17.469935109482616
2015-06-13,1434153600,BTC/USD,229.61,232.03,228.06,231.51,906453.07,3931.71,0,229.17700000000005,229.4080010710956,238.83109125162557,219.52290874837453,229.17700000000005,49.032480995162395,0.8274900918949335,0.008240851633689412,17.76372428480174
2015-06-14,1434240000,BTC/USD,231.51,234.0,230.94,231.77,822490.29,3541.16,0,228.9915,229.6329533500389,238.2709584120534,219.7120415879466,228.9915,55.13162914917967,0.11230616388062664,0.0011224314768470064,17.451631117614756
2015-06-15,1434326400,BTC/USD,231.77,237.09,231.55,235.92,2450622.3,10453.01,0,228.977,230.23171969765426,238.20975427913703,219.74424572086298,228.977,74.54909819639275,1.7905682357509445,0.01774726389255244,17.652246696160855
2015-06-16,1434412800,BTC/USD,235.92,252.05,234.35,248.75,4215461.57,17375.21,0,229.64749999999998,231.99536544073482,242.18292496077987,217.1120750392201,229.64749999999998,82.68339241887097,5.438284164123441,0.05295561153168144,25.450005544614573
2015-06-17,1434499200,BTC/USD,248.75,257.39,243.2,245.78,4374712.59,17474.9,0,230.1135,233.30818777971245,244.2995157605252,215.92748423947478,230.1135,76.29102009666748,-1.1939698492462347,-0.01201154918225102,25.863411586262142
2015-06-18,1434585600,BTC/USD,245.78,251.58,240.0,248.09,2751456.26,11164.4,0,230.717,234.71597941973985,246.85383605589126,214.58016394410876,230.717,83.07613168724278,0.939864919847011,0.009354756700888709,25.97258782628295
2015-06-19,1434672000,BTC/USD,248.09,249.93,242.14,243.42,1662685.74,6749.43,0,231.28450000000004,235.544933760717,248.39086997390697,214.1781300260931,231.28450000000004,72.84576393917446,-1.8823813938490086,-0.0190032371109291,26.976888940855954
2015-06-20,1434758400,BTC/USD,243.42,245.56,239.93,244.69,1091957.3,4503.01,0,232.06499999999997,236.41589245017252,250.14462796543097,213.98537203456897,232.06499999999997,73.87831806436454,0.5217319858680458,0.005203756800182399,26.156598919447354
2015-06-21,1434844800,BTC/USD,244.69,245.0,241.06,243.37,476876.23,1960.74,0,233.05,237.07818840729894,251.34908827179433,214.7509117282057,233.05,74.19202642132575,-0.5394580898279377,-0.005409184192593167,25.720031557814682
2015-06-22,1434931200,BTC/USD,243.37,247.99,242.64,247.09,1222121.12,4980.1,0,234.16549999999998,238.03169427327046,253.05248184353093,215.27851815646903,234.16549999999998,73.225648556045,1.5285367958252971,0.015169723676085758,24.104301761902448
2015-06-23,1435017600,BTC/USD,247.09,247.25,242.14,243.78,1240089.41,5073.39,0,235.09900000000002,238.5791519615304,253.9469733937791,216.25102660622093,235.09900000000002,66.69782659499882,-1.3395928609008845,-0.013486463502395287,24.916641563767016
2015-06-24,1435104000,BTC/USD,243.78,244.14,238.2,240.69,1592022.64,6597.99,0,236.01500000000001,238.7801851080513,254.0200852465856,218.00991475341442,236.01500000000001,65.01138952164008,-1.2675363032242148,-0.01275638079401603,25.5676971726666
2015-06-25,1435190400,BTC/USD,240.69,242.9,239.18,241.65,1245520.61,5160.95,0,236.873,239.05350081204642,254.18787963695033,219.55812036304965,236.873,64.57564575645756,0.39885329677178394,0.003980599857418792,24.943846359177837
2015-06-26,1435276800,BTC/USD,241.65,243.44,240.0,243.2,1242790.18,5140.84,0,237.815,239.44840549661345,254.29326319412056,221.33673680587944,237.815,65.3351387948544,0.6414235464514695,0.006393751800918767,24.88036900898272
2015-06-27,1435363200,BTC/USD,243.2,252.0,242.36,251.17,1759788.81,7113.62,0,239.23050000000003,240.5647478302693,255.1540918653647,223.30690813463536,239.23050000000003,69.51171099642714,3.2771381578947434,0.032245850618497045,26.683454356254906
2015-06-28,1435449600,BTC/USD,251.17,251.4,247.04,248.9,1462975.04,5867.88,0,240.26999999999998,241.35858137024366,255.84755605451474,224.69244394548522,240.26999999999998,66.34853979767132,-0.9037703547398079,-0.009078791336962502,26.830947837614904
2015-06-29,1435536000,BTC/USD,248.9,256.94,248.15,256.38,3891883.52,15337.97,0,241.6145,242.7891926683157,257.90014944651296,225.32885055348706,241.6145,68.35965541995694,3.0052229811169173,0.029609509510442292,27.448633791659642
2015-06-30,1435622400,BTC/USD,256.38,268.0,255.0,264.13,5235444.48,19956.78,0,243.44549999999998,244.8216505094285,261.220502524242,225.6704974757579,243.44549999999998,65.18562401263823,3.0228566970902593,0.02978068730372117,28.703857935741457
2015-07-01,1435708800,BTC/USD,264.13,265.25,253.81,257.07,3446154.53,13366.47,0,244.8485,245.98815998472102,262.2517123773917,227.44528762260828,244.8485,60.31427005298739,-2.6729262105781304,-0.027092984838572656,30.593921989417062
2015-07-02,1435795200,BTC/USD,257.07,260.77,253.19,254.69,2489354.9,9722.57,0,246.10249999999996,246.81690665284285,262.46570631944115,229.73929368055877,246.10249999999996,56.021897810218974,-0.9258178706188946,-0.009301302011211142,31.035513291093082
2015-07-03,1435881600,BTC/USD,254.69,256.44,252.4,255.86,2204571.62,8654.59,0,247.32,247.6781536382864,262.70595121325977,231.93404878674022,247.32,62.12475633528268,0.45938199379638167,0.004583300550962967,31.023470541343013
2015-07-04,1435968000,BTC/USD,255.86,261.28,254.05,260.74,2019244.25,7843.22,0,248.7685,248.92213900606865,263.42805018337583,234.10894981662415,248.7685,64.61482425787653,1.9072930508871933,0.018893322345743695,31.37446954395508
2015-07-05,1436054400,BTC/USD,260.74,274.74,258.75,270.33,5564645.13,20910.74,0,250.48899999999998,250.9609829102526,266.78493672312754,234.19306327687244,250.48899999999998,71.33586578031023,3.677993403390345,0.03611969268042289,33.03481542495095
2015-07-06,1436140800,BTC/USD,270.33,278.54,267.13,269.47,5551215.57,20312.49,0,251.525,252.7237464426095,269.86211622853807,233.18788377146194,251.525,68.5510610079576,-0.3181296933377542,-0.003186368016403393,32.9988344375679
2015-07-07,1436227200,BTC/USD,269.47,271.69,264.01,266.18,3633491.82,13614.5,0,252.54500000000002,254.00529440045622,271.783900833029,233.30609916697102,252.54500000000002,68.57379767827533,-1.2209151296990517,-0.012284295240242129,28.864390564368207
2015-07-08,1436313600,BTC/USD,266.18,273.0,263.01,269.39,3865656.2,14420.88,0,253.60999999999999,255.47050445755565,274.12631032797196,233.093689672028,253.60999999999999,73.75041377027478,1.2059508603200708,0.01198737210403671,28.46261575893665
2015-07-09,1436400000,BTC/USD,269.39,271.98,265.92,269.65,3759916.62,13965.07,0,254.9215,256.8209326044551,276.03976375937407,233.80323624062595,254.9215,73.44273275284664,0.09651434722892649,0.0009646780207891235,28.425758317793985
2015-07-10,1436486400,BTC/USD,269.65,294.71,268.63,286.61,8298807.96,29175.43,0,257.01750000000004,259.65798664212605,281.85390441389404,232.18109558610607,257.01750000000004,78.88992413150544,6.289634711663283,0.060997584837440215,33.360599372185696
2015-07-11,1436572800,BTC/USD,286.61,298.05,283.88,292.02,3354503.61,11468.25,0,259.45,262.7400831523998,287.9219725528913,230.97802744710864,259.45,78.14523907950948,1.8875824290847998,0.01869988645274166,33.556409607952
2015-07-12,1436659200,BTC/USD,292.02,317.99,291.64,310.24,6896100.33,22483.42,0,262.6075,267.2638847569331,298.3788827845075,226.83611721549255,262.6075,84.64753727971082,6.239298678172744,0.06052389842092389,37.65516355185817
2015-07-13,1436745600,BTC/USD,310.24,310.73,281.0,292.0,8674485.99,29753.17,0,265.0185,269.6197052562728,301.9287668786423,228.10823312135773,265.0185,67.93916196615633,-5.87931923671996,-0.06059238922605994,45.141832191993984
2015-07-14,1436832000,BTC/USD,292.0,297.13,286.02,287.96,3007819.74,10331.15,0,267.382,271.36639999377064,303.78315938003203,230.980840619968,267.382,62.46730145443129,-1.383561643835618,-0.013932220667179605,45.16876250744261
2015-07-15,1436918400,BTC/USD,287.96,293.7,285.4,285.55,2654830.77,9139.09,0,269.57699999999994,272.71721904198296,304.7174424978874,234.4365575021125,269.57699999999994,65.66212054553455,-0.8369217946937013,-0.008404436490230172,44.942206932283945
2015-07-16,1437004800,BTC/USD,285.55,292.4,274.92,277.23,6000087.33,21306.73,0,271.2785,273.14700770465123,304.2711979321497,238.28580206785037,271.2785,61.63534998967583,-2.913675363333912,-0.02956965854281312,46.79775137284308
2015-07-17,1437091200,BTC/USD,278.27,280.73,272.31,279.43,3263317.61,11791.54,0,272.6915,273.74538792325586,304.45584563601426,240.92715436398578,272.6915,62.03902339360507,0.793564910002531,0.007904327432759624,46.8000787698717
2015-07-18,1437177600,BTC/USD,279.43,283.0,276.73,276.73,2631336.95,9438.44,0,274.08299999999997,274.0296366924696,303.83344774541376,244.33255225458615,274.08299999999997,58.353359105631604,-0.966252728769279,-0.009709512412826197,46.15696291321776
2015-07-19,1437264000,BTC/USD,276.73,278.1,275.12,275.5,1359445.35,4922.56,0,275.039,274.16967129318675,303.59920927241564,246.47879072758434,275.039,52.95935890097311,-0.4444765656054672,-0.0044546729950229605,46.01167460820531
2015-07-20,1437350400,BTC/USD,275.5,279.16,274.62,277.73,2471553.26,8914.57,0,275.719,274.5087502176452,303.8296594504079,247.60834054959207,275.719,54.65509467989179,0.809437386569889,0.008061790133407347,45.14714674759523
2015-07-21,1437436800,BTC/USD,277.73,281.07,276.28,276.48,2465410.35,8831.73,0,276.6895,274.69648829215515,303.3943195728977,249.98468042710232,276.6895,55.941393631748966,-0.45007741331508644,-0.004510933110685528,44.21470943579069
2015-07-22,1437523200,BTC/USD,276.48,277.93,275.0,277.93,2321796.93,8397.47,0,277.85150000000004,275.00444178814035,302.46645503914067,253.23654496085942,277.85150000000004,55.028261893546876,0.5244502314814881,0.005230797807214994,42.91743349836193
2015-07-23,1437609600,BTC/USD,277.93,278.55,275.79,276.67,1824262.52,6582.58,0,278.892,275.16306637974606,301.24855147119473,256.53544852880526,278.892,54.08519553072628,-0.45335156334328497,-0.0045438231801795915,42.767005402759104
2015-07-24,1437696000,BTC/USD,276.67,290.02,275.9,289.96,3848904.21,13542.88,0,280.353,276.5722981531036,301.50128956627265,259.20471043372737,280.353,52.03647416413372,4.8035565836556104,0.04691752218995083,45.287111924113766
2015-07-25,1437782400,BTC/USD,289.96,292.0,286.5,289.34,1999546.59,6912.1,0,281.30350000000004,277.78826975756994,302.26298399826806,260.34401600173203,281.30350000000004,48.27007487735605,-0.21382259622017008,-0.0021405152312328752,45.1159371677139
2015-07-26,1437868800,BTC/USD,289.34,294.0,287.41,292.84,1589174.72,5451.14,0,282.472,279.2217678758966,303.25876765333305,261.6852323466669,282.472,36.13324832642648,1.2096495472454505,0.012023917576997726,43.77089421714124
2015-07-27,1437955200,BTC/USD,292.84,297.44,286.43,294.27,4226344.3,14479.23,0,283.87649999999996,280.65493284009693,303.8065738372406,263.94642616275934,283.87649999999996,52.47115175266708,0.48832126758640015,0.004871328465892085,43.69758083822475
2015-07-28,1438041600,BTC/USD,294.27,297.0,292.19,293.84,2643989.23,8973.72,0,285.09900000000005,281.91065352199246,304.27277474298444,265.92522525701565,285.09900000000005,56.94706994328923,-0.1461243076086638,-0.001462311732922145,43.34279785940423
2015-07-29,1438128000,BTC/USD,293.84,294.67,287.27,289.63,2965535.82,10200.93,0,286.098,282.6458293770408,303.91672533689064,268.2792746631094,286.098,54.623753399818675,-1.4327525183773449,-0.014431155204823258,43.747992648612424
2015-07-30,1438214400,BTC/USD,289.63,290.23,284.53,287.73,2298107.6,7987.07,0,286.154,283.1300361030369,303.9865349026043,268.3214650973957,286.154,63.92572944297085,-0.6560093912923337,-0.006581705898619067,43.87990866903439
2015-07-31,1438300800,BTC/USD,287.73,289.0,281.8,284.39,2218539.42,7806.41,0,285.7725,283.2500326646524,303.4019465089093,268.14305349109065,285.7725,56.38516992790935,-1.1608104820491572,-0.011676004841094908,38.71333715193275
2015-08-01,1438387200,BTC/USD,284.39,285.16,276.66,280.77,1992579.09,7104.93,0,284.299,283.0138390775426,297.7485547177307,270.84944528226924,284.299,55.080482897384265,-1.2728998909947609,-0.01281070672959989,38.294159946124765
2015-08-02,1438473600,BTC/USD,280.77,282.9,276.57,281.5,1258557.7,4504.34,0,283.774,282.86966392730045,296.7699222754464,270.7780777245536,283.774,57.641365257259295,0.259999287673196,0.0025966187424703814,30.956320684625187
2015-08-03,1438560000,BTC/USD,281.5,285.8,279.52,282.72,1753353.95,6191.27,0,283.512,282.8554102199385,296.3630652435783,270.6609347564217,283.512,56.522875816993476,0.43339253996448335,0.004324560991641267,23.41994136879444
2015-08-04,1438646400,BTC/USD,282.72,285.88,280.26,284.65,1798604.43,6341.12,0,283.467,283.0263235323253,296.294298357716,270.63970164228397,283.467,60.49319291035187,0.6826542161856075,0.006803346825704444,23.137085003898342
2015-08-05,1438732800,BTC/USD,284.65,285.86,280.63,281.99,1770641.93,6265.79,0,283.70500000000004,282.92762605305626,296.2178271028267,271.1921728971734,283.70500000000004,55.0572994519183,-0.9344809415070987,-0.009388746080640822,23.181654285377213
2015-08-06,1438819200,BTC/USD,281.99,281.99,281.99,281.99,0.0,0.0,0,283.83299999999997,282.8383283337175,296.21337003103025,271.4526299689697,283.83299999999997,56.84156378600823,0.0,0.0,20.650049895489115
2015-08-07,1438905600,BTC/USD,281.99,281.99,277.43,279.01,1158954.0,4153.05,0,283.947,282.47372563526824,296.09172569081875,271.80227430918126,283.947,30.836541827091366,-1.056775062945503,-0.01062398584349723,20.84464285485114
2015-08-08,1438992000,BTC/USD,279.01,279.97,260.41,261.71,2760954.37,10196.43,0,283.2575,280.4962279557189,298.5732804756701,267.94171952432987,283.2575,19.469613259668506,-6.2004946059281085,-0.0640106029741228,30.33505810585055
2015-08-09,1439078400,BTC/USD,261.71,268.95,261.01,265.36,2374804.25,8992.5,0,282.639,279.0546824361266,299.7844384297206,265.49356157027944,282.639,19.735682819383328,1.3946734935615934,0.013850374139967125,30.85667033532864
2015-08-10,1439164800,BTC/USD,265.36,266.79,261.6,264.33,2579884.33,9762.3,0,282.0315,277.6523317279241,300.8729093505704,263.1900906494296,282.0315,16.733333333333363,-0.38815194452820334,-0.0038890720920490437,30.653155287865452
2015-08-11,1439251200,BTC/USD,264.33,270.87,263.64,270.0,2211924.7,8309.4,0,281.635,276.92353823002657,301.16114603415997,262.10885396584,281.635,26.273885350318523,2.1450459652706977,0.0212236364516268,31.703397693904588
2015-08-12,1439337600,BTC/USD,270.0,271.5,265.71,268.51,2402394.96,8958.14,0,281.227,276.12224887478595,301.5160658652433,260.93793413475663,281.227,27.77777777777783,-0.5518518518518589,-0.005533801795135584,31.650553787365993
2015-08-13,1439424000,BTC/USD,268.51,269.37,262.32,264.65,2920632.41,11012.75,0,279.9615,275.02965374385394,301.0967599127364,258.8262400872636,279.9615,26.677445432498004,-1.4375628468213497,-0.014479958899242707,31.951068330337772
2015-08-14,1439510400,BTC/USD,264.65,266.99,262.0,265.71,2139186.76,8078.55,0,278.78,274.1420676730107,300.3453298753243,257.21467012467565,278.78,30.211864406779696,0.4005290005667961,0.0039972901856048584,26.675763884048077
2015-08-15,1439596800,BTC/USD,265.71,266.5,260.45,261.03,1408972.75,5325.65,0,277.1895,272.89329932320015,299.07838925074907,255.30061074925095,277.1895,29.54828014919191,-1.761318730947281,-0.01777014524355866,27.07324809687449
2015-08-16,1439683200,BTC/USD,261.03,262.2,254.01,256.09,2520197.88,9784.83,0,275.28049999999996,271.292985101943,297.5534304431701,253.00756955682982,275.28049999999996,25.7861635220126,-1.8925027774585268,-0.01910639805009583,26.766805110334868
2015-08-17,1439769600,BTC/USD,256.09,259.12,254.63,256.66,2195673.39,8544.68,0,273.4215,269.8993674731865,295.37622209127784,251.46677790872212,273.4215,24.855268236202292,0.22257799992191352,0.0022233066203681895,26.641913181445215
2015-08-18,1439856000,BTC/USD,256.66,256.99,245.05,246.0,2922457.54,11560.09,0,271.23999999999995,267.6232372376449,295.00902451334025,247.47097548665965,271.23999999999995,18.084227910817617,-4.1533546325878685,-0.042420715883952256,29.30844944017957
2015-08-19,1439942400,BTC/USD,246.0,246.0,221.11,227.1,6613615.77,28563.8,0,268.2085,263.76388131025016,297.8598447107864,238.55715528921365,268.2085,14.259669227764135,-7.6829268292682995,-0.07994108682085009,38.37332008150161
2015-08-20,1440028800,BTC/USD,227.1,236.66,226.01,235.95,3735462.71,16008.51,0,265.7865,261.1149402330835,297.69973386605403,233.87326613394592,265.7865,23.12003736571701,3.89696169088507,0.03822946906088372,42.0706269606686
2015-08-21,1440115200,BTC/USD,235.95,236.66,231.77,233.27,2347247.27,10039.9,0,263.41150000000005,258.463041163266,297.6172669960705,229.2057330039296,263.41150000000005,23.201312397469025,-1.1358338631065834,-0.011423337211931787,42.069031785927145
2015-08-22,1440201600,BTC/USD,233.27,235.2,223.01,230.47,3667961.32,16002.99,0,260.86,255.79703724295493,296.94588993819565,224.77411006180438,260.86,27.950310559006283,-1.2003258027178831,-0.012075878838065468,42.06237346995718
2015-08-23,1440288000,BTC/USD,230.47,234.03,227.13,228.47,1725083.07,7473.26,0,258.1475,253.1944622674354,295.4499869355776,220.84501306442235,258.1475,23.341523341523384,-0.8677919035015358,-0.008715791436007696,41.83776516545912
2015-08-24,1440374400,BTC/USD,228.47,228.99,207.73,211.79,8106706.15,37272.75,0,254.5045,249.25118014672728,295.0032721581258,214.0057278418742,254.5045,19.035832154644083,-7.30073970324332,-0.07580969298688148,47.253933907438864
2015-08-25,1440460800,BTC/USD,211.79,228.04,198.12,221.64,9040638.86,42103.77,0,251.487,246.62154394227707,292.3545179728737,210.61948202712628,251.487,22.837564592226485,4.650833372680485,0.04545922629963883,51.11277050000419
2015-08-26,1440547200,BTC/USD,221.64,231.09,219.77,225.17,5543744.64,24502.89,0,248.64600000000002,244.5785397572983,288.4718246817181,208.82017531828194,248.64600000000002,26.20250384361961,1.592672802743178,0.01580122847241971,52.0066637996901
2015-08-27,1440633600,BTC/USD,225.17,228.89,223.17,223.8,3267192.5,14442.78,0,245.88549999999995,242.5996312089842,284.4843859806519,207.286614019348,245.88549999999995,26.939144179744872,-0.608429186836601,-0.006102876593743732,51.891073972022724
2015-08-28,1440720000,BTC/USD,223.8,235.93,220.29,232.09,5200095.43,22724.23,0,244.4045,241.5987139509857,282.71881035389697,206.09018964610306,244.4045,32.45302713987476,3.7042001787310097,0.036372431597178415,54.42649470721599
2015-08-29,1440806400,BTC/USD,232.09,233.9,226.67,229.23,3546302.36,15403.85,0,242.598,240.420741193749,280.15160777398233,205.0443922260177,242.598,33.081506703553956,-1.2322805808091752,-0.012399361147418317,50.630022470041546
2015-08-30,1440892800,BTC/USD,229.23,232.75,225.04,228.43,3604475.76,15797.35,0,240.80299999999997,239.27876584196338,277.4027147529868,204.20328524701316,240.80299999999997,34.605966162065926,-0.34899445971294796,-0.0034960486598067273,50.113668065570515
2015-08-31,1440979200,BTC/USD,228.43,232.49,224.39,229.84,3483770.74,15220.01,0,238.795,238.37983576177638,272.97684220960167,204.6131577903983,238.795,35.21173356859285,0.6172569277240303,0.006153597003255869,50.315998575216334
2015-09-01,1441065600,BTC/USD,229.84,231.67,226.17,227.65,5435475.61,23816.39,0,236.752,237.3579466416072,268.23347298098736,205.2705270190127,236.752,38.839557231480356,-0.9528367560041717,-0.00957405289024297,49.28621208045684
2015-09-02,1441152000,BTC/USD,227.65,230.77,226.0,228.77,4931694.75,21569.59,0,234.958,236.54004696145415,263.71721864102204,206.19878135897795,234.958,51.2959801334782,0.4919833077092095,0.004907770246900957,49.48768004704389
2015-09-03,1441238400,BTC/USD,228.77,229.96,226.5,226.79,4489055.76,19714.63,0,233.012,235.61147106036327,258.0340219638202,207.98997803617982,233.012,42.04308547602501,-0.8654980985269178,-0.008692652856921536,49.42727528776723
2015-09-04,1441324800,BTC/USD,226.79,231.4,226.33,231.09,4791065.22,20890.72,0,231.51500000000001,235.1808547689001,252.7794902917617,210.25050970823833,231.51500000000001,48.15816154106117,1.8960271616914381,0.018782765862213602,50.11560715841509
2015-09-05,1441411200,BTC/USD,231.09,237.22,229.23,235.45,4675054.57,20028.27,0,230.483,235.20648764805247,248.4777432090014,212.4882567909986,230.483,54.09944023707605,1.8867108053139514,0.018691331656579505,50.68440596057404
2015-09-06,1441497600,BTC/USD,235.45,244.2,235.02,240.45,6136017.84,25523.35,0,229.67249999999999,235.70586977680938,243.7330365997778,215.61196340022218,229.67249999999999,59.397552557263886,2.123593119558298,0.021013591034108117,51.17173599348463
2015-09-07,1441584000,BTC/USD,240.45,242.91,238.44,240.12,5569212.84,23160.77,0,229.37850000000003,236.12626313139896,242.19216914049653,216.56483085950353,229.37850000000003,79.89027220932691,-0.13724266999375345,-0.0013733693400292174,51.14062926288141
2015-09-08,1441670400,BTC/USD,240.12,246.24,239.89,244.04,5778734.49,23713.93,0,230.2255,236.87995235698,244.55488016068665,215.89611983931337,230.2255,77.01398938736135,1.632517074795925,0.01619334790000924,49.4763101186558
2015-09-09,1441756800,BTC/USD,244.04,244.22,237.01,237.96,5582113.93,23263.18,0,230.32600000000002,236.98281403726762,244.85128452479753,215.8007154752025,230.32600000000002,64.53078845716888,-2.491394853302731,-0.02522955396394671,41.35440895900394
2015-09-10,1441843200,BTC/USD,237.96,241.65,234.78,238.5,4912126.42,20541.17,0,230.5875,237.12730793848024,245.51859066414974,215.65640933585027,230.5875,67.02176933765632,0.22692889561271024,0.00226671800869101,39.23117827231814
2015-09-11,1441929600,BTC/USD,238.5,240.94,237.5,239.94,3310863.21,13813.07,0,231.061,237.3951833729107,246.5660034708666,215.5559965291334,231.061,60.803743462703004,0.6037735849056647,0.006019581758386129,39.02734158192723
2015-09-12,1442016000,BTC/USD,239.94,240.0,233.02,235.61,2953565.27,12452.61,0,231.41799999999998,237.22516590882398,247.00041600077017,215.83558399922978,231.41799999999998,58.43915343915349,-1.8046178211219455,-0.018210996388374544,39.34965840600846
2015-09-13,1442102400,BTC/USD,235.61,236.09,228.0,230.17,4316617.77,18652.71,0,232.337,236.55324534607882,244.9257453494655,219.74825465053448,232.337,52.049952874646536,-2.308900301345451,-0.023359729362804855,40.126907445295494
2015-09-14,1442188800,BTC/USD,230.17,232.92,223.99,229.51,4038784.07,17592.99,0,232.73049999999998,235.88246007502372,244.36739861920645,221.0936013807935,232.73049999999998,49.60422163588389,-0.286744580092968,-0.0028715647995282106,29.131830495357562
2015-09-15,1442275200,BTC/USD,229.51,231.21,226.5,229.3,3761713.94,16362.58,0,232.93699999999998,235.25555911549765,244.1477750800175,221.72622491998246,232.93699999999998,52.07756232686981,-0.09149928107706762,-0.0009154116722155225,24.90374447404184
2015-09-16,1442361600,BTC/USD,229.3,230.0,223.0,227.85,3425654.89,15080.6,0,233.1395,234.55026777116453,243.78755092122768,222.49144907877232,233.1395,48.85114885114883,-0.6323593545573547,-0.006343672153967265,24.492734264783998
2015-09-17,1442448000,BTC/USD,227.85,235.0,227.0,232.44,3367136.42,14590.39,0,233.157,234.3492898881965,243.79893710107154,222.51506289892848,233.157,56.62368112543964,2.014483212639906,0.019944609497013377,25.249817032766053
2015-09-18,1442534400,BTC/USD,232.44,234.4,230.83,232.82,4504783.52,19329.16,0,233.33649999999997,234.2036432321778,243.8194611626127,222.85353883738725,233.33649999999997,52.23341079266718,0.16348304938909042,0.0016334956131901107,21.90313175377528
2015-09-19,1442620800,BTC/USD,232.82,233.76,229.98,230.23,2603719.84,11239.65,0,233.42650000000003,233.82520101958946,243.76196632767636,223.0910336723237,233.42650000000003,42.93831168831168,-1.1124473842453408,-0.011186813563816025,21.819467115278474
2015-09-20,1442707200,BTC/USD,230.23,231.7,229.01,230.29,3032926.37,13163.49,0,233.449,233.4885152082,243.75350468688865,223.14449531311138,233.449,34.134915677701414,0.026060895626112135,0.00026057500364585524,21.777896635726464
2015-09-21,1442793600,BTC/USD,230.29,230.34,225.0,225.93,3174904.24,13979.61,0,233.36299999999997,232.76865661694285,243.89742896811282,222.82857103188712,233.36299999999997,30.319001386962526,-1.8932650136784024,-0.019114167478554697,22.675273200154063
2015-09-22,1442880000,BTC/USD,226.15,231.96,223.12,229.59,4313428.34,18901.15,0,233.404,232.46592741532925,243.86931795981397,222.93868204018602,233.404,29.81279687063426,1.6199707874120284,0.016069892708569348,23.162282682700774
2015-09-23,1442966400,BTC/USD,230.08,231.5,228.0,229.41,3115694.32,13541.0,0,233.535,232.17488670910743,243.7133826654442,223.3566173345558,233.535,35.69755771160921,-0.07840062720502194,-0.0007843137656959958,23.106691791934796
2015-09-24,1443052800,BTC/USD,229.42,235.52,228.89,233.19,5551743.34,23959.71,0,233.64000000000001,232.2715641653829,243.75531408051046,223.52468591948957,233.64000000000001,41.98611530335044,1.64770498234601,0.01634277618599445,23.5255461484733
2015-09-25,1443139200,BTC/USD,233.88,237.25,232.56,235.13,5285210.99,22472.07,0,233.62400000000002,232.54379614963216,243.728265696386,223.51973430361406,233.62400000000002,42.848647041332136,0.8319396200523244,0.008284980769276761,22.81431024332551
2015-09-26,1443225600,BTC/USD,235.14,235.67,233.0,233.89,3523048.07,15034.03,0,233.296,232.67200604014337,242.87977664268354,223.71222335731645,233.296,47.18402095612308,-0.5273678390677494,-0.005287633316712077,21.94385086307779
2015-09-27,1443312000,BTC/USD,233.81,234.61,231.16,231.91,4019534.29,17283.89,0,232.88549999999995,232.5994340363202,241.92652340504276,223.84447659495714,232.88549999999995,53.212703101920255,-0.8465517978536896,-0.00850155399568478,20.674141604410597
2015-09-28,1443398400,BTC/USD,232.4,239.68,231.69,239.0,4157771.7,17516.84,0,232.63349999999997,233.20901174714683,240.58015974184354,224.6868402581564,232.63349999999997,64.1599522530588,3.057220473459532,0.03011418656439287,23.434220967935424
2015-09-29,1443484800,BTC/USD,239.14,240.56,235.09,236.71,4647432.49,19556.79,0,232.57099999999997,233.54243919979953,240.35935541048335,224.7826445895166,232.57099999999997,60.41022759202022,-0.9581589958158943,-0.009627788733211165,22.855040547379897
2015-09-30,1443571200,BTC/USD,236.78,238.27,234.67,236.65,4868955.65,20602.4,0,232.4785,233.8383973712472,240.01007361064987,224.94692638935012,232.4785,62.86549707602341,-0.025347471589709514,-0.0002535068460424624,21.155507036942232
2015-10-01,1443657600,BTC/USD,236.19,239.44,235.01,237.52,4755143.56,20053.8,0,232.3575,234.1890261930332,239.449256148033,225.265743851967,232.3575,58.33333333333336,0.367631523346712,0.003669574103247346,21.182207132682304
2015-10-02,1443744000,BTC/USD,237.15,239.06,235.0,237.69,4011577.62,16889.46,0,232.46150000000003,234.52245226988717,239.81043125061885,225.1125687493812,232.46150000000003,58.04426825239512,0.07157292017514472,0.0007154731897558849,21.065466208633275
2015-10-03,1443830400,BTC/USD,237.77,239.86,236.3,238.77,4243470.37,17807.25,0,232.8915,234.92698062513603,240.66974841600333,225.11325158399669,232.8915,64.84700973574414,0.45437334343052527,0.0045334418406075,20.100356949304306
2015-10-04,1443916800,BTC/USD,239.06,239.98,237.62,238.4,3568930.36,14937.72,0,233.336,235.25774437512308,241.31410002444224,225.35789997555779,233.336,63.94908840729276,-0.15496084097667007,-0.0015508102946729526,18.14474104225942
2015-10-05,1444003200,BTC/USD,238.6,240.57,236.1,240.53,4783286.22,20080.15,0,233.89749999999998,235.7598639584447,242.25146628144878,225.54353371855117,233.89749999999998,77.19821162444111,0.8934563758389302,0.00889488669995891,18.23102931554491
2015-10-06,1444089600,BTC/USD,240.85,248.19,239.52,246.93,6479338.48,26660.11,0,234.85150000000004,236.82368643859283,244.54759856428993,225.15540143571016,234.85150000000004,79.3103448275862,2.6607907537521402,0.02626007376150883,19.985708529536655
2015-10-07,1444176000,BTC/USD,246.79,247.65,242.3,243.47,5814066.37,23728.8,0,235.40299999999996,237.4566686825364,245.75418320213745,225.05181679786247,235.40299999999996,71.39379184418746,-1.4012068197464922,-0.014111164005587016,20.639529407083142
2015-10-08,1444262400,BTC/USD,243.47,244.76,242.06,243.41,3359588.79,13785.97,0,235.93250000000003,238.02365261753295,246.798002870626,225.06699712937407,235.93250000000003,67.53603294440632,-0.024643693268167066,-0.0002464673032522881,19.735654499231995
2015-10-09,1444348800,BTC/USD,243.29,244.95,242.16,244.49,3428059.53,14078.43,0,236.6455,238.63949522538695,247.80299354045366,225.48800645954634,236.6455,66.54879773691655,0.44369582186434275,0.00442714393918316,19.74934483007692
2015-10-10,1444435200,BTC/USD,244.49,246.43,243.0,245.72,4231167.2,17279.47,0,237.417,239.31382901344534,248.8544805838202,225.9795194161798,237.417,70.92324018394059,0.5030880608613897,0.005018268012720457,19.14040120107644
2015-10-11,1444521600,BTC/USD,245.71,248.5,244.53,247.83,4682787.16,18945.03,0,238.51200000000003,240.12489291692674,249.5036209235179,227.52037907648216,238.51200000000003,78.02816901408451,0.858700960442782,0.008550350946796967,19.200739549664277
2015-10-12,1444608000,BTC/USD,248.05,248.47,245.01,245.48,2593320.33,10507.17,0,239.3065,240.63490311531467,249.87159700555756,228.74140299444244,239.3065,63.69399830938288,-0.9482306419723252,-0.009527549721627416,18.029862486298565
2015-10-13,1444694400,BTC/USD,245.81,250.89,242.82,248.69,6351641.49,25785.95,0,240.27050000000003,241.4020551995704,250.54796123678815,229.9930387632119,240.27050000000003,74.36940602115533,1.307642170441592,0.012991663392802073,17.799239311408993
2015-10-14,1444780800,BTC/USD,249.97,255.93,248.06,252.46,6737959.74,26881.16,0,241.234,242.45519279961132,252.29943485006578,230.16856514993424,241.234,77.94273594909855,1.5159435441714608,0.015045679411017369,18.126630338888592
2015-10-15,1444867200,BTC/USD,252.47,256.5,250.3,254.44,5578740.83,21895.64,0,242.1995,243.59660300917216,254.33994215790636,230.05905784209364,242.1995,78.77551020408156,0.7842826586389906,0.007812231485887879,17.662839770959877
2015-10-16,1444953600,BTC/USD,254.49,267.0,253.69,262.5,8783403.13,33657.67,0,243.63000000000002,245.39692653210815,258.1557665800066,229.10423341999342,243.63000000000002,83.26629123089293,3.167740921238793,0.031186030221074895,19.968906374937085
2015-10-17,1445040000,BTC/USD,263.09,273.0,260.8,268.99,6740958.58,25102.03,0,245.484,247.6438859100026,262.89098516778745,228.07701483221257,245.484,85.38641686182663,2.4723809523809592,0.024423122157974073,20.635825382466138
2015-10-18,1445126400,BTC/USD,270.04,271.17,260.0,261.0,2553365.04,9651.58,0,246.584,248.91589677571665,265.0160594845529,228.15194051544708,246.584,72.45627980922094,-2.970370645748921,-0.03015379686695912,23.765796427686706
2015-10-19,1445212800,BTC/USD,260.99,266.01,259.82,264.43,4289133.96,16353.66,0,247.97000000000003,250.39343041612457,267.4167304788178,228.52326952118224,247.97000000000003,73.14994188299106,1.3141762452107297,0.013056158666040603,22.236678731196026
2015-10-20,1445299200,BTC/USD,264.28,272.95,262.67,270.23,7638164.61,28660.58,0,249.64899999999997,252.2826275193508,270.7118991856594,228.58610081434054,249.64899999999997,72.83418267346136,2.1933971183299983,0.021696882241621578,22.32062043128481
2015-10-21,1445385600,BTC/USD,270.3,272.69,264.0,267.8,5450048.68,20286.19,0,251.163,253.76047251750785,272.8973745203183,229.4286254796817,251.163,74.33486697339464,-0.8992339858639009,-0.00903301497328346,22.846736932480365
2015-10-22,1445472000,BTC/USD,267.9,280.04,267.39,275.3,7665954.22,28004.6,0,253.0435,255.811856087269,276.3228871098556,229.76411289014436,253.0435,77.76423472052932,2.800597460791643,0.027620978891489567,24.029585211002658
2015-10-23,1445558400,BTC/USD,275.12,280.19,273.46,277.71,5944078.44,21426.74,0,254.99050000000003,257.89739360276724,279.71233818323145,230.26866181676863,254.99050000000003,78.26752893124569,0.8754086451144172,0.008715991598667922,23.924318383215766
2015-10-24,1445644800,BTC/USD,278.6,283.0,278.22,282.59,5618365.29,20060.55,0,257.2,260.2490704025037,283.52550894194854,230.87449105805146,257.2,79.53853549110715,1.7572287638183637,0.017419680172933088,24.14453295660121
2015-10-25,1445731200,BTC/USD,283.03,296.0,282.2,288.27,8315290.02,28720.71,0,259.587,262.91773036417004,288.11364357551,231.06035642448995,259.587,80.64565019702935,2.0099791216957374,0.019900457037123353,24.216121300935537
2015-10-26,1445817600,BTC/USD,283.96,286.99,279.25,285.82,5898921.94,20790.45,0,261.5315,265.09889890091574,291.6811396242751,231.3818603757249,261.5315,80.52360774818402,-0.849897665383148,-0.008535298903637457,24.97073885543327
2015-10-27,1445904000,BTC/USD,286.9,300.0,286.15,295.17,9867602.57,33675.21,0,264.1165,267.9628132913047,296.52650513161865,231.7064948683813,264.1165,82.17945167543617,3.271289622839557,0.032189219492135164,25.58746081268651
2015-10-28,1445990400,BTC/USD,295.59,308.48,294.4,304.05,9258154.13,30679.48,0,267.14849999999996,271.3996882159423,302.6049368886958,231.6920631113041,267.14849999999996,83.3570412517781,3.008435816648025,0.02964070002033486,25.202273175749333
2015-10-29,1446076800,BTC/USD,304.77,319.6,301.7,313.73,9831879.91,31657.38,0,270.6105,275.43114648109065,310.0492586411877,231.1717413588123,270.6105,84.86416558861578,3.1836868936030216,0.03134058182815442,25.859207204349456
2015-10-30,1446163200,BTC/USD,314.95,334.05,313.5,328.78,12367475.77,38136.6,0,274.76349999999996,280.51198967336774,320.2027134267535,229.3242865732464,274.76349999999996,86.01391001956095,4.797118541420953,0.04685609068709101,28.33453184191901
2015-10-31,1446249600,BTC/USD,328.15,334.67,302.99,310.06,9115142.28,28649.04,0,277.875,283.32608589495175,324.0650670570719,231.68493294292813,277.875,69.69784172661872,-5.693776993734401,-0.058623006943148114,37.876215533373035
2015-11-01,1446336000,BTC/USD,309.3,329.85,303.01,328.98,4435611.06,14020.62,0,282.05,287.6740777144801,330.9277280030158,233.17227199698425,282.05,79.5103316548012,6.1020447655292465,0.059231131505795925,41.35928083715958
2015-11-02,1446422400,BTC/USD,325.78,369.02,320.0,361.98,15340060.07,44128.12,0,287.7145,294.750832217863,345.72010316855017,229.70889683144983,287.7145,83.69602763385149,10.031004924311503,0.09559200303671324,49.26370095773102
2015-11-03,1446508800,BTC/USD,361.73,420.77,360.4,398.21,29231893.79,75165.25,0,295.002,304.60408629235224,368.8244186744604,221.17958132553966,295.002,86.52814248201851,10.008840267418083,0.09539054264258261,55.92323679063603
2015-11-04,1446595200,BTC/USD,404.55,502.0,368.11,404.3,45952886.39,102836.94,0,302.495,314.0989352168901,388.413181520499,216.57681847950101,302.495,88.16260344441962,1.529343813565709,0.01517767232341719,55.921063053382184
2015-11-05,1446681600,BTC/USD,407.99,448.79,364.37,383.22,23867619.71,59345.77,0,308.531,320.6818937676625,399.4357457275439,217.6262542724561,308.531,78.04282299137306,-5.2139500371011565,-0.053547939845172324,61.683971553307316
2015-11-06,1446768000,BTC/USD,387.77,396.67,353.26,371.79,17456826.57,46753.83,0,313.671,325.5493324564565,406.76095556647533,220.58104443352465,313.671,73.35186656076253,-2.9826209488022615,-0.030280058056660314,63.85377285396103
2015-11-07,1446854400,BTC/USD,374.41,392.82,371.07,385.76,10058975.27,26232.37,0,319.909,331.28368174631777,414.8401118432172,224.97788815678283,319.909,74.50244620719138,3.7574975120363563,0.03688623568796829,64.1918373459609
2015-11-08,1446940800,BTC/USD,384.62,390.47,366.18,371.87,10355751.72,27164.76,0,325.281,335.1490453895256,419.14704047089737,231.41495952910265,325.281,69.10944500320016,-3.6006843633347163,-0.036671083601507885,64.8337047170468
2015-11-09,1447027200,BTC/USD,372.86,386.79,360.54,379.88,9477408.94,25175.75,0,330.7635,339.40913630480884,423.8969542810247,237.6300457189753,330.7635,70.96745430227375,2.1539785408879464,0.02131108254339873,64.83577089248926
2015-11-10,1447113600,BTC/USD,378.32,381.44,323.63,337.69,17008397.14,47566.89,0,334.258,339.24540903768417,422.56379038056775,245.95220961943224,334.258,58.26786964299603,-11.106138780667575,-0.11772709850340538,79.87596954147695
2015-11-11,1447200000,BTC/USD,336.66,341.41,294.0,303.0,15939271.77,50855.93,0,335.643,335.79346531980946,420.87054338580265,250.4154566141973,335.643,49.81445485068033,-10.272735348988714,-0.10839550936197716,89.75979579444015
2015-11-12,1447286400,BTC/USD,309.9,344.78,308.42,334.94,11886431.63,36439.1,0,338.5045,335.71218290839903,419.26826896786497,257.74073103213505,338.5045,53.474656793683046,10.541254125412536,0.10021860579696297,95.32577075514133
2015-11-13,1447372800,BTC/USD,337.17,342.0,325.0,333.51,8106822.27,24269.32,0,341.0505,335.50245120283716,417.4870670205999,264.6139329794001,341.0505,50.81107033848898,-0.42694213889055144,-0.004278561392698887,95.4426591052036
2015-11-14,1447459200,BTC/USD,336.28,356.1,325.45,331.61,8462312.91,25224.62,0,343.21750000000003,335.1317415644717,415.70928650389465,270.7257134961054,343.21750000000003,53.921461586053795,-0.5696980600281787,-0.005713270291760664,95.51332657037531
2015-11-15,1447545600,BTC/USD,333.02,334.99,314.6,317.0,8768484.87,27063.93,0,344.7765,333.40490903452206,413.3035679597326,276.2494320402674,344.7765,47.78525475116468,-4.405777871596161,-0.04505780574459207,97.09827554229109
2015-11-16,1447632000,BTC/USD,319.3,332.2,315.0,330.9,6507645.44,20088.97,0,346.563,333.1663462693295,411.4089327458872,281.71706725411275,346.563,43.81763208147676,4.384858044164042,0.0429144410502859,97.85911240264468
2015-11-17,1447718400,BTC/USD,330.95,350.44,329.0,335.44,9214462.2,27389.82,0,348.13250000000005,333.38288471986954,410.10163590863664,286.16336409136346,348.13250000000005,35.71265989893932,1.3720157147174339,0.013626887934940702,97.46693629060967
2015-11-18,1447804800,BTC/USD,336.0,337.89,330.28,337.06,8987857.94,26870.04,0,349.299,333.73308617512004,409.39134889559057,289.2066511044094,349.299,34.37732342007435,0.4829477700930118,0.004817853185366674,97.08978813489344
2015-11-19,1447891200,BTC/USD,334.53,336.48,324.94,324.95,8856879.85,26672.92,0,349.10749999999996,332.8966017774896,409.4988384779457,288.7161615220542,349.10749999999996,35.872569461281074,-3.5928321367115656,-0.036589631707516015,97.60986324753928
2015-11-20,1447977600,BTC/USD,326.51,327.73,310.0,321.5,6717727.46,21066.59,0,349.6795,331.81121113201436,408.7151065527623,290.64389344723776,349.6795,37.31651954602773,-1.0617018002769596,-0.010673780662683749,96.27984464241217
2015-11-21,1448064000,BTC/USD,322.05,328.94,318.52,324.99,1599948.43,4924.8,0,349.48,331.1615719765844,408.83622984196813,290.1237701580319,349.48,33.817968791606745,1.0855365474339074,0.010796868947911722,94.02774017014231
2015-11-22,1448150400,BTC/USD,326.5,326.6,320.13,323.11,1267230.48,3922.9,0,347.5365,330.3947555978621,407.7092384592402,287.36376154075975,347.5365,36.128812016385986,-0.5784793378257769,-0.005801590103853867,91.73185338343053
2015-11-23,1448236800,BTC/USD,324.24,326.09,320.39,323.01,1616552.53,4998.52,0,343.7765,329.6914455409228,399.8771543821477,287.6758456178523,343.7765,33.05927911826035,-0.030949212342556986,-0.00030954002599670167,84.77898417201185
2015-11-24,1448323200,BTC/USD,323.48,323.5,317.0,318.42,2728746.78,8504.75,0,339.4825,328.6179745370254,388.81634783396885,290.1486521660312,339.4825,42.60268714011517,-1.4210086375034736,-0.014312016427876587,76.45004621456634
2015-11-25,1448409600,BTC/USD,319.7,330.84,316.0,328.3,3953649.86,12219.77,0,336.73650000000004,328.5876912477849,381.74399564473083,291.72900435526924,336.73650000000004,61.99734446130501,3.102820174612142,0.030556558439688332,77.2856887482502
2015-11-26,1448496000,BTC/USD,328.9,369.7,328.53,356.39,12422273.47,35559.27,0,335.9665,331.2355301765673,378.929418784997,293.003581215003,335.9665,60.55714145093021,8.556198598842514,0.08209781233407229,81.78985557464954
2015-11-27,1448582400,BTC/USD,353.9,364.8,347.84,359.87,4695664.08,13114.65,0,334.67199999999997,333.9626225407037,372.58069618327335,296.7633038167266,334.67199999999997,62.717097645696654,0.9764583742529309,0.009717218281107286,81.30922384461584
2015-11-28,1448668800,BTC/USD,357.14,359.44,350.41,356.39,2208751.82,6228.08,0,333.898,336.09856325111286,369.14771883426414,298.6482811657359,333.898,61.7753278844326,-0.9670158668408035,-0.009717218281107227,80.127383217737
2015-11-29,1448755200,BTC/USD,356.78,373.15,354.45,371.04,2798580.83,7667.1,0,333.456,339.42631913195925,366.4260159794342,300.4859840205658,333.456,75.6697700931028,4.110665282415349,0.040284236665602324,80.57932849080146
2015-11-30,1448841600,BTC/USD,371.48,383.0,367.11,377.98,6688039.27,17776.96,0,335.4705,343.0980982622488,373.986798382017,296.954201617983,335.4705,73.9471007121058,1.8704182837429917,0.01853141065966988,80.49194311575847
2015-12-01,1448928000,BTC/USD,376.7,379.0,354.56,362.95,5610058.11,15389.67,0,338.468,344.9887555706061,375.65243171685154,301.2835682831485,338.468,62.64362533321076,-3.9764008677707907,-0.04057620043604187,70.06434916036865
2015-12-02,1449014400,BTC/USD,363.06,363.06,348.64,359.97,4282488.25,12043.46,0,339.7195,346.4155407543579,378.07052000976506,301.3684799902349,339.7195,60.39945528824331,-0.821049731367951,-0.008244389086442363,57.36072632504475
2015-12-03,1449100800,BTC/USD,359.11,370.53,356.21,361.32,4394915.48,12110.5,0,341.11,347.8350130634667,380.5152024350503,301.70479756494973,341.11,68.29660931683269,0.3750312526043631,0.0037432976372353505,46.58451459316758
2015-12-04,1449187200,BTC/USD,361.48,364.3,355.92,362.3,3573289.38,9924.22,0,342.6445,349.21263086694603,382.8736585662351,302.41534143376487,342.6445,71.0482872472142,0.2712277205801028,0.002708605619388851,46.498229347398905
2015-12-05,1449273600,BTC/USD,363.62,389.89,363.0,384.67,6173704.59,16356.43,0,346.028,352.58952316533214,388.49624329332414,303.5597567066759,346.028,75.76856649395509,6.174441070935699,0.059913225972623566,50.19177346900927
2015-12-06,1449360000,BTC/USD,388.0,399.85,383.0,394.6,5570564.08,14206.16,0,349.213,356.59052095911005,396.2166254368792,302.20937456312083,349.213,78.86152603956398,2.5814334364520297,0.02548676971486001,46.794737638115
2015-12-07,1449446400,BTC/USD,387.18,399.91,381.01,395.1,5800694.75,14778.37,0,352.196,360.25809039157576,402.9426862387135,301.44931376128653,352.196,79.01006036217305,0.12671059300557452,0.0012663038288300698,45.35340148427277
2015-12-08,1449532800,BTC/USD,394.96,409.0,388.33,409.0,3825649.71,9656.3,0,355.793,364.9001770209495,411.93408547128956,299.65191452871045,355.793,83.90985324947589,3.518096684383698,0.03457625862545668,46.22724532043312
2015-12-09,1449619200,BTC/USD,418.8,424.95,400.0,416.08,8641355.07,20835.19,0,360.3495,369.77444587609716,420.59312800111513,300.1058719988848,360.3495,83.56531049250535,1.731051344743273,0.01716239342201525,46.2694423641006
2015-12-10,1449705600,BTC/USD,416.98,419.79,408.91,416.28,3448586.43,8304.87,0,365.08849999999995,374.20354626884983,427.3425206353216,302.8344793646783,365.08849999999995,79.10955574997568,0.0480676792924406,0.00048056130484159013,43.246561502798265
2015-12-11,1449792000,BTC/USD,415.36,454.36,415.13,451.68,12399633.04,28322.47,0,371.423,381.582256148007,441.7554511759753,301.0905488240247,371.423,84.05668076266785,8.503891611415405,0.08161585373552065,48.680624615327886
2015-12-12,1449878400,BTC/USD,452.99,467.8,403.0,435.87,12814616.39,29628.96,0,377.06100000000004,386.7525174672444,449.1430205044219,304.9789794955782,377.06100000000004,77.01196302338228,-3.5002656748140293,-0.035629930753822064,51.88011758625808
2015-12-13,1449964800,BTC/USD,436.08,442.97,422.03,435.8,4885667.86,11227.18,0,382.70050000000003,391.42370627988777,454.62562816884764,310.7753718311524,382.70050000000003,74.43036064584277,-0.01605983435427616,-0.00016061124083761053,51.64539743569115
2015-12-14,1450051200,BTC/USD,432.89,448.12,428.42,442.37,5806064.93,13155.98,0,388.898,396.2757342532318,458.83496518256464,318.9610348174354,388.898,74.35878035862903,1.507572280862779,0.014963213463371773,51.37327133484393
2015-12-15,1450137600,BTC/USD,443.36,464.99,442.94,463.61,8006856.52,17598.64,0,395.6635,402.6885214672097,467.08136044489294,324.24563955510706,395.6635,86.3708628414511,4.801410583900356,0.04689704557831009,51.35235644038496
2015-12-16,1450224000,BTC/USD,464.5,465.0,436.89,455.1,10597761.52,23311.2,0,400.59900000000005,407.68009085128494,474.1989610697831,326.999038930217,400.59900000000005,83.05190744215135,-1.8355945730247347,-0.018526506529605063,52.625849371207586
2015-12-17,1450310400,BTC/USD,455.63,458.84,448.75,456.01,2979011.75,6551.59,0,405.40600000000006,412.2829393416388,480.3514753102119,330.4605246897882,405.40600000000006,82.99993029901722,0.19995605361458058,0.001997564075896044,46.863191884126685
2015-12-18,1450396800,BTC/USD,455.87,466.64,453.5,463.0,5902097.11,12837.8,0,410.7365,417.113135594816,486.1666785968838,335.30632140311616,410.7365,83.68343591115868,1.5328611214666443,0.015212314987741775,46.872001923427604
2015-12-19,1450483200,BTC/USD,462.99,465.9,452.03,460.96,3097007.27,6710.68,0,415.23249999999996,421.2890274429288,491.41571237233507,339.04928762766485,415.23249999999996,79.53542392566783,-0.44060475161987744,-0.004415782750015792,46.59769117400033
2015-12-20,1450569600,BTC/USD,461.8,462.0,433.83,441.48,7399332.35,16556.94,0,418.40749999999997,423.2119772102689,493.3362504022454,343.47874959775453,418.40749999999997,66.89978370583995,-4.225963207219707,-0.04317855243153496,49.16982250851879
2015-12-21,1450656000,BTC/USD,442.54,450.0,425.52,437.56,8188958.32,18774.32,0,422.13800000000003,424.57845557119566,492.74582738776877,351.5301726122313,422.13800000000003,64.93808049535603,-0.8879224426927679,-0.008918879653093318,49.36761056711557
2015-12-22,1450742400,BTC/USD,438.07,443.58,433.06,436.15,3490906.28,7980.12,0,425.947,425.680507421558,490.38344999859123,361.5105500014088,425.947,60.47211293682017,-0.3222415211628138,-0.0032276183723625403,46.444078839858186
2015-12-23,1450828800,BTC/USD,435.18,445.52,434.43,443.34,3048303.13,6926.87,0,430.04799999999994,427.3623638576001,487.1937411407552,372.9022588592447,430.04799999999994,60.50562663789116,1.6485154190072127,0.016350749149383607,46.09035344833398
2015-12-24,1450915200,BTC/USD,442.5,459.54,442.5,455.71,4589002.87,10117.43,0,434.71850000000006,430.06213872830483,483.1556433270389,386.28135667296124,434.71850000000006,63.892607990980196,2.7901836062615537,0.02751967226202938,46.423604405659006
2015-12-25,1451001600,BTC/USD,455.42,458.33,448.0,455.5,1299892.21,2866.07,0,438.26000000000005,432.484792182752,481.3521143109661,395.167885689034,438.26000000000005,51.789730134932526,-0.04608193807464911,-0.00046092559062762796,46.50828564488524
2015-12-26,1451088000,BTC/USD,455.51,457.45,407.25,417.42,11276027.93,26407.73,0,439.401,431.050050070109,478.6639231289708,400.1380768710292,439.401,42.848282812621136,-8.360043907793635,-0.08730280753640805,54.27204154119807
2015-12-27,1451174400,BTC/USD,417.11,425.42,410.5,423.29,2864576.24,6833.96,0,440.81049999999993,430.3109976824796,475.0841458368125,406.53685416318734,440.81049999999993,45.35944803026931,1.4062574864644795,0.013964614176829928,53.839391210600596
2015-12-28,1451260800,BTC/USD,421.57,429.86,417.01,420.7,3151306.04,7435.09,0,441.39549999999997,429.3956645698625,473.72740731346056,409.0635926865394,441.39549999999997,41.71699411359987,-0.6118736563585303,-0.0061375327439596875,53.93636145293377
2015-12-29,1451347200,BTC/USD,420.81,433.17,418.55,430.04,4321235.8,10134.54,0,442.09349999999995,429.45702984892324,472.6798810594793,411.50711894052057,442.09349999999995,35.88428223025818,2.220109341573573,0.02195823702055215,53.17705650771397
2015-12-30,1451433600,BTC/USD,431.7,434.97,420.75,427.05,3281609.6,7637.42,0,442.63199999999995,429.22778891093054,471.6435124880106,413.6204875119893,442.63199999999995,37.6311844077961,-0.6952841596130632,-0.006977125224871087,52.98919406882659
2015-12-31,1451520000,BTC/USD,426.09,433.89,419.99,430.57,2811931.1,6585.13,0,441.5765,429.355618538461,470.7376358344936,412.41536416550645,441.5765,39.0344827586207,0.8242594543964366,0.008208809883433914,53.04285334956567
2016-01-01,1451606400,BTC/USD,430.89,436.0,427.2,434.98,1617803.31,3735.62,0,441.532,429.89127391575045,470.73249141619465,412.3315085838053,441.532,37.64768118497621,1.0242237034628676,0.0101901407446246,44.560549472240915
2016-01-02,1451692800,BTC/USD,434.87,435.99,430.42,433.74,1260194.29,2908.35,0,441.429,430.25781925710754,470.7289859170057,412.1290140829943,441.429,37.9151127686024,-0.2850705779576135,-0.0028547767799539416,42.83789683048374
2016-01-03,1451779200,BTC/USD,433.2,434.09,424.06,430.85,1930486.92,4504.52,0,440.85299999999995,430.31421742309726,470.5256626623492,411.1803373376507,440.85299999999995,44.46527126939499,-0.6662977820814264,-0.0066852745544848996,42.896089322189
2016-01-04,1451865600,BTC/USD,430.79,435.86,428.44,433.97,2467176.88,5700.13,0,439.371,430.6623871923261,467.15886550769187,411.5831344923081,439.371,48.11508978263154,0.7241499361726911,0.0072154056014629,42.626293936575806
2016-01-05,1451952000,BTC/USD,434.17,435.39,429.5,431.89,1668756.45,3862.38,0,438.2105,430.7793026978189,465.15846035636673,411.2625396436333,438.2105,47.77893639207508,-0.47929580385741577,-0.004804481096386282,38.92121510939757
2016-01-06,1452038400,BTC/USD,432.45,432.67,426.54,431.84,2291148.77,5326.67,0,437.00200000000007,430.8803214885028,462.7291771929157,411.27482280708443,437.00200000000007,43.5218566922037,-0.011577021926878484,-0.00011577692115787738,38.53880657731331
2016-01-07,1452124800,BTC/USD,429.99,457.79,429.25,457.79,7127390.53,15940.74,0,436.7415,433.44314801340727,461.4454483526503,412.03755164734963,436.7415,51.016220441665055,6.009170062986313,0.058355414410371856,43.93442855904716
2016-01-08,1452211200,BTC/USD,457.0,465.0,444.51,451.32,4654917.52,10258.75,0,436.2595,435.14570534546374,459.2935914161664,413.2254085838336,436.2595,48.07550644567219,-1.4133117805107176,-0.014233941409820868,43.84949419054232
2016-01-09,1452297600,BTC/USD,452.02,454.0,446.68,449.95,1947311.14,4330.04,0,436.683,436.5556381697053,460.4219026483377,412.94409735166226,436.683,72.62484351091938,-0.30355401932110615,-0.003040156790287831,43.839436939255584
2016-01-10,1452384000,BTC/USD,448.84,449.89,440.8,447.21,1772542.11,3987.37,0,437.16550000000007,437.5703392964,461.3672228399332,412.9637771600669,437.16550000000007,67.39383362420003,-0.6089565507278571,-0.006108182529508932,41.16057847768721
2016-01-11,1452470400,BTC/USD,448.79,451.13,438.0,448.99,3519698.03,7902.84,0,437.8075,438.6579260300762,462.5705045579435,413.04449544205653,437.8075,70.81677704194256,0.39802330001565966,0.003972332828865398,41.026413525087776
2016-01-12,1452556800,BTC/USD,448.0,448.0,442.88,446.27,1826314.47,4096.26,0,437.954,439.38288545578325,462.8888898660384,413.0191101339616,437.954,63.231697374857255,-0.605804138176802,-0.006076465762587561,41.077234663820064
2016-01-13,1452643200,BTC/USD,434.89,438.35,424.5,432.53,4297337.64,9997.31,0,436.79499999999996,438.7302296980896,460.37279999557774,413.2172000044222,436.79499999999996,53.80133185349607,-3.078853608801846,-0.031272461888524915,42.14709983567015
2016-01-14,1452729600,BTC/USD,432.64,434.0,427.0,429.22,1889729.91,4388.51,0,435.48099999999994,437.8244935363668,457.5505397610155,413.4114602389844,435.48099999999994,49.0608042298595,-0.7652648371211157,-0.007682080134865703,40.87208574771803
2016-01-15,1452816000,BTC/USD,429.55,429.8,365.0,372.85,13985318.0,35218.44,0,433.25249999999994,431.6364465329033,468.22820577896505,398.27679422103483,433.25249999999994,24.913187434385875,-13.133125203858164,-0.1407934140035319,62.84236776057337
2016-01-16,1452902400,BTC/USD,360.0,387.5,352.0,386.43,8790996.62,23675.75,0,431.40950000000004,427.33107067262677,472.02538254287646,390.7936174571236,431.40950000000004,32.62833223176912,3.6422153681104907,0.03577454508630229,57.9214780102132
2016-01-17,1452988800,BTC/USD,387.28,391.14,376.0,382.85,3050025.47,7962.09,0,429.517,423.09477822761465,475.4174360029733,383.6165639970267,429.517,32.46383165278388,-0.9264291074709496,-0.009307471516973736,57.58861784616091
2016-01-18,1453075200,BTC/USD,380.16,388.5,373.63,385.0,2662265.2,6968.7,0,427.265,419.46670411069897,477.291513601867,377.238486398133,427.265,31.981749944808314,0.5615776413739004,0.005600066728651718,57.69723448405699
2016-01-19,1453161600,BTC/USD,385.47,386.92,375.59,379.88,2619071.74,6854.8,0,424.90649999999994,415.6965418144419,479.23811114373075,370.5748888562691,424.90649999999994,31.281940545598502,-1.3298701298701365,-0.013387920913032538,56.970986620875976
2016-01-20,1453248000,BTC/USD,376.77,422.98,372.53,410.93,9829484.37,24594.14,0,423.92449999999997,415.24258545116174,478.53435007544925,369.3146499245507,423.92449999999997,43.84746660389574,8.17363377908813,0.07856747031431131,64.03705867618854
2016-01-21,1453334400,BTC/USD,418.9,421.25,404.59,410.03,3840395.14,9301.69,0,422.67699999999996,414.74614874152735,477.3633354817356,367.99066451826434,422.67699999999996,33.51739370513528,-0.21901540408343356,-0.0021925559358498335,63.93284215923005
2016-01-22,1453420800,BTC/USD,409.42,410.07,374.45,381.78,5581017.46,14308.54,0,420.079,411.6065155280486,477.42469259279426,362.73330740720576,420.079,29.137165486619466,-6.889739775138404,-0.07138580128045761,68.03407619331749
2016-01-23,1453507200,BTC/USD,382.85,395.0,381.05,386.92,2725952.77,7020.14,0,417.8825,409.2554188110916,476.8339033135045,358.9310966864955,417.8825,31.508537229361053,1.3463251087013628,0.013373426841590643,68.36642560698108
2016-01-24,1453593600,BTC/USD,386.37,405.97,385.36,402.5,2139150.54,5356.26,0,416.309,408.61204559098763,475.1322291745889,357.4857708254112,416.309,37.80214983357889,4.026672180295665,0.03947714354427178,70.1084245883606
2016-01-25,1453680000,BTC/USD,402.16,402.31,385.5,392.58,3131070.89,7943.7,0,414.34349999999995,407.0851841061317,473.6000385332897,355.0869614667102,414.34349999999995,35.26461522386499,-2.46459627329193,-0.02495475874891573,70.38899905171664
2016-01-26,1453766400,BTC/USD,390.1,397.7,386.2,390.66,2497097.16,6361.63,0,412.28450000000004,405.52088085792866,471.8422446375841,352.726755362416,412.28450000000004,35.4126226326006,-0.489072290998005,-0.004902721632876596,70.38901279726113
2016-01-27,1453852800,BTC/USD,391.77,397.0,390.31,395.0,1669789.13,4234.46,0,409.145,404.51889220479256,465.11438580481564,353.1756141951843,409.145,39.64461122454611,1.1109404597348105,0.011048148424296193,70.5881346739169
2016-01-28,1453939200,BTC/USD,394.62,395.56,376.0,379.16,4329530.76,11329.82,0,405.537,402.1037596138599,459.319669914739,351.75433008526096,405.537,37.08062351605244,-4.010126582278472,-0.040927485316280925,67.81805835238602
2016-01-29,1454025600,BTC/USD,379.55,383.99,363.73,379.44,5067927.64,13500.22,0,402.0115,399.9453063173018,452.69044788713796,351.33255211286206,402.0115,52.39375227025063,0.07384745226288736,0.0007382019844853174,67.87004409372581
2016-01-30,1454112000,BTC/USD,378.12,380.42,372.95,376.6,887062.39,2351.12,0,398.481,397.7219438108921,445.61628386742814,351.34571613257185,398.481,46.12717673942164,-0.7484714315833751,-0.007512865346274123,67.84437350201313
2016-01-31,1454198400,BTC/USD,376.38,379.3,367.77,370.0,1407869.8,3752.13,0,394.5315,395.08175868604525,436.8368522929599,352.22614770704007,394.5315,45.05502963133995,-1.7525225703664438,-0.017680610584781983,67.91193110928646
2016-02-01,1454284800,BTC/USD,368.49,378.2,366.53,371.5,2610393.92,7005.04,0,390.793,392.83587690642184,426.5563403008381,355.0296596991619,390.793,44.77877475247525,0.40540540540541237,0.004045858519543796,67.91370890110817
2016-02-02,1454371200,BTC/USD,371.79,375.0,369.73,373.18,2109726.06,5655.12,0,387.82550000000003,390.96388862961976,418.4933226536488,357.15767734635125,387.82550000000003,47.33788938334393,0.4522207267833034,0.004512012811289011,68.07043424969056
2016-02-03,1454457600,BTC/USD,373.05,374.0,365.0,367.64,2602788.49,7030.2,0,384.7465,388.74256590298927,409.7593087397736,359.73369126022646,384.7465,28.42619356124787,-1.4845382925130046,-0.014956678479194283,67.61633662411538
2016-02-04,1454544000,BTC/USD,368.4,391.88,367.95,390.0,5017103.32,13133.51,0,385.604,388.86232153127605,410.0694827955819,361.13851720441806,385.604,41.77682896789557,6.082036775106081,0.05904254063378336,71.46474569333103
2016-02-05,1454630400,BTC/USD,388.0,389.5,382.99,385.88,2806294.0,7247.88,0,385.5765,388.5782909092498,410.0393098183833,361.11369018161673,385.5765,52.099119393815286,-1.0564102564102562,-0.010620298821339275,51.68909985701428
2016-02-06,1454716800,BTC/USD,384.97,384.98,371.35,374.27,2146630.0,5702.07,0,385.1475,387.21559653694027,410.10751170292974,360.1874882970702,385.1475,43.92586190338997,-3.0087073701668965,-0.030548978216731647,51.27416609900146
2016-02-07,1454803200,BTC/USD,375.39,380.0,373.04,375.4,1073830.87,2855.74,0,384.66749999999996,386.0903016286602,410.0058187038269,359.32918129617303,384.66749999999996,34.89072256913468,0.3019210730221378,0.0030146620667870845,51.21607854475434
2016-02-08,1454889600,BTC/USD,375.0,378.99,369.99,371.16,2586381.88,6907.71,0,384.2315,384.66836814021633,410.2087161508355,358.25428384916444,384.2315,37.25000000000001,-1.1294619072988676,-0.011358887667429748,51.28028394860912
2016-02-09,1454976000,BTC/USD,370.95,377.0,369.12,373.16,2136759.49,5724.8,0,382.343,383.5723330792433,405.48473454809726,359.20126545190277,382.343,39.59324452901998,0.5388511693070308,0.005374045607781665,51.155186629438084
2016-02-10,1455062400,BTC/USD,373.69,383.85,372.12,379.86,3782707.13,9979.76,0,380.8345,383.2187775478868,399.9623154859099,361.70668451409006,380.8345,41.24248033317908,1.795476471218782,0.017795481691329888,42.9394983461327
2016-02-11,1455148800,BTC/USD,379.34,380.5,373.54,377.99,2624697.92,6953.11,0,380.645,382.7207987338023,399.808437226021,361.48156277397896,380.645,49.192769421829716,-0.49228663191702715,-0.0049350235408979325,42.93752409601423
2016-02-12,1455235200,BTC/USD,377.98,383.0,377.07,382.88,2177591.75,5714.98,0,380.443,382.7359607591545,399.4121207242847,361.47387927571526,380.443,52.23144784639335,1.2936850181221704,0.012853883916870893,35.52507616242878
2016-02-13,1455321600,BTC/USD,383.0,390.08,382.0,389.51,2684911.84,6936.51,0,379.7935,383.38110735352075,396.31425603596443,363.27274396403556,379.7935,57.98194633362184,1.7316130380275796,0.017167914762119707,35.72695935692876
2016-02-14,1455408000,BTC/USD,390.99,404.0,390.59,403.95,3805192.6,9555.92,0,380.36199999999997,385.3400495103283,399.33578313135376,361.38821686864617,380.36199999999997,69.1353849622365,3.7072218941747392,0.036401569003534764,35.31572450406079
2016-02-15,1455494400,BTC/USD,405.5,409.71,393.4,399.0,3166241.01,7876.6,0,380.779,386.6409971760113,401.029377930193,360.528622069807,380.779,64.91970486111111,-1.2253991830672106,-0.012329691035854143,34.44399349725924
2016-02-16,1455580800,BTC/USD,399.5,407.8,396.0,406.47,3312534.49,8208.39,0,381.3525,388.52947363543876,403.82626095758803,358.878739042412,381.3525,66.99336396120471,1.872180451127825,0.01854870863658604,34.91197842533915
2016-02-17,1455667200,BTC/USD,407.51,421.11,404.0,415.52,4679988.35,11273.65,0,383.1705,391.09999995587316,410.29823176154207,356.04276823845794,383.1705,73.59550561797755,2.2264865795753597,0.022020622387988787,35.47701825352541
2016-02-18,1455753600,BTC/USD,415.59,424.9,413.4,420.31,3588829.87,8537.45,0,385.214,393.8819047219805,416.9281797275184,353.4998202724816,385.214,68.06532363809752,1.1527724297266229,0.011461786342740962,31.871734564431353
2016-02-19,1455840000,BTC/USD,421.15,422.0,414.0,419.27,2082054.85,4968.2,0,387.3475,396.29981855798235,422.20683349303766,352.4881665069624,387.3475,70.65957183516892,-0.2474364159786857,-0.0024774304579209556,31.944106632602487
2016-02-20,1455926400,BTC/USD,419.98,443.96,419.5,440.24,4678345.04,10802.06,0,390.8595,400.4845977429364,431.9552042062841,349.76379579371593,390.8595,86.5809027392703,5.001550313640379,0.0488049289522452,35.02780652859843
2016-02-21,1456012800,BTC/USD,434.63,447.99,426.0,437.7,4488830.12,10244.17,0,394.1695,404.02892176741864,439.1775472219882,349.16145277801184,394.1695,84.0139768508408,-0.576958022896612,-0.005786288554653809,34.185424660485246
2016-02-22,1456099200,BTC/USD,438.33,439.5,431.15,437.97,2543672.13,5823.89,0,397.409,407.26140540861684,445.2909336988046,349.52706630119536,397.409,88.12920899440701,0.06168608636052397,0.0006166706831486173,34.255986864751954
2016-02-23,1456185600,BTC/USD,438.26,440.0,414.0,420.05,4426532.85,10427.66,0,400.0295,408.4793667982724,446.77474258371547,353.2842574162845,400.0295,72.64560996812516,-4.0916044477932285,-0.0417766630691421,38.33260214196956
2016-02-24,1456272000,BTC/USD,419.1,424.28,409.07,422.61,3035274.03,7236.69,0,401.65999999999997,409.82514138891315,449.2004018759433,354.1195981240566,401.65999999999997,71.50618774524598,0.6094512558028731,0.006076016129468944,37.594388704858716
2016-02-25,1456358400,BTC/USD,423.79,426.75,415.79,423.51,2337122.92,5541.05,0,403.5415,411.1284612566357,451.429614897341,355.65338510265894,403.5415,73.12538102011783,0.21296230567189323,0.002127358623892748,32.40993807663416
2016-02-26,1456444800,BTC/USD,423.38,428.38,418.01,427.8,1825687.5,4310.49,0,406.218,412.71622685124186,453.19262006792826,359.2433799320718,406.218,72.96053976691881,1.0129630941418277,0.010078670084087433,32.030393507192926
2016-02-27,1456531200,BTC/USD,432.0,435.0,428.22,431.06,1776990.19,4119.77,0,409.00100000000003,414.4632528654093,454.8701387593686,363.13186124063145,409.00100000000003,71.99576495500263,0.7620383356708782,0.0075914949033624056,29.320476395957044
2016-02-28,1456617600,BTC/USD,431.07,435.0,422.29,432.16,1475149.23,3435.21,0,412.05100000000004,416.14865735441794,455.3668363650051,368.735163634995,412.05100000000004,67.38996424608555,0.2551848930543388,0.0025485984926378992,29.328355297960318
2016-02-29,1456704000,BTC/USD,430.26,440.99,428.12,436.62,3599439.36,8260.08,0,415.224,418.0983090349496,455.752119620825,374.695880379175,415.224,73.33167948399898,1.0320251758607846,0.010267361542744564,28.59774922905838
2016-03-01,1456790400,BTC/USD,436.75,437.5,427.01,433.31,2922909.82,6763.52,0,417.8965,419.54704150781157,455.55327699543756,380.23972300456245,417.8965,67.55166099921524,-0.7580962850991746,-0.007609844409134046,29.082385632363135
2016-03-02,1456876800,BTC/USD,433.33,434.5,424.0,425.18,2244122.04,5220.05,0,420.25600000000003,420.08351374516286,452.9743575704095,387.53764242959056,420.25600000000003,56.39396346306593,-1.8762548752625174,-0.018940798505000096,30.147477086483722
2016-03-03,1456963200,BTC/USD,422.4,424.47,415.85,420.27,3069008.4,7304.22,0,422.1255,420.10127434086166,449.7239976517108,394.52700234828916,422.1255,49.97356595294739,-1.1548050237546459,-0.011615246796783774,30.521602883997044
2016-03-04,1457049600,BTC/USD,420.29,423.9,407.55,409.97,3114003.54,7474.02,0,423.14849999999996,419.13639107030343,446.9061396798546,399.3908603201453,423.14849999999996,44.52425812529443,-2.450805434601555,-0.02481337558659455,32.05841686768881
2016-03-05,1457136000,BTC/USD,408.18,408.98,382.0,398.5,6450215.35,16205.36,0,422.87600000000003,417.1710204921793,447.66352606495786,398.0884739350422,422.87600000000003,22.328294881994196,-2.79776569017246,-0.028376488059267947,33.42125179785646
2016-03-06,1457222400,BTC/USD,399.77,412.31,393.11,404.78,2292269.65,5659.13,0,423.1650000000001,415.990923302448,446.89254694886176,399.4374530511384,423.1650000000001,29.20667003537139,1.575909661229602,0.01563621140778977,31.367583192444382
2016-03-07,1457308800,BTC/USD,406.15,414.96,403.03,414.76,2375720.45,5793.31,0,423.5795,415.8736925117386,446.34936972664383,400.80963027335616,423.5795,36.9416000900191,2.465536834823867,0.024356330052017934,32.10200725970071
2016-03-08,1457395200,BTC/USD,413.96,414.99,408.46,412.13,2283231.18,5549.37,0,423.40999999999997,415.5171503677635,446.4809614701643,400.33903852983565,423.40999999999997,44.61810274531121,-0.6341016491464901,-0.006361206130345682,31.625041671991884
2016-03-09,1457481600,BTC/USD,412.14,413.51,408.75,412.66,1987918.75,4832.17,0,423.0275,415.2450408089289,446.5638341732671,399.49116582673287,423.0275,43.04682040531098,0.12860019896634434,0.0012851757973521816,30.661281263205275
2016-03-10,1457568000,BTC/USD,412.99,416.9,409.31,416.5,2110300.04,5105.04,0,422.88899999999995,415.36456073188805,446.5506998099174,399.22730019008253,422.88899999999995,45.29467042556048,0.9305481510202052,0.009262452249813452,30.564028587318127
2016-03-11,1457654400,BTC/USD,416.0,421.91,415.11,418.1,2476673.27,5905.9,0,421.782,415.62507875742256,444.05674151305897,399.507258486941,421.782,43.24512534818943,0.3841536614645813,0.0038341767556219026,30.589041862785916
2016-03-12,1457740800,BTC/USD,419.14,420.93,406.59,410.47,1890411.55,4577.67,0,420.4205,415.13411887576325,441.9136298448184,398.9273701551816,420.4205,36.48418012340819,-1.824922267400142,-0.018417793748422586,25.47431932554745
2016-03-13,1457827200,BTC/USD,409.95,417.0,409.67,412.64,1344134.95,3254.44,0,419.154,414.89658374473817,439.23150917660723,399.07649082339276,419.154,37.36406007250127,0.5286622652081574,0.0052726975189377355,25.627784005924877
2016-03-14,1457913600,BTC/USD,412.99,415.22,410.5,413.85,1743744.96,4217.13,0,418.84399999999994,414.79690910238213,439.0542781563688,398.63372184363106,418.84399999999994,34.61278551155563,0.2932338115548827,0.0029280471983702994,25.679152904939173
2016-03-15,1458000000,BTC/USD,414.83,417.43,412.15,415.89,1870078.95,4500.81,0,418.508,414.9010129973933,438.6780576415404,398.33794235845954,418.508,38.0225522552255,0.4929322218194976,0.004917212886989593,21.475981207581764
2016-03-16,1458086400,BTC/USD,415.84,416.61,413.15,416.49,1687474.91,4065.34,0,418.157,415.05234509287965,438.20450474038336,398.1094952596166,418.157,43.33486731093726,0.1442689172617806,0.0014416494964263418,21.35756552918323
2016-03-17,1458172800,BTC/USD,416.52,419.0,415.66,418.49,1548565.13,3703.74,0,417.6915,415.3797407983197,437.2219149038287,398.16108509617135,417.6915,48.5709698137444,0.4802036063290771,0.004790543066617937,21.421732288885085
2016-03-18,1458259200,BTC/USD,418.47,418.49,403.34,408.21,2593429.99,6324.84,0,416.549,414.6969083413369,435.4498614674154,397.64813853258454,416.549,48.586572438162506,-2.456450572295643,-0.024871246910562018,22.620843948371437
2016-03-19,1458345600,BTC/USD,407.5,409.95,404.1,408.94,1155762.48,2840.41,0,415.38800000000003,414.14863135644765,433.06425418761467,397.7117458123854,415.38800000000003,60.13198757763974,0.17882952401950813,0.001786698144031527,22.39142745440639
2016-03-20,1458432000,BTC/USD,408.36,412.0,406.6,411.34,1047500.89,2555.36,0,414.12399999999997,413.8811426558336,428.76188796959536,399.48611203040457,414.12399999999997,56.8849706129303,0.5868831613439651,0.005851677106405359,22.51432173081963
2016-03-21,1458518400,BTC/USD,410.62,411.96,406.5,410.99,1429011.16,3491.93,0,413.008,413.60579573623045,424.56638378794247,401.4496162120575,413.008,45.04077874243622,-0.08508776194874335,-0.0008512398213233047,22.053879760866053
2016-03-22,1458604800,BTC/USD,411.15,416.99,410.35,415.89,1603062.46,3863.92,0,412.54349999999994,413.8233389994466,422.70447027069764,402.38252972930223,412.54349999999994,54.66732869910625,1.192243120270553,0.011851918918404123,22.552856040191934
2016-03-23,1458691200,BTC/USD,416.39,419.0,413.44,417.22,2043615.33,4908.2,0,412.39099999999996,414.14683052330884,422.1471961957734,402.6348038042265,412.39099999999996,55.55014605647517,0.3197960999302696,0.003192858397745834,21.74101756477056
2016-03-24,1458777600,BTC/USD,417.62,418.15,412.85,415.96,1151083.01,2766.79,0,412.6905,414.3195133306128,422.5013800506539,402.8796199493461,412.6905,49.29870129870127,-0.30199894540051675,-0.0030245588241083034,21.408661531282767
2016-03-25,1458864000,BTC/USD,415.17,416.92,412.0,416.25,1058887.1,2550.63,0,413.578,414.5033692038877,420.8725562975993,406.28344370240063,413.578,47.51277225060498,0.06971824213866107,0.0006969395026215035,19.495237412219595
2016-03-26,1458950400,BTC/USD,415.6,416.99,414.0,416.77,520246.85,1251.01,0,414.17749999999995,414.71923880351744,420.30502504342445,408.04997495657545,414.17749999999995,60.47207446808502,0.12492492492492957,0.001248469586666965,16.374741648523386
2016-03-27,1459036800,BTC/USD,416.96,427.99,415.77,424.3,2132703.21,5033.3,0,414.6545,415.6316922508015,422.27609390705845,407.0329060929415,414.6545,66.45033860045146,1.8067519255224873,0.017906241326958835,16.627509756486955
2016-03-28,1459123200,BTC/USD,424.62,424.77,420.32,422.05,1364444.78,3227.79,0,415.1505,416.2429596554871,423.34961798850185,406.9513820114982,415.1505,61.23903508771926,-0.5302851755833116,-0.00531696177855018,14.723324847470035
2016-03-29,1459209600,BTC/USD,422.87,424.37,407.22,415.4,2448940.42,5894.96,0,415.2875,416.16267778353597,423.4025357524203,407.17246424757974,415.2875,49.4037478705281,-1.575642696363,-0.015881878987717136,15.649472083533325
2016-03-30,1459296000,BTC/USD,415.43,415.93,408.59,413.09,1974453.35,4785.87,0,415.117,415.8700418041516,423.26798340853526,406.9660165914648,415.117,46.02803738317754,-0.5560905151661077,-0.005576424546042131,15.77923538548123
2016-03-31,1459382400,BTC/USD,413.68,416.99,411.4,415.51,1522442.48,3669.08,0,414.9875,415.83575210851814,423.0203768524245,406.95462314757555,414.9875,46.55252198056455,0.5858287540245533,0.005841194498606493,15.570675651616833
2016-04-01,1459468800,BTC/USD,414.66,416.99,413.42,415.38,1521987.64,3662.38,0,415.233,415.7923471458021,422.97957302838563,407.4864269716144,415.233,60.84064106440882,-0.031286852301992685,-0.0003129174765872283,15.50433302599948
2016-04-02,1459555200,BTC/USD,416.31,420.0,416.01,419.19,858816.08,2052.82,0,415.56049999999993,416.1159331319162,423.39878250520985,407.72221749479,415.56049999999993,64.17704011065004,0.9172324136934806,0.00913051384247712,14.344043534757548
2016-04-03,1459641600,BTC/USD,419.35,419.44,416.1,419.0,544167.96,1302.3,0,415.8179999999999,416.39060616697185,423.7574010114714,407.87859898852844,415.8179999999999,61.28461991750147,-0.04532550871919616,-0.0004533578383284842,14.266121610849202
2016-04-04,1459728000,BTC/USD,418.51,419.85,416.0,418.65,1436042.23,3434.14,0,415.956,416.60578653202214,423.99598009947175,407.9160199005283,415.956,61.284619917501374,-0.08353221957041468,-0.0008356712716969524,14.252570924285573
2016-04-05,1459814400,BTC/USD,418.81,423.0,416.61,422.6,1656378.77,3934.8,0,416.26149999999996,417.1766640051629,424.8336342303454,407.6893657696545,416.26149999999996,60.169748408608655,0.943508897647205,0.009390856531515513,14.507301413261564
2016-04-06,1459900800,BTC/USD,422.71,422.9,420.0,421.63,1007355.42,2389.51,0,416.41849999999994,417.6007912427664,425.2728614587392,407.56413854126066,416.41849999999994,56.75758504443754,-0.22953147184099354,-0.0022979529911221516,14.543026155291274
2016-04-07,1459987200,BTC/USD,420.62,421.99,418.09,419.84,1301132.34,3093.89,0,417.0,417.81404921964577,425.07807950078205,408.92192049921795,417.0,55.85042219541612,-0.42454284562294387,-0.004254465875164778,14.550914245571484
2016-04-08,1460073600,BTC/USD,419.99,423.99,416.26,418.13,1893915.56,4501.64,0,417.45950000000005,417.8441397701557,424.5980313984194,410.3209686015807,417.45950000000005,52.71833429728165,-0.40729801829267887,-0.004081297358187362,11.510434979339577
2016-04-09,1460160000,BTC/USD,417.75,418.71,412.0,418.37,1488490.68,3578.63,0,417.811,417.89422169680756,424.3477492323186,411.27425076768134,417.811,52.332361516035,0.05739841676033475,0.0005738195016984197,11.509561685400667
2016-04-10,1460246400,BTC/USD,418.59,421.79,417.2,420.77,728035.88,1735.02,0,418.3,418.16810534473063,424.1112486202381,412.48875137976194,418.3,43.94926294137811,0.5736548987738121,0.005720157647203401,11.502787683685268
2016-04-11,1460332800,BTC/USD,420.4,422.8,418.0,422.08,1455970.96,3461.33,0,418.6095,418.54066674047056,424.5384636087252,412.68053639127487,418.6095,50.05313496280547,0.3113339829360573,0.0031085034225659097,11.500835982111667
2016-04-12,1460419200,BTC/USD,422.79,426.67,421.0,425.91,2569227.44,6052.84,0,419.04400000000004,419.24250800328286,425.7649911549687,412.3230088450314,419.04400000000004,70.68083431719793,0.9074109173616396,0.009033186814642529,11.211806980990525
2016-04-13,1460505600,BTC/USD,425.32,426.0,422.27,423.26,1648750.52,3888.13,0,419.409,419.6251262886845,426.21711868285973,412.60088131714025,419.409,69.74757281553389,-0.6221971778075264,-0.00624140891128478,11.466895711980989
2016-04-14,1460592000,BTC/USD,423.6,425.35,420.57,424.51,1629295.05,3844.83,0,419.822,420.0903523564288,426.82266643443467,412.82133356556534,419.822,68.30756712774601,0.2953267495156675,0.002948915167660338,11.410012672336626
2016-04-15,1460678400,BTC/USD,424.4,430.0,423.07,429.25,1871353.05,4378.6,0,420.446,420.96269975105463,428.4536184776821,412.43838152231797,420.446,73.75813634806428,1.1165814704011678,0.011103937177617013,11.936158613779826
2016-04-16,1460764800,BTC/USD,429.29,432.87,427.12,430.68,784282.5,1824.13,0,420.765,421.88815691762085,429.8543286185915,411.67567138140845,420.765,71.4285714285713,0.3331391962725805,0.0033258551699314166,11.953103360500315
2016-04-17,1460851200,BTC/USD,430.18,430.91,424.24,426.75,633684.98,1482.15,0,421.0,422.3511895921331,430.4645043243251,411.5354956756749,421.0,62.684124386251966,-0.9125104485929292,-0.00916699327296628,10.92398286646967
2016-04-18,1460937600,BTC/USD,427.15,430.01,425.8,428.07,1357320.94,3175.38,0,421.6335,422.89583820240614,431.2151541259524,412.0518458740477,421.6335,64.94289340101518,0.30931458699472447,0.003088371936043503,10.7688686082388
2016-04-19,1461024000,BTC/USD,428.14,436.82,426.24,435.25,1606377.98,3734.22,0,422.7415,424.0724250402722,433.244159863598,412.23884013640196,422.7415,68.20143884892077,1.6772957693835133,0.016633845037704906,10.352751702621871
2016-04-20,1461110400,BTC/USD,435.7,444.0,433.11,441.25,3192599.47,7279.21,0,424.0285,425.70838456024626,436.85196085972746,411.20503914027256,424.0285,74.66063348416284,1.378518093049963,0.013691029599208019,10.670488765659087
2016-04-21,1461196800,BTC/USD,441.99,452.11,440.0,451.0,2405825.02,5394.19,0,425.8095,428.11710984022284,442.7944561609498,408.82454383905025,425.8095,82.6351068286552,2.209631728045336,0.021855731255171925,12.471371698307427
2016-04-22,1461283200,BTC/USD,451.0,451.36,442.96,447.8,2452914.54,5482.08,0,427.23999999999995,429.9916708078207,446.5390820616154,407.94091793838453,427.23999999999995,80.13406459475927,-0.709534368070952,-0.007120635338023882,12.974163524101451
2016-04-23,1461369600,BTC/USD,447.16,452.18,444.46,451.31,998886.31,2229.62,0,428.8555,432.02198787374255,450.51521130195704,407.195788698043,428.8555,81.37142857142854,0.7838320678874577,0.007807760632428292,12.910781418471018
2016-04-24,1461456000,BTC/USD,451.92,470.02,447.06,459.4,3211111.55,7012.4,0,430.89300000000003,434.62941760005276,455.9160033958213,405.86999660417877,430.89300000000003,83.19298848599412,1.7925594380802545,0.017766825457915202,13.722292287225033
2016-04-25,1461542400,BTC/USD,460.03,469.47,455.13,465.99,2543834.74,5508.19,0,433.0625,437.6161397333811,462.2374956929582,403.8875043070418,433.0625,84.59114542303448,1.4344797562037437,0.014242884412927669,13.991198183115443
2016-04-26,1461628800,BTC/USD,462.29,469.87,462.13,468.0,2146442.6,4611.27,0,435.38100000000003,440.5098407111543,467.9079921271861,402.85400787281395,435.38100000000003,84.1362530413625,0.4313397283203457,0.004304121249721145,13.905398650767737
2016-04-27,1461715200,BTC/USD,467.39,469.03,445.42,447.46,3083587.06,6747.73,0,436.762,441.17176064342533,468.8531895434823,404.6708104565177,436.762,65.21247171234597,-4.388888888888898,-0.04488114767271673,22.085338369478563
2016-04-28,1461801600,BTC/USD,445.39,451.0,435.0,450.0,3879872.31,8725.35,0,438.35549999999995,442.0125453440515,469.707724784651,407.0032752153489,438.35549999999995,65.76766052208339,0.5676485048943025,0.0056604345194354476,21.95118274800658
2016-04-29,1461888000,BTC/USD,449.94,456.0,445.62,454.77,1321180.97,2924.98,0,440.1755,443.2275410255704,470.86181477934036,409.48918522065964,440.1755,65.78036111798167,1.0599999999999943,0.010544213875671097,21.915871004034532
2016-04-30,1461974400,BTC/USD,456.53,456.9,446.5,446.7,1088703.36,2413.28,0,441.47200000000004,443.5582514040875,470.8702259400287,412.07377405997136,441.47200000000004,59.154285714285706,-1.7745233854475906,-0.01790456828196362,23.178299374295545
2016-05-01,1462060800,BTC/USD,448.43,453.78,446.84,451.4,532738.45,1180.66,0,442.938,444.3050846036982,471.1654480827276,414.71055191727237,442.938,63.962841282428904,1.052160286545778,0.010466636025362304,23.303370396357277
2016-05-02,1462147200,BTC/USD,452.99,453.8,438.59,443.54,2808139.14,6326.81,0,443.81949999999995,444.23221940334605,470.88517332677134,416.75382667322856,443.81949999999995,58.15842210737266,-1.74124944616747,-0.017565875043552323,24.40443357786122
2016-05-03,1462233600,BTC/USD,444.06,452.0,440.78,451.7,2492642.46,5568.02,0,445.2415,444.9434366030274,470.69975584218685,419.7832441578131,445.2415,58.58649128301493,1.8397438787933318,0.01823025332067545,24.92366807061526
2016-05-04,1462320000,BTC/USD,451.18,451.68,444.15,446.3,1473942.97,3295.73,0,446.33099999999996,445.0726331170248,469.8443484149778,422.81765158502213,446.33099999999996,52.652589557726664,-1.1954837281381359,-0.012026871025334163,25.2663202115895
2016-05-05,1462406400,BTC/USD,447.36,450.0,445.11,448.82,1059530.04,2366.93,0,447.3095,445.42952520111766,469.41667290121336,425.20232709878667,447.3095,48.76080036380172,0.5646426170737184,0.0056305448602062885,25.28906869538427
2016-05-06,1462492800,BTC/USD,448.5,463.97,447.03,459.73,2508091.25,5517.34,0,448.762,446.79147518196356,470.07168210881804,427.45231789118196,448.762,56.234974391136205,2.430818590971895,0.0240174441395566,26.211700356026956
2016-05-07,1462579200,BTC/USD,458.98,461.0,455.95,458.15,911630.56,1989.03,0,450.332,447.87323945034797,469.31285195802775,431.35114804197224,450.332,53.64838916151054,-0.34367998607879313,-0.00344271922376481,26.314442792521074
2016-05-08,1462665600,BTC/USD,458.97,459.69,455.95,457.81,591905.16,1294.05,0,451.81899999999996,448.81959759793386,467.8937987136432,435.7442012863567,451.81899999999996,49.07547389231307,-0.07421150278292821,-0.0007423905314985886,25.98565752910081
2016-05-09,1462752000,BTC/USD,457.75,464.79,455.62,461.63,1617041.39,3517.48,0,453.13800000000003,450.0396359219402,467.75107792067536,438.5249220793247,453.13800000000003,47.380437394857,0.8344072868657237,0.008309453536809576,26.042028134930746
2016-05-10,1462838400,BTC/USD,461.49,463.0,447.38,449.91,2571495.49,5664.75,0,453.571,450.02728964366014,467.1795915586613,439.96240844133877,453.571,40.26686753470354,-2.53882979875657,-0.025716141654834785,27.46356701894509
2016-05-11,1462924800,BTC/USD,450.88,457.99,450.32,452.01,1517420.38,3344.72,0,453.6215,450.2161192014068,467.19737686418523,440.0456231358148,453.6215,53.05410122164051,0.46676001867038686,0.004656740719608255,27.13786113263284
2016-05-12,1463011200,BTC/USD,452.95,455.09,448.88,454.92,1538456.69,3404.27,0,453.9775000000001,450.6641078488919,467.2812990221213,440.67370097787887,453.9775000000001,53.28613411701845,0.6437910665693325,0.0064172758349371,26.162930702258812
2016-05-13,1463097600,BTC/USD,455.2,456.82,452.04,456.04,1282634.69,2819.7,0,454.21399999999994,451.17609757756884,467.4862685166812,440.9417314833187,454.21399999999994,50.89172868979079,0.24619713356195394,0.0024589456492753355,26.02550092760798
2016-05-14,1463184000,BTC/USD,456.42,457.25,453.51,455.38,612807.08,1344.33,0,454.01300000000003,451.57646923684797,467.07466927350663,440.95133072649344,454.01300000000003,56.80250783699061,-0.14472414700464897,-0.001448289735500364,25.911794963633454
2016-05-15,1463270400,BTC/USD,456.3,458.08,454.72,457.48,730393.65,1599.7,0,453.5875,452.13871026191003,465.5112469826059,441.6637530173941,453.5875,54.96732026143795,0.4611533224998965,0.0046009326829973786,25.193125025072483
2016-05-16,1463356800,BTC/USD,457.56,458.0,451.11,455.56,1401093.82,3075.4,0,452.96549999999996,452.46454737982333,462.8465578487561,443.0844421512438,452.96549999999996,60.87585957292796,-0.4196904782722721,-0.004205736506865607,24.665616639915072
2016-05-17,1463443200,BTC/USD,454.0,456.09,452.14,453.01,1439597.99,3173.8,0,453.24300000000005,452.51649524841156,462.7787390903873,443.7072609096128,453.24300000000005,51.319234642497484,-0.5597506365791594,-0.0056132311115791814,24.632182366275963
2016-05-18,1463529600,BTC/USD,452.96,455.68,452.01,452.94,1175478.69,2588.67,0,453.39000000000004,452.55682903427714,462.80512333261555,443.97487666738454,453.39000000000004,57.49097472924185,-0.015452197523235789,-0.0001545339149827578,18.93179907703459
2016-05-19,1463616000,BTC/USD,452.47,453.85,441.05,441.63,2450585.4,5466.73,0,452.733,451.5161786500603,463.4820202246257,441.9839797753743,452.733,43.23102993786482,-2.4970194727778505,-0.025287238941557058,20.82594282286238
2016-05-20,1463702400,BTC/USD,436.3,444.41,435.06,441.97,1505886.06,3414.13,0,452.4965,450.60701877862596,463.9869835224148,441.00601647758526,452.4965,29.12552891396338,0.07698752349252214,0.0007695790330024796,20.420829503322977
2016-05-21,1463788800,BTC/USD,442.84,443.98,435.28,442.84,841576.8,1909.66,0,452.0685,449.8673027044711,464.34196521651444,439.7950347834855,452.0685,31.699737030839103,0.19684593976965203,0.001966524520232068,19.53314880675963
2016-05-22,1463875200,BTC/USD,442.72,443.47,435.0,437.85,1007976.18,2294.47,0,451.784,448.72279768499766,465.10862603405087,438.4593739659491,451.784,28.528399311531842,-1.1268178123024053,-0.01133214502303254,19.46278007055307
2016-05-23,1463961600,BTC/USD,438.72,442.91,436.4,442.29,1126274.52,2555.94,0,451.31350000000003,448.11015028642646,465.29878139829196,437.3282186017081,451.31350000000003,29.469214437367313,1.0140459061322327,0.010089389561604559,18.928100582175958
2016-05-24,1464048000,BTC/USD,442.63,446.37,441.0,445.31,1358027.73,3053.33,0,451.264,447.8434693067668,465.33076770562974,437.1972322943703,451.264,44.01041666666663,0.6828099210924865,0.006804893316385417,17.918212519304845
2016-05-25,1464134400,BTC/USD,445.31,449.6,444.26,448.02,1636079.83,3655.41,0,451.224,447.86028175374133,465.3245388474842,437.1234611525158,451.224,44.88592668546525,0.6085648200130134,0.006067205429441652,17.56713867671983
2016-05-26,1464220800,BTC/USD,448.27,452.98,446.8,452.38,1693500.51,3763.09,0,450.8565,448.2907311105279,464.39554960514073,437.31745039485924,450.8565,46.86109738012849,0.9731708405874784,0.00968466032416996,17.780379834681113
2016-05-27,1464307200,BTC/USD,452.07,478.16,452.07,472.68,5706733.77,12121.62,0,451.58299999999997,450.61351862381093,468.0192681127323,435.14673188726766,451.58299999999997,63.95036887994633,4.487377868163933,0.04389609217097958,21.954270422802526
2016-05-28,1464393600,BTC/USD,470.58,529.08,468.0,521.5,6154346.32,12464.98,0,454.76750000000004,457.3646120882099,490.1005242869628,419.4344757130373,454.76750000000004,80.6679035250464,10.328340526360336,0.09829064767001239,40.02221970287364
2016-05-29,1464480000,BTC/USD,522.13,540.0,485.0,513.85,4221703.64,8124.92,0,457.3785,462.74417284171375,501.4772142789058,413.27978572109413,457.3785,74.86546096162331,-1.466922339405552,-0.014777880369744948,40.61842610444801
2016-05-30,1464566400,BTC/USD,517.6,535.0,510.01,527.0,3189532.46,6063.14,0,461.233,468.8637754282172,514.9996306609548,407.4663693390452,461.233,78.67233905923908,2.5591125814926396,0.025269154470280095,41.18718409353492
2016-05-31,1464652800,BTC/USD,527.64,548.5,515.0,532.06,6431063.42,12006.15,0,465.23549999999994,474.8824634826727,527.3771722540218,403.0938277459781,465.23549999999994,81.10000786843972,0.9601518026565392,0.009555716395762677,39.510036072943805
2016-06-01,1464739200,BTC/USD,532.37,542.87,525.49,538.65,2882083.0,5388.62,0,469.4219999999999,480.9555621986086,539.422426946066,399.4215730539338,469.4219999999999,82.07469500785872,1.2385821147990805,0.012309744403076441,39.51772073541987
2016-06-02,1464825600,BTC/USD,536.95,540.0,529.13,538.98,2094443.58,3910.44,0,473.5690000000001,486.4816991320744,549.7827840551167,397.35521594488335,473.5690000000001,89.6925711489848,0.061264271790584246,0.0006124551289686948,39.60456789672836
2016-06-03,1464912000,BTC/USD,538.0,578.37,535.74,567.94,4871569.53,8718.77,0,479.19699999999995,494.23963254806733,565.6865824819076,392.70741751809226,479.19699999999995,91.64297520661161,5.373112174848793,0.05233731486952114,42.3849584086376
2016-06-04,1464998400,BTC/USD,569.93,588.71,558.54,573.87,3553068.65,6187.45,0,485.0165,501.82347706729905,580.544004614612,389.48899538538797,485.0165,91.91350521399787,1.0441243793358312,0.010387110493980396,42.16407357062521
2016-06-05,1465084800,BTC/USD,573.5,582.0,566.0,573.76,3061431.32,5341.22,0,490.92650000000003,508.67457448946107,593.1700750703089,388.6829249296912,490.92650000000003,94.87552004226376,-0.019168104274491782,-0.00019169941590388672,42.28840757399195
2016-06-06,1465171200,BTC/USD,573.8,586.02,573.8,583.49,2573089.92,4420.07,0,497.45050000000003,515.7998531095124,605.9662229403332,388.9347770596668,497.45050000000003,95.048494129658,1.695831009481319,0.01681612320240343,41.975324290751004
2016-06-07,1465257600,BTC/USD,584.12,594.44,563.0,576.75,3862682.24,6660.02,0,503.64099999999996,521.6046290038445,615.5386744784457,391.7433255215542,503.64099999999996,90.96235352779856,-1.155118339645922,-0.011618416565308395,42.3389330563005
2016-06-08,1465344000,BTC/USD,577.48,584.25,571.86,583.24,1882161.28,3252.98,0,510.7215,527.4746643368117,624.0102716413238,397.4327283586762,510.7215,91.17038119595665,1.1252709146077233,0.01118986839422158,42.12732571780512
2016-06-09,1465430400,BTC/USD,583.01,583.1,572.97,576.4,2166774.29,3758.43,0,517.443,532.1342201142581,629.5016949772307,405.3843050227693,517.443,87.1985602879424,-1.1727590700226331,-0.011796901322717537,40.861400429162295
2016-06-10,1465516800,BTC/USD,576.06,580.0,572.0,577.91,1991840.12,3457.49,0,524.1965,536.4938181986146,633.5726477461586,414.8203522538414,524.1965,85.57230748428097,0.2619708535739118,0.002616283080491702,40.79852254306375
2016-06-11,1465603200,BTC/USD,576.53,594.0,575.93,592.13,1616911.88,2766.37,0,531.9105000000001,541.7925021796989,637.3360032512985,426.48499674870163,531.9105000000001,81.16671079339862,2.4605907494246626,0.024308058165377892,40.78714019515185
2016-06-12,1465689600,BTC/USD,610.0,683.02,603.21,667.94,8917259.7,13876.2,0,543.193,553.8065495911561,656.2559486706647,430.1300513293353,543.193,92.4560533421502,12.802931788627504,0.12047214377203785,53.96650800053562
2016-06-13,1465776000,BTC/USD,668.73,725.0,655.02,702.05,11928392.51,17251.66,0,556.03,567.9249734396175,680.0665290846554,431.9934709153446,556.03,93.23716840389268,5.10674611492048,0.049806277417376775,54.784826235241155
2016-06-14,1465862400,BTC/USD,703.81,704.5,655.0,685.69,7228993.7,10609.09,0,567.9135,579.140690254892,693.9045119225309,441.9224880774691,567.9135,85.9402049314556,-2.3303183533936234,-0.023578996013833765,56.82004946767436
2016-06-15,1465948800,BTC/USD,685.25,695.77,672.12,693.01,3936205.99,5752.51,0,579.945,589.9853864210928,705.4387587041061,454.4512412958939,579.945,85.98806304205914,1.0675378086307141,0.01061879855340413,56.69556016097991
2016-06-16,1466035200,BTC/USD,695.0,773.07,689.8,765.6,13101113.07,17747.96,0,594.591,606.7105877143221,734.8750269108214,454.3069730891787,594.591,89.51939174107144,10.474596326171337,0.0996154110385229,62.71865614343531
2016-06-17,1466121600,BTC/USD,767.37,778.7,706.37,746.99,10811253.75,14631.57,0,605.8655,620.0705317415295,757.2235717128488,454.50742828715124,605.8655,82.3931685783551,-2.4307732497387713,-0.024608041976389095,64.58714027068598
2016-06-18,1466208000,BTC/USD,745.0,778.85,723.02,755.02,4394175.96,5827.87,0,617.924,632.92286205186,776.6631618049139,459.18483819508606,617.924,82.52594534420226,1.0749809234394059,0.010692440802038829,58.34059514273089
2016-06-19,1466294400,BTC/USD,753.47,764.93,740.11,760.55,1971087.94,2611.71,0,629.6015,645.0778275707304,794.4228061437984,464.78019385620155,629.6015,82.89830568177817,0.7324309289820086,0.007297616793357638,57.28760912043411
2016-06-20,1466380800,BTC/USD,759.12,763.99,725.0,734.99,5816127.61,7836.92,0,639.748,653.6408916116131,804.2710180792194,475.22498192078075,639.748,75.27358868277061,-3.360725790546304,-0.0341849620796469,60.05999204561867
2016-06-21,1466467200,BTC/USD,725.0,728.18,625.0,668.42,22050470.24,32747.0,0,646.2365000000001,655.0484257438404,804.0714750147133,488.40152498528687,646.2365000000001,62.74787929356139,-9.057266085252868,-0.09494017520225245,71.29539902423979
2016-06-22,1466553600,BTC/USD,665.36,677.63,593.03,594.1,9966791.88,15620.53,0,648.9925,649.2438137682366,800.749767388628,497.2352326113718,648.9925,51.27053207918013,-11.1187576673349,-0.11786906311415671,84.07862109291938
2016-06-23,1466640000,BTC/USD,602.82,632.67,540.17,624.69,13982861.16,23795.95,0,651.83,646.9053553141189,799.2669443096569,504.3930556903432,651.83,55.35211579810699,5.148964820737256,0.05020787132601603,85.5202921378211
2016-06-24,1466726400,BTC/USD,622.59,683.88,620.82,656.71,10493009.71,16058.17,0,655.972,647.8391309984885,798.7687116826185,513.1752883173815,655.972,58.180383689062374,5.125742368214636,0.04998699404669432,85.36713126492697
2016-06-25,1466812800,BTC/USD,660.76,684.45,639.4,663.24,4363898.7,6559.01,0,660.446,649.3058804272039,797.904477160044,522.987522839956,660.446,57.50184618630658,0.9943506266083979,0.009894394898765892,85.36477721982925
2016-06-26,1466899200,BTC/USD,658.8,662.9,608.64,628.61,3320432.14,5277.84,0,662.702,647.3348441960417,796.268439781069,529.135560218931,662.702,45.456015897589936,-5.22133767565286,-0.05362588302843999,87.89287157305455
2016-06-27,1466985600,BTC/USD,630.16,653.46,618.03,648.2,5415184.25,8482.24,0,666.2745,647.4172399868949,793.8488558581898,538.7001441418101,666.2745,43.56246264196055,3.116399675474457,0.030688258102715034,88.2713790380788
2016-06-28,1467072000,BTC/USD,657.49,665.51,635.5,645.39,3534625.42,5462.68,0,669.382,647.2241695119525,791.3445311919088,547.4194688080911,669.382,45.021003212255984,-0.4335081764887505,-0.004344505476744242,88.13460465068903
2016-06-29,1467158400,BTC/USD,644.33,645.0,621.09,634.43,5742183.05,9088.42,0,672.2835,646.0056771774808,787.5070321862431,557.0599678137569,672.2835,42.82705588480188,-1.6981979888129661,-0.017127827251346647,88.44373635334343
2016-06-30,1467244800,BTC/USD,635.91,671.22,628.06,666.84,4861694.15,7428.6,0,676.73,647.9898983986732,783.1463058340636,570.3136941659365,676.73,36.58735332464146,5.1085226108475545,0.04982317910047416,89.62446893314515
2016-07-01,1467331200,BTC/USD,666.33,684.1,659.71,677.0,4331285.23,6421.13,0,680.9735,650.7527652178471,779.6743348015702,582.2726651984296,680.9735,40.27132968224403,1.523603862995615,0.015121135832444739,89.65313020449092
2016-07-02,1467417600,BTC/USD,674.55,704.93,672.74,702.48,3759346.11,5431.82,0,682.7004999999999,655.6791685304331,781.6495215318263,583.7514784681736,682.7004999999999,43.03478629759254,3.763663220088631,0.036945658139465154,90.0569976232208
2016-07-03,1467504000,BTC/USD,702.48,704.99,646.29,664.14,4835674.84,7213.63,0,680.8050000000001,656.4849620037253,779.6456987344604,581.9643012655397,680.8050000000001,38.241822572383356,-5.457806627946704,-0.05612396042615251,82.7856926268415
2016-07-04,1467590400,BTC/USD,659.77,682.35,640.1,678.72,2796115.29,4180.06,0,680.4565,658.6025846700371,779.273824983237,581.639175016763,680.4565,42.948444823178534,2.195320263799805,0.02171570075073006,81.20140034046746
2016-07-05,1467676800,BTC/USD,678.74,682.36,661.57,666.58,2084268.82,3100.26,0,679.135,659.362338510986,777.9523672142627,580.3176327857373,679.135,49.732992802414685,-1.7886610089580368,-0.018048508953077344,81.03529495885019
2016-07-06,1467763200,BTC/USD,669.09,679.0,662.13,674.46,2379339.84,3541.03,0,674.5780000000001,660.8002110337493,764.6229907663153,584.5330092336849,674.5780000000001,64.44700129440528,1.1821536799784038,0.011752208278520491,81.05732880341168
2016-07-07,1467849600,BTC/USD,674.7,678.43,605.5,636.39,8032742.44,12646.13,0,669.048,658.475429030535,753.7973944334861,584.2986055665139,669.048,52.04831932773108,-5.644515612489998,-0.05810078774939193,74.46277979101005
2016-07-08,1467936000,BTC/USD,638.89,665.0,635.0,664.0,4189449.95,6483.61,0,664.4970000000001,659.0015786466745,738.9589292623699,590.0350707376302,664.4970000000001,51.296276538994974,4.338534546425943,0.04247056652406512,76.27236102983336
2016-07-09,1468022400,BTC/USD,663.0,663.99,626.0,652.54,3950333.46,6111.73,0,659.0965,658.3861902041341,718.3377247199217,599.8552752800783,659.0965,48.1301551796449,-1.7259036144578355,-0.017409709476525703,76.13674992399403
2016-07-10,1468108800,BTC/USD,647.78,650.88,636.8,646.55,1464107.64,2272.95,0,654.6745,657.2589339942166,702.0847864588025,607.2642135411975,654.6745,53.48376572937702,-0.9179513899531089,-0.0092219052580476,75.96220021551073
2016-07-11,1468195200,BTC/USD,648.77,659.6,639.31,647.42,1929797.21,2973.44,0,653.6245,656.321892661434,700.6818703495103,606.5671296504897,653.6245,49.83665605629082,0.13456035882761785,0.0013446990750876611,75.39828243042317
2016-07-12,1468281600,BTC/USD,649.32,678.0,646.05,671.7,2744860.85,4145.96,0,657.5045,657.786474312726,695.8954284652183,619.1135715347817,657.5045,55.055143526880066,3.7502703036668805,0.03681657845587068,69.40021813767349
2016-07-13,1468368000,BTC/USD,663.52,669.97,654.52,661.5,4207227.67,6367.45,0,659.345,658.1401434257997,694.5056086409274,624.1843913590726,659.345,55.216402666974986,-1.518535060294779,-0.015301828717808505,55.01104350575616
2016-07-14,1468454400,BTC/USD,652.24,664.93,650.01,660.53,1567824.55,2379.09,0,659.536,658.3677488138188,694.6778367551666,624.3941632448333,659.536,48.61641012147523,-0.14663643235072188,-0.0014674404878331512,52.53072791374459
2016-07-15,1468540800,BTC/USD,660.3,670.01,658.41,664.99,2130837.14,3209.21,0,659.6234999999999,658.998439402979,694.8128514246096,624.4341485753903,659.6234999999999,47.299059955921386,0.6752153573645447,0.006729459881626207,49.67975883491565
2016-07-16,1468627200,BTC/USD,664.6,666.67,655.0,662.0,1082955.17,1640.0,0,661.293,659.284302316981,693.3125519874053,629.2734480125947,661.293,39.87189751801443,-0.44963082151611156,-0.004506447011795202,49.59055241995699
2016-07-17,1468713600,BTC/USD,662.45,684.19,661.35,678.23,2301127.43,3409.25,0,662.7945,661.0886544772685,695.0444804814375,630.5445195185624,662.7945,53.963877792156644,2.4516616314199435,0.02422090751521789,46.21889062385406
2016-07-18,1468800000,BTC/USD,679.54,682.21,666.12,673.46,2024992.39,2993.77,0,664.1980000000001,662.2668778603858,695.6931321886324,632.7028678113678,664.1980000000001,48.43377798951882,-0.7033012399923266,-0.007057860605328968,45.273216539072486
2016-07-19,1468886400,BTC/USD,673.45,675.81,666.0,673.86,1245111.37,1855.39,0,666.1695000000001,663.3709847308252,694.6067442776325,637.7322557223677,666.1695000000001,52.33064412856959,0.05939476732099713,0.0005937713561026849,45.22077598424657
2016-07-20,1468972800,BTC/USD,674.8,675.0,660.0,667.02,2271618.27,3402.67,0,666.1785,663.718509994556,694.6167516858516,637.7402483141484,666.1785,47.6021657857419,-1.0150476360074823,-0.010202343729421144,44.91319097799568
2016-07-21,1469059200,BTC/USD,667.01,667.1,660.1,664.25,1650112.49,2486.28,0,665.5409999999999,663.7691280903125,693.5258582366748,637.5561417633251,665.5409999999999,61.62383177570092,-0.41527990165212136,-0.004161445833655702,41.49175556227213
2016-07-22,1469145600,BTC/USD,663.25,666.3,645.0,652.95,3304025.08,5031.9,0,663.0645000000001,662.7387349388542,685.5020432326327,640.6269567673675,663.0645000000001,44.663382594417115,-1.7011667293940436,-0.01715802797350655,41.498085696799194
2016-07-23,1469232000,BTC/USD,647.88,656.77,646.0,653.8,831459.97,1274.47,0,662.5474999999999,661.8874268494395,685.3541674230987,639.7408325769011,662.5474999999999,50.67800258286697,0.1301784210123058,0.0013009376236937779,39.0796859984685
2016-07-24,1469318400,BTC/USD,655.52,665.0,651.99,659.51,922962.62,1402.78,0,661.587,661.661005244731,683.1076623846513,640.0663376153486,661.587,56.99481865284975,0.8733557662893965,0.008695640754576453,34.21276178125471
2016-07-25,1469404800,BTC/USD,659.64,661.99,652.28,654.37,1592779.48,2429.95,0,660.9765,660.9666237928518,682.5933095167782,639.3596904832218,660.9765,53.585801258900034,-0.7793664993707483,-0.007824194327778028,33.33306170134335
2016-07-26,1469491200,BTC/USD,655.0,656.94,645.01,652.22,2197810.59,3378.47,0,659.8644999999999,660.1336120030564,680.8394288688445,638.8895711311553,659.8644999999999,36.97512703931531,-0.32856029463452785,-0.0032910123918156965,32.81122908655994
2016-07-27,1469577600,BTC/USD,651.22,659.98,646.31,655.63,1715044.8,2623.74,0,660.8265,659.7046965741939,678.821360406602,642.831639593398,660.8265,45.683188704221195,0.5228297200331022,0.0052146771071606415,32.567402312330955
2016-07-28,1469664000,BTC/USD,655.13,657.89,652.41,653.44,1230981.99,1880.26,0,660.2985,659.1080588052231,678.5195685168351,642.0774314831649,660.2985,44.87790781678953,-0.3340298644052164,-0.0033458898960074595,25.245284630271357
2016-07-29,1469750400,BTC/USD,654.84,657.48,653.0,657.03,844396.19,1290.14,0,660.523,658.9101484428209,678.4498432657327,642.5961567342673,660.523,44.17617793386005,0.5494000979431757,0.005478964006338943,20.429401801400985
2016-07-30,1469836800,BTC/USD,654.88,657.5,652.19,654.37,461519.75,704.79,0,660.914,658.4777533530283,677.8726039644044,643.9553960355955,660.914,44.39053080429347,-0.40485213764972494,-0.004056738825676551,19.541360782808912
2016-07-31,1469923200,BTC/USD,654.02,654.71,620.01,620.01,2871028.07,4521.71,0,659.5435,654.8141577955971,683.907219597632,635.179780402368,659.5435,16.206175992570067,-5.2508519644849265,-0.053937333775584746,26.96699683411904
2016-08-01,1470009600,BTC/USD,622.5,630.0,604.0,607.61,3293338.89,5337.66,0,656.339,650.318523719826,689.3094428398085,623.3685571601916,656.339,14.887490668657207,-1.999967742455766,-0.02020237815895899,27.654888177599453
2016-08-02,1470096000,BTC/USD,606.84,613.03,465.28,514.98,11194858.55,20392.04,0,649.013,637.429140508414,720.1626768051277,577.8633231948724,649.013,7.290322580645082,-15.244976218297923,-0.1654051638241813,60.34782228195632
2016-08-03,1470182400,BTC/USD,540.03,572.34,521.0,565.63,8385537.77,15293.43,0,644.268,630.5911271266602,724.2885188422938,564.2474811577063,644.268,27.940472564292207,9.835333411006243,0.0938120892359418,70.69433452981565
2016-08-04,1470268800,BTC/USD,563.99,583.97,552.0,575.52,4808420.85,8428.57,0,639.7945000000001,625.3462578765021,724.7864358341868,554.8025641658134,639.7945000000001,31.275060144346398,1.7484928310026016,0.017333825753188356,71.193253657535
2016-08-05,1470355200,BTC/USD,578.14,578.2,562.0,576.64,2699273.59,4733.0,0,635.5265,620.7075666501686,724.3116678639625,546.7413321360376,635.5265,33.17309812568904,0.19460661662495937,0.0019441750326045387,71.09993740007798
2016-08-06,1470441600,BTC/USD,572.98,592.0,562.56,588.78,3464967.59,6011.14,0,631.0540000000001,617.6668460168191,719.7936071068275,542.3143928931727,631.0540000000001,36.34263149050578,2.105299667036631,0.020834444466538878,71.74142422729246
2016-08-07,1470528000,BTC/USD,589.47,598.82,582.12,592.6,1712331.58,2896.89,0,627.011,615.2795273485507,714.9804135600872,539.0415864399127,627.011,35.833156891806055,0.6487992119297514,0.006467035693007616,71.07264163249508
2016-08-08,1470614400,BTC/USD,592.47,594.0,583.58,589.46,1870768.65,3171.44,0,622.7909999999999,612.8205247439267,709.3844420514405,536.1975579485594,622.7909999999999,36.139226991244925,-0.5298683766452927,-0.00531277157788941,71.07326077024683
2016-08-09,1470700800,BTC/USD,591.85,591.85,579.43,583.53,1848228.25,3160.44,0,618.6165,610.0309509587909,704.2770389159373,532.9559610840627,618.6165,35.5650821670239,-1.0060054965561838,-0.010110999274865173,71.0383304517053
2016-08-10,1470787200,BTC/USD,582.71,603.0,580.01,591.7,3051412.4,5145.88,0,614.989,608.2851461055727,698.6337553079493,531.3442446920508,614.989,36.82887634430756,1.4000993950611162,0.01390388539593818,71.38511780074103
2016-08-11,1470873600,BTC/USD,590.46,597.78,585.23,587.57,1482748.4,2506.9,0,611.72,606.3122750478991,694.2205913854426,529.2194086145574,611.72,36.53681069370069,-0.6979888456988381,-0.0070043618258349045,71.384161811893
2016-08-12,1470960000,BTC/USD,585.25,591.19,580.47,586.0,1250458.16,2133.13,0,608.33,604.3777726623849,689.1040200546554,527.5559799453447,608.33,35.3612794196447,-0.2672022056946499,-0.0026755982798010026,71.27107070984442
2016-08-13,1471046400,BTC/USD,585.34,589.98,581.71,582.11,557048.78,951.03,0,604.46,602.2570324088244,682.2717282460169,526.6482717539832,604.46,35.18290682414698,-0.6638225255972685,-0.006660356268047928,71.23360356344295
2016-08-14,1471132800,BTC/USD,583.52,583.92,556.24,567.45,2739411.42,4797.45,0,600.114,598.9420769413173,675.8707251556995,524.3572748443006,600.114,38.27518515213708,-2.518424352785553,-0.0255067935618167,71.3581608442128
2016-08-15,1471219200,BTC/USD,568.76,573.69,554.9,565.79,2559974.14,4530.14,0,595.7925,595.7847362802395,668.8465264029617,522.7384735970384,595.7925,40.201499531396436,-0.29253678738215827,-0.0029296551256541782,71.37255604883475
2016-08-16,1471305600,BTC/USD,564.2,579.8,563.0,577.53,2737496.38,4786.52,0,591.8875,594.0461899678357,659.6304245480013,524.1445754519988,591.8875,73.60199230246768,2.0749748139769153,0.020537404477149444,72.00003704319954
2016-08-17,1471392000,BTC/USD,574.95,577.86,566.02,570.47,2342225.12,4097.78,0,587.739,591.8008385423275,649.5094429063165,525.9685570936836,587.739,52.72154745838957,-1.2224473187539941,-0.01229980663053468,71.91827841613137
2016-08-18,1471478400,BTC/USD,570.91,575.87,568.79,569.71,2265207.23,3956.21,0,583.373,589.696949157344,636.2215506847075,530.5244493152926,583.373,46.35919288131349,-0.1332234823917089,-0.0013331230376906404,71.93322184800977
2016-08-19,1471564800,BTC/USD,571.51,574.86,552.3,572.11,2640630.83,4630.18,0,579.26,588.0220016185493,620.3364370924614,538.1835629075385,579.26,47.20611816948318,0.42126696038335965,0.004203821152933832,71.9077514242873
2016-08-20,1471651200,BTC/USD,572.98,580.0,568.52,580.0,1351481.73,2348.32,0,577.2595,587.2580014644017,613.6043254334767,540.9146745665233,577.2595,44.28534235876077,1.3791054167904715,0.013696822957113317,72.24875590597769
2016-08-21,1471737600,BTC/USD,577.7,583.99,576.01,578.47,651138.86,1125.19,0,575.8025,586.4210489439824,609.2448323758566,542.3601676241434,575.8025,40.52059573326179,-0.2637931034482732,-0.002641416505524923,70.09046678137389
2016-08-22,1471824000,BTC/USD,577.55,585.95,572.5,583.85,2931957.03,5054.71,0,579.246,586.1761871397936,596.6609511083344,561.8310488916655,579.246,46.34622899570144,0.9300395871868927,0.009257413486783859,69.93822510425366
2016-08-23,1471910400,BTC/USD,582.78,584.99,576.0,580.71,2426513.82,4177.43,0,580.0,585.6555978883847,596.1959059154302,563.8040940845698,580.0,48.09407948094084,-0.5378093688447327,-0.005392607696159807,37.02392564644619
2016-08-24,1471996800,BTC/USD,580.27,582.1,575.4,577.11,1718669.83,2968.77,0,580.0795,584.8417314228243,596.1982389803361,563.960761019664,580.0795,39.489987033568624,-0.6199307743968596,-0.006218603239364324,18.732589785851697
2016-08-25,1472083200,BTC/USD,577.65,578.75,571.16,576.99,2410666.36,4193.61,0,580.097,584.0939474777934,596.2007688952615,563.9932311047385,580.097,41.91131498470945,-0.020793262982798932,-0.00020795425081445392,17.760644185492108
2016-08-26,1472169600,BTC/USD,575.75,582.46,574.1,577.84,1886798.54,3265.45,0,579.55,583.4983334322893,595.147161685127,563.9528383148729,579.55,43.69202226345086,0.1473162446489651,0.0014720784072061557,17.755291695286225
2016-08-27,1472256000,BTC/USD,577.92,579.09,564.81,567.41,1532934.37,2689.93,0,578.2905000000001,581.9661112006428,593.5143711101798,563.0666288898203,578.2905000000001,39.67986520640267,-1.8049979233005775,-0.01821486727217645,17.15186719428634
2016-08-28,1472342400,BTC/USD,567.51,573.0,566.8,573.0,567811.88,995.44,0,577.4675,581.1121958482006,591.9084853505624,563.0265146494376,577.4675,54.4650040225261,0.985178266156761,0.009803570244324678,17.390808178383477
2016-08-29,1472428800,BTC/USD,573.2,575.0,568.6,571.5,1332938.19,2325.16,0,576.8660000000001,580.1967486245625,591.2457802486834,562.4862197513168,576.8660000000001,54.60558154541058,-0.2617801047120394,-0.0026212334798741926,17.343366951662084
2016-08-30,1472515200,BTC/USD,570.74,576.5,568.55,575.23,2533734.77,4412.26,0,576.0425,579.7237249460327,588.6186827946574,563.4663172053426,576.0425,47.86958132641723,0.6526684164479546,0.006505477583812134,17.25563035722111
2016-08-31,1472601600,BTC/USD,575.88,576.49,568.4,570.76,2073935.36,3629.56,0,575.202,578.8700368559342,586.7382542493518,563.6657457506482,575.202,50.28215606149053,-0.7770804721589641,-0.007801154756302937,16.568308090661464
2016-09-01,1472688000,BTC/USD,570.75,572.86,566.86,571.6,1580497.14,2772.91,0,574.4820000000001,578.1776523934643,584.9264809903759,564.0375190096242,574.4820000000001,51.83602098309693,0.14717219146402893,0.0014706399933380463,16.48736002753503
2016-09-02,1472774400,BTC/USD,571.05,574.2,567.03,572.0,1680704.12,2943.1,0,573.9765,577.5893045464677,583.8283227541596,564.1246772458404,573.9765,49.88882150798462,0.06997900629810427,0.0006995453240854948,16.493647321493516
2016-09-03,1472860800,BTC/USD,572.0,598.64,569.01,592.5,2669564.21,4578.51,0,575.229,579.0093707801375,587.6274479504241,562.830552049576,575.229,60.06765463917523,3.5839160839160833,0.035211881629488344,20.598684297516655
2016-09-04,1472947200,BTC/USD,596.25,609.05,590.88,604.25,2351517.76,3913.31,0,577.152,581.4132402296482,594.3770877012633,559.9269122987367,577.152,67.82849239280768,1.983122362869194,0.0196371465743061,19.212148610849596
2016-09-05,1473033600,BTC/USD,605.72,607.31,592.46,603.74,2301873.17,3829.55,0,578.4625,583.5395983030149,599.3973511993102,557.5276488006898,578.4625,64.74862820702947,-0.08440215142738738,-0.0008443779009782938,19.144623414328603
2016-09-06,1473120000,BTC/USD,604.98,609.74,601.0,608.96,2442751.66,4030.31,0,580.387,585.9605889408231,604.9844599458945,555.7895400541054,580.387,70.32081714861164,0.864610593964299,0.008608942425170686,18.197504275294957
2016-09-07,1473206400,BTC/USD,608.93,615.92,604.7,614.39,2669717.29,4372.18,0,582.621,588.6681518988399,610.9658945741813,554.2761054258186,582.621,76.12839921502656,0.8916841828691346,0.00887732155155468,17.488836100988912
2016-09-08,1473292800,BTC/USD,614.44,628.98,611.66,625.66,2704906.63,4346.02,0,585.2985000000001,592.1911850513314,619.0617664140744,551.5352335859258,585.2985000000001,79.5005455206691,1.8343397516235482,0.018177186901279077,18.100232690094966
2016-09-09,1473379200,BTC/USD,625.67,627.49,612.93,622.0,2031045.12,3272.66,0,587.3985,595.0301198083474,624.802488684017,549.994511315983,587.3985,75.8851113716295,-0.5849822587347675,-0.005866999821439221,18.451057178312816
2016-09-10,1473465600,BTC/USD,622.01,625.0,618.67,622.01,942782.96,1515.24,0,589.5755,597.5996322075524,629.7566123342975,549.3943876657025,589.5755,86.45833333333334,0.0016077170418071773,1.6077041181752614e-05,18.14956100979189
2016-09-11,1473552000,BTC/USD,621.65,628.99,594.63,603.8,3212019.0,5290.23,0,590.5730000000001,598.1901434258808,631.14427171314,550.0017282868602,590.5730000000001,67.59999999999997,-2.927605665503774,-0.029713152507622746,21.403010757525276
2016-09-12,1473638400,BTC/USD,604.08,609.15,602.0,607.0,2122659.19,3505.24,0,591.8875,599.0291773853207,632.8152740596048,550.9597259403953,591.8875,69.89910313901345,0.5299768135144101,0.005285773786759848,21.278133071151647
2016-09-13,1473724800,BTC/USD,606.4,609.61,603.28,607.73,2094788.68,3452.28,0,593.4185,599.8578271581473,634.3095590021359,552.5274409978641,593.4185,68.85150812064964,0.12026359143328946,0.0012019133270432661,21.117263588133543
2016-09-14,1473811200,BTC/USD,607.45,610.69,605.98,607.89,1756240.09,2886.87,0,594.9635000000001,600.6227960002285,635.5750411519584,554.3519588480417,594.9635000000001,72.67065575772378,0.026327480953702853,0.00026324015880600316,20.91137126235051
2016-09-15,1473897600,BTC/USD,608.5,608.99,602.3,605.21,1861670.0,3071.05,0,596.332,601.0596725716352,636.3543167219219,556.3096832780781,596.332,70.0704645885585,-0.4408692362104949,-0.0044184393043396365,21.029951340508898
2016-09-16,1473984000,BTC/USD,606.65,608.99,603.5,605.9,1570359.1,2588.36,0,598.2565,601.5206561362414,636.0634145861794,560.4495854138205,598.2565,70.1737681504404,0.11401001305331171,0.0011394507099354338,21.031864763993337
2016-09-17,1474070400,BTC/USD,607.04,607.59,601.1,604.04,670061.95,1109.35,0,599.8085,601.7605936470756,635.7524834801515,563.8645165198485,599.8085,58.82532884674211,-0.3069813500577667,-0.003074535043354987,19.792308356579543
2016-09-18,1474156800,BTC/USD,602.93,609.06,601.97,608.0,781477.06,1289.48,0,601.6335,602.3548228235446,635.1501078392932,568.1168921607068,601.6335,53.25577357180067,0.655585722799823,0.006534461058578694,19.68237037944432
2016-09-19,1474243200,BTC/USD,608.0,609.5,603.0,607.88,1499069.38,2468.15,0,603.266,602.8810301736833,634.468385468866,572.0636145311339,603.266,53.61888111888111,-0.019736842105266827,-0.00019738790076264458,19.615686081341096
2016-09-20,1474329600,BTC/USD,608.73,608.88,605.35,606.95,1476207.69,2432.7,0,605.0755,603.268551109523,632.2822835774814,577.8687164225187,605.0755,48.1005481005481,-0.1529907218529858,-0.0015310787215916332,19.629111988313262
2016-09-21,1474416000,BTC/USD,601.0,601.01,592.1,594.66,2172921.84,3652.44,0,606.2284999999999,602.4486890990922,629.0655818257525,583.3914181742474,606.2284999999999,33.49506441358538,-2.024878490814741,-0.02045660169714068,20.917746088264707
2016-09-22,1474502400,BTC/USD,595.46,596.42,592.5,593.95,1375604.47,2312.18,0,607.3259999999999,601.639290137274,624.6911779811239,589.9608220188759,607.3259999999999,17.780938833570445,-0.11939595735377395,-0.0011946729111233837,20.945854149197594
2016-09-23,1474588800,BTC/USD,595.42,602.9,593.0,602.53,2370015.59,3967.48,0,607.8275,601.7241196480098,623.9227492173544,591.7322507826456,607.8275,32.01551819693324,1.4445660409125205,0.014342315920774696,21.381990436584218
2016-09-24,1474675200,BTC/USD,600.47,603.59,597.76,600.14,656806.58,1092.94,0,607.622,601.5732511101041,624.0118268832676,591.2321731167323,607.622,30.64944257653508,-0.39666074718270883,-0.003974495324832116,17.837981398935156
2016-09-25,1474761600,BTC/USD,600.05,601.99,596.0,597.41,643116.81,1073.77,0,607.3054999999999,601.1767510043799,624.2461834821512,590.3648165178487,607.3054999999999,42.21301486717036,-0.4548938580997808,-0.004559316486366896,16.505521927500467
2016-09-26,1474848000,BTC/USD,598.95,607.27,596.1,604.28,2414023.3,4005.66,0,607.0715,601.4722985277722,624.0452150044697,590.0977849955303,607.0715,46.95749440715879,1.1499640113155074,0.011434021830399684,17.01728801462396
2016-09-27,1474934400,BTC/USD,606.7,608.37,600.02,604.57,1824191.37,3019.48,0,606.5804999999999,601.7673177156034,623.2278243938481,589.9331756061517,606.5804999999999,46.43018526886583,0.04799099755081748,0.00047979485554588497,16.73228796536663
2016-09-28,1475020800,BTC/USD,604.26,605.3,601.41,603.71,1315801.32,2180.68,0,605.483,601.9523350760221,619.5243376181043,591.4416623818956,605.483,45.35142348754453,-0.14224986353937874,-0.001423511347078895,16.394027785031177
2016-09-29,1475107200,BTC/USD,603.93,605.99,601.0,604.96,1628754.16,2697.69,0,604.631,602.2387793544962,616.3240044763756,592.9379955236243,604.631,49.71284171835516,0.20705305527488616,0.002068389958631675,14.923966346680736
2016-09-30,1475193600,BTC/USD,605.59,608.38,603.15,608.26,1586425.29,2621.96,0,603.9435,602.8122289397822,612.5413829095683,595.3456170904317,603.9435,52.55743389683574,0.5454906109494839,0.005440081994166453,15.030453486034034
2016-10-01,1475280000,BTC/USD,608.23,614.28,608.23,612.0,892286.51,1459.26,0,604.3534999999999,603.6872547550412,613.6742369823993,595.0327630176006,604.3534999999999,58.288213244481504,0.6148686416992843,0.0061298603755370095,15.233631057753616
2016-10-02,1475366400,BTC/USD,612.98,613.0,605.0,608.59,854574.81,1404.48,0,604.433,604.1541828736086,613.8751141700537,594.9908858299463,604.433,50.62144512323576,-0.5571895424836604,-0.005587476337915237,11.22319378121782
2016-10-03,1475452800,BTC/USD,608.6,611.59,606.6,611.06,1213593.69,1989.94,0,604.5995,604.8118797427888,614.397154875171,594.801845124829,604.5995,53.19148936170209,0.4058561593190735,0.0040503478485799235,11.16309862655803
2016-10-04,1475539200,BTC/USD,612.84,612.84,604.99,607.18,1786596.93,2940.59,0,604.564,605.0374150053805,614.3164958209256,594.8115041790743,604.564,50.217926852378156,-0.6349621968382846,-0.006369866560457407,11.39328533772332
2016-10-05,1475625600,BTC/USD,607.19,612.0,605.76,610.98,1379508.03,2263.27,0,604.8525,605.6033754810585,615.0180887550683,594.6869112449316,604.8525,68.42818428184293,0.625844066010095,0.006238937949095735,11.599713765758395
2016-10-06,1475712000,BTC/USD,608.01,610.5,607.09,610.34,1216942.71,1997.2,0,605.0745,606.0544825781005,615.5263031181888,594.6226968818111,605.0745,68.53653019678808,-0.1047497463092073,-0.0010480464719834312,11.487327205954642
2016-10-07,1475798400,BTC/USD,610.25,616.34,607.52,614.23,2462264.34,4024.05,0,605.5840000000001,606.8331032849482,616.7897511549962,594.3782488450039,605.5840000000001,64.80263157894743,0.6373496739522144,0.006353271898993386,11.670037060413788
2016-10-08,1475884800,BTC/USD,614.88,616.99,612.5,614.48,540336.72,879.41,0,605.908,607.5613791625722,617.7637498375622,594.0522501624379,605.908,69.18138041733552,0.04070136593783413,0.0004069308517873329,11.59208374985724
2016-10-09,1475971200,BTC/USD,614.34,614.98,610.0,613.61,718220.14,1171.51,0,606.1945,608.1374382899463,618.5185859167947,593.8704140832052,606.1945,72.80405405405412,-0.14158312719697586,-0.0014168345081189881,11.423875970986218
2016-10-10,1476057600,BTC/USD,612.12,616.47,612.12,615.37,1359190.87,2211.59,0,606.6155,608.8262536909039,619.6055277136089,593.6254722863911,606.6155,68.23413350871431,0.2868271377585163,0.0028641657360931085,11.451637275954676
2016-10-11,1476144000,BTC/USD,616.37,639.0,614.56,638.91,5087966.79,8068.14,0,608.828,611.6913723870082,627.2019891666198,590.4540108333802,608.828,81.99776369735372,3.825340851845227,0.03753988646911334,17.13208549535039
2016-10-12,1476230400,BTC/USD,638.3,640.0,628.76,635.06,1683399.03,2647.77,0,610.8835,613.9169559691978,631.3304936279488,590.4365063720512,610.8835,77.66990291262135,-0.602588784022795,-0.006044116769573697,15.338257577092568
2016-10-13,1476316800,BTC/USD,634.5,636.0,630.0,635.61,1505154.5,2372.3,0,612.5375,615.9829601626076,635.3538485938969,589.7211514061031,612.5375,77.390527256479,0.08660598998520008,0.000865685086368609,15.28156236585281
2016-10-14,1476403200,BTC/USD,635.16,639.99,630.45,638.38,1985398.45,3126.93,0,614.4495000000001,618.1160115756926,639.2170691814563,589.6819308185438,614.4495000000001,77.17430530494408,0.4358018281650722,0.0043485496197460715,14.748586999533245
2016-10-15,1476489600,BTC/USD,638.2,642.0,635.25,636.01,904700.03,1416.27,0,616.3795,619.8202009494362,641.5685406202527,591.1904593797473,616.3795,72.21091581868642,-0.37125223221279313,-0.003719430837101884,14.734186726378157
2016-10-16,1476576000,BTC/USD,635.26,641.4,635.18,638.09,818316.63,1281.36,0,618.0699999999999,621.5601818113946,644.3543119109461,591.7856880890538,618.0699999999999,77.97799696509861,0.3270388830364457,0.0032650527397092817,14.4914587762571
2016-10-17,1476662400,BTC/USD,638.97,639.99,632.1,635.69,2511081.05,3949.98,0,619.626,622.905878781738,646.227941678249,593.024058321751,619.626,73.39031339031345,-0.37612249055775093,-0.003768316098604978,14.350946589914692
2016-10-18,1476748800,BTC/USD,636.96,637.8,631.52,635.58,1730619.17,2723.53,0,621.2194999999999,624.112937945382,647.6245509322963,594.8144490677035,621.2194999999999,79.05073649754505,-0.017304031839415757,-0.00017305529159738936,14.363803950177681
2016-10-19,1476835200,BTC/USD,635.95,638.04,624.13,627.98,2802783.71,4438.98,0,622.3705,624.4812295696313,647.7794246442913,596.9615753557086,622.3705,66.13515565679572,-1.1957582051040028,-0.012029649009149783,15.16537702808124
2016-10-20,1476921600,BTC/USD,627.84,630.22,625.0,627.72,1272578.99,2027.49,0,623.3435000000001,624.789683896333,647.9551799614867,598.7318200385134,623.3435000000001,66.6156787762906,-0.0414025924392436,-0.00041411165678991054,15.18579560003438
2016-10-21,1477008000,BTC/USD,628.05,632.36,627.5,628.99,1901772.35,3021.58,0,624.193,625.1897140014441,648.3242866147774,600.0617133852226,624.193,64.8550724637681,0.20231950551201638,0.0020211511523496556,15.127434482181656
2016-10-22,1477094400,BTC/USD,628.99,656.0,628.57,655.0,2796794.12,4327.45,0,626.5135,628.0287888584495,653.1254816900962,599.9015183099038,626.5135,76.85577942735947,4.1352008775974225,0.04051987731238234,20.249766739995824
2016-10-23,1477180800,BTC/USD,654.52,656.0,647.51,649.69,1638750.59,2515.06,0,628.445,630.0917613481209,655.9276800960804,600.9623199039197,628.445,72.5838758137206,-0.8106870229007579,-0.008139909586475348,20.408542190990282
2016-10-24,1477267200,BTC/USD,648.71,652.25,640.0,648.14,2989151.78,4619.48,0,630.493,631.8106412197285,657.4020899140112,603.5839100859889,630.493,70.56608510104178,-0.23857532053749297,-0.0023886036490927257,20.492952777451627
2016-10-25,1477353600,BTC/USD,649.03,657.58,643.0,648.33,3888441.58,5962.24,0,632.3605,633.3839134845163,658.7467846949004,605.9742153050996,632.3605,58.362926136363676,0.029314654241385796,0.0002931035833615201,20.245561974941204
2016-10-26,1477440000,BTC/USD,651.97,677.0,651.69,673.14,4439547.37,6676.41,0,635.5005,637.1702074383718,665.5460594231987,605.4549405768013,635.5005,74.63768115942028,3.826754893341344,0.03755350580188303,23.49780690942367
2016-10-27,1477526400,BTC/USD,674.63,685.89,665.59,682.67,2963679.02,4360.41,0,638.9224999999999,641.5035210156697,673.9452600433341,603.8997399566657,638.9224999999999,77.2779967539995,1.4157530380010108,0.014058248506939514,23.621550187705505
2016-10-28,1477612800,BTC/USD,684.68,687.23,677.05,685.29,2418614.56,3533.3,0,642.463,645.6736618713202,681.2013303175266,603.7246696824733,642.463,77.238415979561,0.38378718853910865,0.0038305260440200254,23.62398772677296
2016-10-29,1477699200,BTC/USD,685.91,717.99,684.89,712.06,2818902.89,4006.35,0,647.3855000000001,651.9961702645278,694.7469395562724,600.0240604437278,647.3855000000001,84.40865080083249,3.906375403114004,0.03832007118852053,26.166084502707054
2016-10-30,1477785600,BTC/USD,711.1,711.78,691.49,696.36,2595213.56,3701.4,0,651.4350000000001,656.2212969060013,701.0658344309878,601.8041655690123,651.4350000000001,73.47136067026506,-2.204870376091894,-0.02229540953389123,27.95272374445159
2016-10-31,1477872000,BTC/USD,697.1,706.97,683.6,697.67,3231182.18,4633.45,0,654.373,660.168792438763,707.7010935540134,601.0449064459867,654.373,75.18693107932378,0.1881210867941796,0.0018794436068237355,27.96882687765145
2016-11-01,1477958400,BTC/USD,697.04,737.0,695.38,726.6,4705903.17,6513.61,0,658.95,666.4955741112618,720.3944128760667,597.5055871239334,658.95,79.9683919399447,4.146659595510771,0.04062990818976053,28.424961254611418
2016-11-02,1478044800,BTC/USD,726.6,735.93,717.32,732.99,2892450.16,3993.43,0,663.8190000000001,672.8283765768559,732.4848548103964,595.1531451896037,663.8190000000001,84.85230667109197,0.8794384805945521,0.008755939441687129,28.08699927176549
2016-11-03,1478131200,BTC/USD,742.0,745.19,670.32,681.03,8590702.9,12058.18,0,665.9514999999999,673.6094835695363,733.9365956653875,597.9664043346123,665.9514999999999,63.17272053372868,-7.088773380264401,-0.07352570118613913,39.55710021517792
2016-11-04,1478217600,BTC/USD,684.84,707.67,681.0,702.98,3680627.26,5281.98,0,669.3,676.4066756105328,737.6716472477352,600.9283527522647,669.3,66.58745460251984,3.223059189756694,0.03172208386118685,40.76770828701785
2016-11-05,1478304000,BTC/USD,702.95,707.34,694.71,703.63,1335523.71,1903.05,0,672.577,678.9993731714344,740.9328035421651,604.2211964578349,672.577,62.300804370921234,0.09246351247544915,0.0009242079130205618,40.680089855588676
2016-11-06,1478390400,BTC/USD,703.33,714.36,697.92,710.22,1616523.29,2286.86,0,676.3035,681.9727662027263,744.3175218592755,608.2894781407244,676.3035,65.21236491580798,0.9365717777809479,0.009322131377000237,40.705184568680295
2016-11-07,1478476800,BTC/USD,709.92,709.92,698.26,706.5,2095201.51,2980.3,0,679.8495,684.3086932310382,746.3009098618826,613.3980901381175,679.8495,64.50875099443118,-0.5237813635211697,-0.005251579069275178,40.74912020198828
2016-11-08,1478563200,BTC/USD,702.86,712.92,701.02,710.19,3892295.31,5507.32,0,683.96,686.773579589987,746.9841033256351,620.9358966743649,683.96,65.11582445508748,0.5222929936305798,0.005209337744580947,40.70517331897893
2016-11-09,1478649600,BTC/USD,708.17,740.86,705.45,720.44,7065921.02,9704.45,0,688.596,689.9799053433215,747.7215247756866,629.4704752243134,688.596,62.44343891402716,1.4432757431110055,0.01432959659969378,40.31466498732146
2016-11-10,1478736000,BTC/USD,721.5,722.0,707.0,714.5,3504671.05,4904.22,0,692.8715,692.3151524534813,745.9012343701506,639.8417656298493,692.8715,58.53488496809138,-0.824496141247022,-0.008279139098934692,40.57683469993113
2016-11-11,1478822400,BTC/USD,714.48,720.94,712.24,715.82,2344789.75,3275.09,0,695.9125,694.5537093626735,746.7272408679214,645.0977591320786,695.9125,58.24377598963116,0.18474457662702726,0.0018457413372445434,40.57913784517736
2016-11-12,1478908800,BTC/USD,716.39,716.39,701.0,703.0,1940916.08,2744.07,0,698.578,695.3581179947998,744.5454262700779,652.6105737299221,698.578,47.35428104193438,-1.7909530328853673,-0.018071846896501636,39.38610090782126
2016-11-13,1478995200,BTC/USD,701.17,702.89,683.23,701.51,4171893.49,6019.9,0,701.2465,695.9440115191046,740.6070660394724,661.8859339605275,701.2465,51.64002292847589,-0.21194879089616592,-0.0021217372022550567,39.219369597632195
2016-11-14,1479081600,BTC/USD,700.38,705.89,697.14,704.7,5098505.82,7277.37,0,704.0649999999999,696.7779151839518,734.541389826264,673.5886101737359,704.0649999999999,52.21222229215183,0.4547333608929449,0.004537025724567025,39.15824667048909
2016-11-15,1479168000,BTC/USD,704.98,716.54,703.05,710.82,4005033.08,5632.96,0,705.9490000000001,698.115256595004,732.8215427469102,679.07645725309,705.9490000000001,44.201940035273395,0.8684546615581157,0.008647052861746,39.16596347457004
2016-11-16,1479254400,BTC/USD,711.07,742.87,708.44,737.99,8263859.53,11341.32,0,708.715,701.9128512050037,736.856870285363,680.573129714637,708.715,51.59377789111309,3.8223460229031225,0.03751104117844445,39.16143433089173
2016-11-17,1479340800,BTC/USD,739.71,749.98,732.22,737.0,4943483.12,6643.37,0,711.3005,705.2544844235747,739.878914728976,682.7220852710241,711.3005,76.42836906223432,-0.13414815918915135,-0.0013423821838306465,39.045076768928695
2016-11-18,1479427200,BTC/USD,736.0,752.95,731.31,745.99,3166648.02,4252.57,0,712.9970000000001,709.1340573356151,745.5212252061976,680.4727747938025,712.9970000000001,73.14107392661134,1.2198100407055712,0.012124303098841582,39.155549637822986
2016-11-19,1479513600,BTC/USD,748.98,755.07,742.63,749.57,1466174.56,1959.94,0,715.6575,712.985099494128,751.0318861393685,680.2831138606316,715.6575,73.96202795743787,0.47989919435917905,0.004787513490441812,37.12717943584575
2016-11-20,1479600000,BTC/USD,750.09,753.82,714.0,727.09,4041204.67,5518.93,0,717.1285,714.3284233518301,751.7931316187473,682.4638683812527,717.1285,57.54809843400445,-2.999052790266421,-0.030449442483586543,37.91097874388362
2016-11-21,1479686400,BTC/USD,727.09,739.2,727.03,736.97,2942854.28,4009.26,0,717.647,716.4847639849892,753.2068035042863,682.0871964957138,717.647,62.920871851412066,1.358841408903988,0.013496919502715733,38.1171912178212
2016-11-22,1479772800,BTC/USD,736.92,750.0,730.27,746.61,3685436.12,4968.31,0,718.328,719.3538340816568,755.6051856855084,681.0508143144915,718.328,64.70208299693198,1.3080586726732513,0.012995774646075405,35.774175241370216
2016-11-23,1479859200,BTC/USD,749.13,749.98,729.92,740.17,3264940.91,4417.64,0,721.2850000000001,721.33632607388,755.3487201664651,687.221279833535,721.2850000000001,58.21740941274463,-0.8625654625574297,-0.008663070899712928,35.8252130345796
2016-11-24,1479945600,BTC/USD,740.18,741.15,729.0,735.7,2937407.2,3998.96,0,722.921,722.7042950192247,756.4213226378852,689.4206773621149,722.921,58.93911283521673,-0.6039153167515465,-0.006057462605892644,23.910369325480772
2016-11-25,1480032000,BTC/USD,735.63,737.03,728.0,737.03,2438631.37,3328.41,0,724.591,724.0686478745365,757.3643311992392,691.8176688007608,724.591,58.942575259296696,0.18078020932443817,0.0018061699857623808,21.625778330527407
2016-11-26,1480118400,BTC/USD,736.96,737.56,722.3,729.87,1654649.42,2272.64,0,725.5735000000001,724.6211576007712,757.7047094715646,693.4422905284356,725.5735000000001,61.896750199238475,-0.9714665617410412,-0.009762160831841567,22.021690419268143
2016-11-27,1480204800,BTC/USD,729.91,732.0,722.44,726.12,2499926.68,3436.36,0,726.5545,724.7639044959359,757.406344592133,695.7026554078669,726.5545,60.68235089851551,-0.5137901270089174,-0.005151145669909276,21.964760533803528
2016-11-28,1480291200,BTC/USD,727.32,732.44,724.1,730.98,3454018.44,4736.73,0,727.594,725.355913591561,757.5110765529317,697.6769234470684,727.594,61.244223857607395,0.6693108577094709,0.006670809172140722,21.92172961800762
2016-11-29,1480377600,BTC/USD,730.99,733.29,721.0,730.99,3788691.62,5193.25,0,728.1215,725.8924932495077,757.879072959187,698.3639270408129,728.1215,59.1060948081264,0.0013680264849824653,1.3680171275854882e-05,21.888461492929697
2016-11-30,1480464000,BTC/USD,730.72,744.49,727.0,742.06,4577304.37,6208.19,0,729.4995,727.4322557971736,759.1534561397317,699.8455438602683,729.4995,52.15002641310087,1.5143846017045215,0.015030322666227497,21.941998426513763
2016-12-01,1480550400,BTC/USD,742.06,754.98,740.18,751.6,4569793.09,6097.42,0,731.2885,729.7339457212523,761.7731441240293,700.8038558759707,731.2885,57.07364341085273,1.2856103280058262,0.012774165107435566,21.982853171311444
2016-12-02,1480636800,BTC/USD,751.55,778.07,750.77,769.99,6181050.26,8062.0,0,734.638,733.5678556525617,766.7149571991824,702.5610428008176,734.638,60.65719360568385,2.4467802022352325,0.024173260211100295,23.235536680748304
2016-12-03,1480723200,BTC/USD,770.91,770.99,752.41,762.79,2107293.54,2763.36,0,737.702,736.3509170189843,768.1192109175099,707.2847890824901,737.702,55.68748924453619,-0.9350770789231078,-0.009394763706302529,22.40118375138045
2016-12-04,1480809600,BTC/USD,762.97,762.97,752.41,761.99,2385412.41,3143.49,0,740.5665000000001,738.7927344457477,768.5943044467551,712.5386955532451,740.5665000000001,68.45779564205628,-0.1048781447056113,-0.0010493318031537838,22.367995355377396
2016-12-05,1480896000,BTC/USD,762.0,762.09,743.0,750.0,4155543.78,5540.78,0,742.5255,739.8600930699622,767.0581107135243,717.9928892864756,742.5255,56.74081738230729,-1.5735114634050307,-0.01586022571059805,23.39175007497139
2016-12-06,1480982400,BTC/USD,749.51,759.9,747.99,758.91,5062327.13,6703.0,0,743.5715,741.674369920442,769.0553708742829,718.0876291257172,743.5715,56.411592994161786,1.187999999999989,0.011809986759357708,23.51386900544764
2016-12-07,1481068800,BTC/USD,758.97,769.61,751.78,766.85,3616332.71,4745.99,0,745.064,744.072048975638,772.3593988025408,717.7686011974591,745.064,63.69328679942522,1.0462373667496916,0.010408021807075002,20.15299438191258
2016-12-08,1481155200,BTC/USD,764.05,772.01,762.29,767.96,3438246.11,4475.48,0,746.1625,746.3470919303392,775.3196768722244,717.0053231277757,746.1625,67.14862853497768,0.1447479950446695,0.0014464333611661601,20.120867306678196
2016-12-09,1481241600,BTC/USD,766.84,773.99,766.29,769.49,2200017.6,2855.94,0,747.1585,748.551178413164,778.1114029503358,716.2055970496642,747.1585,67.21833227243795,0.19922912651699765,0.0019903092849453455,19.779144040565235
2016-12-10,1481328000,BTC/USD,769.57,774.12,768.11,772.35,1698016.64,2197.94,0,749.4215,750.8177328500055,780.8115220653544,718.0314779346456,749.4215,73.61049355269009,0.37167474561072833,0.003709857417359689,19.759930418782766
2016-12-11,1481414400,BTC/USD,772.28,772.28,764.01,768.19,1058389.27,1378.71,0,750.9825000000001,752.4722344833383,782.8665543383822,719.0984456616179,750.9825000000001,73.27652982184355,-0.5386159124749046,-0.0054007167765573105,16.26478341940399
2016-12-12,1481500800,BTC/USD,768.97,779.0,768.96,777.93,2163450.23,2790.93,0,752.5485,754.8967835801632,786.5355509552072,718.5614490447928,752.5485,74.64566929133858,1.2679154896575007,0.012599447453700252,16.191958526736496
2016-12-13,1481587200,BTC/USD,777.0,793.27,765.1,778.71,3767383.2,4840.32,0,754.4755,757.1647089534811,789.8494377597668,719.1015622402332,754.4755,74.84898979379298,0.10026609077937731,0.0010021585790946231,15.746350330911579
2016-12-14,1481673600,BTC/USD,775.35,781.0,770.74,776.29,1793918.87,2309.6,0,756.5049999999999,758.9861652436258,792.0006605205444,721.0093394794553,756.5049999999999,69.58910381137689,-0.31077037664857254,-0.0031125427057630095,15.385817654876869
2016-12-15,1481760000,BTC/USD,777.03,779.08,771.0,774.79,2290042.69,2948.47,0,758.393,760.4912923632804,793.5423020668939,723.2436979331062,758.393,64.6161603428715,-0.19322675804145373,-0.0019341368177149157,15.169439436444426
2016-12-16,1481846400,BTC/USD,776.3,782.46,771.24,780.35,2561600.07,3290.32,0,760.917,762.3825978524918,794.6641577594675,727.1698422405326,760.917,57.78947368421052,0.7176138050310588,0.007150512095543013,15.252925679250943
2016-12-17,1481932800,BTC/USD,781.32,790.88,780.36,788.4,1876973.65,2387.99,0,764.0310000000001,764.860445676064,795.6876440353242,732.3743559646759,764.0310000000001,69.01262063845583,1.0315883898250666,0.01026303829000241,14.75753622505023
2016-12-18,1482019200,BTC/USD,788.3,790.99,780.0,788.68,1981286.28,2516.86,0,766.9159999999999,767.128974659296,796.3274903432451,737.5045096567547,766.9159999999999,69.96857698638331,0.03551496702181023,0.0003550866195018266,14.463007174376541
2016-12-19,1482105600,BTC/USD,788.34,794.39,787.01,790.65,3069394.12,3878.35,0,769.899,769.3690723107916,795.86893962663,743.92906037337,769.899,85.77715190987496,0.24978444996703875,0.002494730071258607,14.435815317541573
2016-12-20,1482192000,BTC/USD,791.03,803.0,787.1,801.02,3156234.61,3979.47,0,772.847,772.3834463764305,798.8966369102944,746.7973630897055,772.847,86.13351638922254,1.311579080503389,0.013030523576332404,14.714385945926614
2016-12-21,1482278400,BTC/USD,798.65,830.01,796.82,828.1,7502025.03,9191.56,0,776.6719999999999,777.6897848167704,810.7990644873918,742.544935512608,776.6719999999999,89.56207208371008,3.380689620733568,0.0332480044939965,17.474017455789248
2016-12-22,1482364800,BTC/USD,832.02,875.0,827.29,858.94,10296745.43,12029.93,0,781.1195,785.4279005485065,831.0876753350678,731.1513246649322,781.1195,92.45846555908155,3.724187900012077,0.03656515084383565,20.45796611907548
2016-12-23,1482451200,BTC/USD,858.94,920.0,858.93,916.0,14525838.63,16185.92,0,788.78,797.8633385915058,866.2980815579266,711.2619184420734,788.78,95.03288867031411,6.643071693016966,0.06431729379064015,28.145145547773904
2016-12-24,1482537600,BTC/USD,914.48,918.5,878.89,892.63,5390303.22,5987.56,0,795.312,806.8887349161242,884.4680188008716,706.1559811991284,795.312,82.83109509771808,-2.55131004366812,-0.025844203364165617,29.96394786112484
2016-12-25,1482624000,BTC/USD,892.61,894.97,859.0,891.67,3478222.78,3974.2,0,802.3955,814.9631411145886,898.6243356990789,706.1666643009211,802.3955,84.30381153461491,-0.10754736004839893,-0.0010760523371979064,29.96490822732964
2016-12-26,1482710400,BTC/USD,890.65,905.18,888.0,899.1,3111630.61,3461.33,0,809.405,822.9761752941515,912.4768264635233,706.3331735364767,809.405,84.0997354646254,0.8332679130171439,0.008298154017960432,28.736976204652358
2016-12-27,1482796800,BTC/USD,897.82,936.42,891.0,929.92,6613609.53,7170.3,0,817.5585,833.1613014566133,931.6650085601598,703.4519914398402,817.5585,86.39930672572332,3.4278723167612046,0.033704297951136164,30.014302151402156
2016-12-28,1482883200,BTC/USD,930.34,975.97,929.49,975.97,11488843.01,12023.35,0,827.9590000000001,846.7621298893168,959.6022074166676,696.3157925833325,827.9590000000001,89.72308426832178,4.952038885065391,0.048333287293898214,32.87011812287276
2016-12-29,1482969600,BTC/USD,976.46,980.74,950.0,968.99,7528704.36,7785.7,0,837.934,858.4028794236676,980.6875921052348,695.1804078947652,837.934,87.80858188614592,-0.7151859175999253,-0.0071775563156866555,33.334383547457705
2016-12-30,1483056000,BTC/USD,969.99,970.0,931.0,959.03,10164057.18,10687.6,0,847.268,867.9864147166517,996.2426020883051,698.2933979116949,847.268,84.20105658065995,-1.0278743846685812,-0.010331934939899503,34.02356321426667
2016-12-31,1483142400,BTC/USD,959.54,966.37,944.11,964.32,3850228.19,4029.84,0,857.0745,877.1610418864944,1009.9027793443962,704.2462206556037,857.0745,84.03234543062754,0.5515990115012137,0.005500832754558626,33.98425762561494
2017-01-01,1483228800,BTC/USD,966.34,1005.0,960.53,998.8,6579903.85,6665.42,0,868.118,888.7457045639712,1028.5951711720045,707.6408288279956,868.118,85.89831203444268,3.5755765720922428,0.035131368670884094,34.4809804865298
2017-01-02,1483315200,BTC/USD,997.75,1032.0,990.01,1014.1,8190254.59,8085.06,0,879.8875,900.684208891212,1047.1395398585396,712.6354601414605,879.8875,86.51263113173631,1.5318382058470137,0.01520224021233248,34.4937043756142
2017-01-03,1483401600,BTC/USD,1011.44,1039.0,999.99,1036.99,8955192.92,8779.72,0,892.9225,913.6657128063348,1066.6878844608946,719.1571155391053,892.9225,87.04279300492918,2.257173848732874,0.022320766363537862,34.3789696697292
2017-01-04,1483488000,BTC/USD,1035.51,1139.89,1028.56,1122.56,23257162.08,21371.6,0,910.311,933.5604068247791,1102.8859818040821,717.736018195918,910.311,89.05305039787797,8.251767133723554,0.07928950532222027,40.6060899341858
2017-01-05,1483574400,BTC/USD,1114.38,1136.72,885.41,994.02,35036904.22,34736.36,0,920.9945,939.3184633176573,1106.8008105239614,735.1881894760386,920.9945,64.22793343164102,-11.450612884834666,-0.12160974312520781,62.89316281307262
2017-01-06,1483660800,BTC/USD,1004.73,1026.99,871.0,891.56,25238781.34,27597.93,0,926.1524999999999,934.7700382397852,1101.9166469787235,750.3883530212763,926.1524999999999,47.65045183618535,-10.307639685318204,-0.10878458984050889,75.53939965809103
2017-01-07,1483747200,BTC/USD,894.02,906.0,812.28,897.14,17026388.21,19697.24,0,931.5754999999999,931.1862250740913,1095.7940810981668,767.3569189018331,931.5754999999999,50.448925962055306,0.6258692628650975,0.006239188350491934,75.52595725679933
2017-01-08,1483833600,BTC/USD,906.2,941.81,881.3,906.17,8088448.27,8849.68,0,937.3515000000001,928.8037274479874,1088.2889047010722,786.414095298928,937.3515000000001,51.420510208080245,1.0065318679358892,0.01001500072178833,75.50665409238879
2017-01-09,1483920000,BTC/USD,909.8,912.87,875.0,899.99,7733150.91,8663.98,0,942.3,926.0595629291315,1080.3578264809064,804.2421735190936,942.3,50.08740400290693,-0.6819912378472015,-0.006843274258801536,75.63999520697536
2017-01-10,1484006400,BTC/USD,896.09,912.47,889.41,907.96,7157833.4,7931.46,0,946.293,924.335795031119,1074.727739537247,817.8582604627529,946.293,47.74204162211072,0.8855653951710618,0.00881667261603054,75.60590204913818
2017-01-11,1484092800,BTC/USD,905.05,918.4,755.0,788.81,29111252.67,35446.63,0,942.7864999999999,911.4285764567267,1084.4146111369173,801.1583888630826,942.7864999999999,33.2707640602095,-13.122824794043797,-0.1406748440746473,90.2800070635132
2017-01-12,1484179200,BTC/USD,778.7,832.99,751.34,816.0,13545426.73,17298.71,0,937.7864999999999,902.340140603705,1090.0572276392606,785.5157723607392,937.7864999999999,36.80187718904744,3.446964414751341,0.033888874271253026,90.13943511891159
2017-01-13,1484265600,BTC/USD,807.51,831.4,775.0,826.9,9133431.3,11298.84,0,934.5,895.155365308114,1093.560374899465,775.4396251005351,934.5,38.61988183211893,1.3357843137254966,0.013269413764014068,87.05760438133473
2017-01-14,1484352000,BTC/USD,825.98,837.76,810.0,819.66,5442676.2,6581.1,0,930.8995000000001,887.9653305168652,1097.1399778721427,764.6590221278575,930.8995000000001,37.58240626287598,-0.8755593179344601,-0.008794148600670295,86.7398741079002
2017-01-15,1484438400,BTC/USD,819.52,823.45,808.0,822.47,3432426.03,4203.56,0,927.068,881.7276799914493,1099.8000094798522,754.3359905201477,927.068,33.993573101432446,0.34282507381109273,0.0034223876827439406,86.77337100853542
2017-01-16,1484524800,BTC/USD,821.86,835.0,818.09,829.62,5082219.0,6136.18,0,922.0530000000001,876.7650438017876,1100.176329847019,743.9296701529813,922.0530000000001,33.00224818486714,0.8693326200347684,0.008655756818386831,86.77976561889976
2017-01-17,1484611200,BTC/USD,831.76,908.5,827.0,906.08,10693223.8,12173.38,0,918.5584999999999,879.5569443920934,1094.9620363382262,742.1549636617734,918.5584999999999,39.02185398252353,9.2162676888214,0.08815983773691337,91.66051300879029
2017-01-18,1484697600,BTC/USD,905.95,915.99,851.74,876.74,9689310.45,11022.4,0,913.9460000000001,879.2886639737987,1089.6200006405418,738.2719993594585,913.9460000000001,27.23888888888891,-3.238124668903408,-0.03291711917016231,90.43723929746207
2017-01-19,1484784000,BTC/USD,887.69,910.0,878.89,900.46,9904314.22,11066.52,0,911.0174999999999,881.3049816905799,1085.4755883312978,736.5594116687022,911.0174999999999,39.25042511144815,2.705477108378762,0.026695260667294884,91.09826449782992
2017-01-20,1484870400,BTC/USD,902.23,902.43,880.0,895.62,5904057.73,6605.45,0,907.5824999999999,882.6683167676675,1080.3184766720367,734.846523327963,907.5824999999999,50.601374570446744,-0.5375030539946257,-0.005389527989424177,91.06759585801179
2017-01-21,1484956800,BTC/USD,895.81,928.0,895.0,921.1,5329454.56,5817.93,0,903.6975,886.3284770755088,1071.2114490028416,736.1835509971584,903.6975,53.351423935545235,2.8449565664009357,0.02805239212098664,91.67392721263586
2017-01-22,1485043200,BTC/USD,921.98,937.74,886.76,919.39,6476841.64,7066.33,0,898.9620000000001,889.4771935445079,1058.4997718812772,739.424228118723,898.9620000000001,51.88781630205062,-0.18564759526653596,-0.0018582013399040752,90.66680807494912
2017-01-23,1485129600,BTC/USD,923.75,927.57,913.21,921.39,3073522.47,3339.46,0,893.182,892.5165084450309,1039.4920863667023,746.8719136332977,893.182,53.092843103248924,0.21753553986882945,0.002172992738929015,90.43215187552947
2017-01-24,1485216000,BTC/USD,913.15,923.0,886.27,893.0,7978981.16,8821.87,0,881.704,892.5625552597899,980.573848610235,782.8341513897649,881.704,47.958403843004525,-3.0812142523795605,-0.031296818516715855,90.330944714173
2017-01-25,1485302400,BTC/USD,885.47,904.01,884.5,892.95,4724511.12,5289.95,0,876.6505,892.5994547588575,960.5467448127714,792.7542551872285,876.6505,71.0571012617276,-0.005599104143327871,-5.599260899015214e-05,84.7787028000546
2017-01-26,1485388800,BTC/USD,893.25,919.49,892.86,916.34,4635817.25,5107.77,0,877.8895,894.8604590675377,963.4286757525248,792.3503242474752,877.8895,70.60538853293905,2.6194075816115214,0.02585688657602477,75.3839154815127
2017-01-27,1485475200,BTC/USD,914.95,924.88,908.01,917.84,4422003.07,4817.73,0,878.9245000000001,897.0489867753912,965.9327288848848,791.9162711151154,878.9245000000001,69.42498291182501,0.16369469847437035,0.001635608647354116,65.0126111743494
2017-01-28,1485561600,BTC/USD,918.02,920.99,913.08,917.75,1050315.48,1144.75,0,879.5035,899.0205118444015,967.4244559535709,791.5825440464291,879.5035,71.61239148636142,-0.009805630611003924,-9.806111394391807e-05,64.99003145900943
2017-01-29,1485648000,BTC/USD,918.6,919.99,910.45,913.1,1210874.32,1322.86,0,880.159,900.3614154782681,968.9145879693766,791.4034120306234,880.159,69.80810420946801,-0.5066739308090429,-0.005079618754649244,64.93892930000897
2017-01-30,1485734400,BTC/USD,913.12,923.0,910.0,921.08,2750934.15,2997.2,0,880.8149999999999,902.3346140041473,970.6234620324379,791.0065379675619,880.8149999999999,69.91724738675958,0.873945898587225,0.008701490967124133,64.94484698073819
2017-01-31,1485820800,BTC/USD,919.99,970.0,917.5,965.01,8839243.99,9315.91,0,889.625,908.3036983847046,975.9328520548165,803.3171479451835,889.625,64.95154006190691,4.76940113779476,0.04659156939017547,66.80190672195681
2017-02-01,1485907200,BTC/USD,963.99,986.96,962.0,983.36,6669709.8,6874.21,0,897.993,915.4519175861612,986.6652010909628,809.3207989090373,897.993,78.64896818572657,1.901534699122287,0.018836814962525716,41.766361409868225
2017-02-02,1485993600,BTC/USD,983.79,1011.65,973.12,1008.18,8158190.25,8205.72,0,907.057,924.2831635303364,1001.9718591550418,812.1421408449582,907.057,78.77444171385831,2.5239993491701807,0.024926725175785685,41.246079651848625
2017-02-03,1486080000,BTC/USD,1009.15,1022.64,987.01,1012.64,10899361.44,10799.51,0,916.7059999999999,932.698100336971,1013.4306934998087,819.9813065001911,916.7059999999999,81.32226980728052,0.44238132079590375,0.004414056909089737,41.27361617270445
2017-02-04,1486166400,BTC/USD,1015.06,1044.23,1004.0,1034.44,5857358.53,5725.94,0,927.3045000000002,942.3878050667834,1026.960457748332,827.6485422516686,927.3045000000002,80.94692005242464,2.1527887501975096,0.021299435443244138,40.89400821175111
2017-02-05,1486252800,BTC/USD,1033.72,1034.6,1004.7,1014.57,4387548.42,4318.54,0,936.552,949.2622998223278,1032.2889234385257,840.8150765614743,936.552,73.64368044515105,-1.9208460616372158,-0.01939534007758001,42.17632155701222
2017-02-06,1486339200,BTC/USD,1010.03,1031.94,1005.1,1023.7,5176624.63,5069.03,0,942.433,956.3516046011537,1044.5278071466726,840.3381928533274,942.433,74.54536730483184,0.8998886227662872,0.00895863753306572,42.1752396757089
2017-02-07,1486425600,BTC/USD,1024.0,1056.25,1021.3,1054.12,5509558.04,5280.65,0,951.302,965.6628803534247,1059.9745097858627,842.6294902141375,951.302,88.28169549515302,2.9715737032333545,0.029282780687346046,32.17486490916659
2017-02-08,1486512000,BTC/USD,1052.48,1070.0,1025.0,1056.99,10005034.74,9568.8,0,959.1285,974.3607012721462,1074.7104195977263,843.5465804022738,959.1285,88.46009565788239,0.2722650172656049,0.0027189504744758956,28.76269858826116
2017-02-09,1486598400,BTC/USD,1051.73,1074.69,913.73,981.96,24875574.97,24957.61,0,963.4455,975.0844440081323,1075.4335855457896,851.4574144542106,963.4455,62.385805964514915,-7.098458831209376,-0.07362995076025633,39.81577539942491
2017-02-10,1486684800,BTC/USD,985.71,1010.68,950.0,997.57,10395040.24,10634.42,0,967.269,977.2259255311674,1078.3879791738213,856.1500208261788,967.269,64.28801835059676,1.589677787282584,0.015771747413143515,39.853347642705344
2017-02-11,1486771200,BTC/USD,995.49,1020.0,987.62,1011.98,4462704.29,4426.59,0,971.8985,980.5358373853419,1082.3314377400388,861.4655622599612,971.8985,66.06211434220845,1.4445101596880283,0.014341765065839195,39.13644007845982
2017-02-12,1486857600,BTC/USD,1011.01,1011.97,991.98,1001.63,2668338.13,2662.09,0,975.9105,982.5448052534045,1084.4309233943304,867.3900766056694,975.9105,64.80286258903789,-1.0227474851281615,-0.010280134832316505,39.416059155629725
2017-02-13,1486944000,BTC/USD,1000.73,1007.89,975.1,1000.25,4515153.39,4540.29,0,981.2729999999999,984.2310142768899,1082.9250101232917,879.6209898767081,981.2729999999999,63.53657285504223,-0.13777542605553084,-0.0013787042366125086,39.45688805053207
2017-02-14,1487030400,BTC/USD,1000.74,1019.0,987.97,1011.51,6580183.46,6536.91,0,987.201,986.8290129171861,1080.6640500363958,893.7379499636043,987.201,58.95056975669849,1.1257185703574146,0.011194295129050734,37.369949911322585
2017-02-15,1487116800,BTC/USD,1008.88,1013.8,1000.97,1011.53,3123812.22,3095.66,0,991.9604999999999,989.1814878774542,1079.7526412320362,904.1683587679635,991.9604999999999,55.833989147993194,0.0019772419452168677,1.977222398045981e-05,37.36842893134158
2017-02-16,1487203200,BTC/USD,1011.53,1043.21,1010.75,1032.7,6170238.86,5996.1,0,997.7035,993.3261080796013,1079.9312359468686,915.4757640531313,997.7035,55.156026579190865,2.0928692179174258,0.02071269558698293,37.06417219026885
2017-02-17,1487289600,BTC/USD,1032.7,1064.99,1031.98,1055.46,6386285.16,6085.02,0,1004.5889999999999,999.2436215958297,1081.5191824007397,927.65881759926,1004.5889999999999,58.36066854108092,2.2039314418514477,0.021799959161510722,37.44235218795707
2017-02-18,1487376000,BTC/USD,1055.46,1068.99,1046.14,1056.4,4741677.69,4471.03,0,1011.7540000000001,1004.6870862057507,1078.8738451789238,944.6341548210764,1011.7540000000001,54.667970410679374,0.08906069391545479,0.000890210584108092,37.421460065620636
2017-02-19,1487462400,BTC/USD,1056.4,1061.9,1039.07,1051.8,2388775.41,2270.85,0,1018.29,1009.1740303766315,1072.4372098712638,964.1427901287361,1018.29,58.46328711070695,-0.4354411207875941,-0.004363919267733473,37.39388501924398
2017-02-20,1487548800,BTC/USD,1051.8,1089.99,1044.39,1084.0,3902264.53,3664.0,0,1024.2395000000001,1016.3003131979046,1079.8655754739373,968.613424526063,1024.2395000000001,62.40638630565384,3.0614185206313094,0.030154920844347805,38.2644700159747
2017-02-21,1487635200,BTC/USD,1084.0,1126.86,1077.0,1124.62,9273043.86,8394.92,0,1031.3025,1026.6164738457232,1099.520614857693,963.0843851423069,1031.3025,63.92070136640075,3.747232472324713,0.036787297801388154,37.14502989002133
2017-02-22,1487721600,BTC/USD,1124.62,1143.0,1098.16,1130.01,13145511.0,11672.0,0,1037.394,1036.4634763366066,1117.6193684513723,957.1686315486276,1037.394,64.27621803394071,0.4792729988796207,0.004781281423771491,36.91282614179108
2017-02-23,1487808000,BTC/USD,1130.01,1193.92,1120.73,1188.11,13556658.98,11752.03,0,1046.1675,1050.906002399787,1149.922867521272,942.4121324787279,1046.1675,93.16192789246675,5.141547419934334,0.050137327004002016,39.435183447160234
2017-02-24,1487894400,BTC/USD,1188.11,1220.0,1091.1,1180.14,23022719.16,19597.57,0,1053.4524999999999,1063.2140021712357,1172.9992399234138,933.905760076586,1053.4524999999999,89.4882553964615,-0.6708133085320256,-0.0067307337388969055,39.74422743368132
2017-02-25,1487980800,BTC/USD,1180.14,1184.73,1127.0,1152.2,7226356.76,6238.36,0,1060.334,1071.6888591073084,1186.1378393523428,934.5301606476575,1060.334,78.65140988966081,-2.367515718474089,-0.023959917191573647,40.81201375919859
2017-02-26,1488067200,BTC/USD,1152.2,1184.97,1133.0,1179.05,4127618.08,3536.49,0,1068.1015000000002,1081.9137296685171,1203.220267292843,932.9827327071574,1068.1015000000002,83.9624808575804,2.330324596424216,0.023035871160894176,40.24159424066471
2017-02-27,1488153600,BTC/USD,1179.05,1197.99,1169.0,1194.64,5508029.79,4638.0,0,1075.1275,1092.6495649381823,1221.343167801118,928.9118321988822,1075.1275,85.29102066010675,1.3222509647597747,0.013135855289836204,40.2911772431496
2017-02-28,1488240000,BTC/USD,1194.64,1209.99,1176.27,1191.21,9013416.33,7559.42,0,1081.8385,1102.0362730393076,1236.6190098943614,927.0579901056389,1081.8385,83.57874280588982,-0.28711578383446845,-0.0028752875185476764,39.620245722081336
2017-03-01,1488326400,BTC/USD,1191.21,1231.0,1188.3,1226.39,7276042.54,6012.98,0,1094.06,1113.879485130802,1254.1441224909101,933.9758775090896,1094.06,85.48589548787739,2.9532995861351052,0.029105297347385067,40.40642131550756
2017-03-02,1488412800,BTC/USD,1226.39,1283.25,1215.0,1257.6,9678454.84,7761.85,0,1107.0615,1127.5671532135827,1276.1345961541736,937.9884038458264,1107.0615,85.95178719866998,2.544867456518718,0.025130248097091367,28.186335712449967
2017-03-03,1488499200,BTC/USD,1257.6,1298.0,1255.0,1285.33,9615648.42,7545.48,0,1120.7289999999998,1142.5921862408607,1301.2459690696853,940.2120309303143,1120.7289999999998,86.17151848937843,2.2049936386768554,0.02181035202302593,28.371067706140053
2017-03-04,1488585600,BTC/USD,1285.33,1289.55,1230.0,1260.0,6237313.77,4951.0,0,1133.6475,1153.7738827893502,1315.2539996373391,952.041000362661,1133.6475,79.75390191149822,-1.970700131483738,-0.019903773752444186,30.430813476548437
2017-03-05,1488672000,BTC/USD,1260.0,1275.0,1240.0,1273.0,3809526.44,3026.02,0,1147.285,1165.1287510951263,1327.6728695303118,966.8971304696884,1147.285,81.55132081930739,1.031746031746028,0.010264598611882803,29.485930369196733
2017-03-06,1488758400,BTC/USD,1273.0,1285.0,1251.0,1278.49,5420539.75,4249.47,0,1160.634,1175.925060514638,1338.2082731959028,983.0597268040972,1160.634,80.02964518420161,0.4312647289866467,0.00430337447723055,29.239922839421606
2017-03-07,1488844800,BTC/USD,1278.49,1281.62,1175.97,1233.05,17887749.61,14450.04,0,1171.71,1181.3655309418155,1337.3592652373827,1006.0607347626175,1171.71,66.49627263045795,-3.5541928368622355,-0.03618891919207711,33.61960877507378
2017-03-08,1488931200,BTC/USD,1233.05,1245.49,1145.5,1150.05,15896181.2,13391.55,0,1177.5774999999999,1178.3830994235473,1330.3038117819808,1024.851188218019,1177.5774999999999,52.46640082705656,-6.7312761039698294,-0.06968535516954681,43.34334600504871
2017-03-09,1489017600,BTC/USD,1150.05,1208.0,1135.01,1190.89,9018801.31,7653.86,0,1184.349,1179.5742328117808,1325.8765867324682,1042.8214132675316,1184.349,50.357326478149126,3.551149950002186,0.03489550705501782,44.215038083511516
2017-03-10,1489104000,BTC/USD,1190.89,1350.0,975.0,1116.97,38529724.81,33194.61,0,1187.3775,1173.6119249249446,1319.6677083936775,1055.0872916063227,1187.3775,43.05747884382899,-6.207122404252285,-0.06408126467393493,50.15102557032688
2017-03-11,1489190400,BTC/USD,1116.97,1198.0,1106.51,1176.55,8528948.13,7346.55,0,1193.615,1173.8917415987594,1309.7693161397597,1077.4606838602404,1193.615,52.50210649622885,5.334073430799391,0.051966765147793505,52.961530598304904
2017-03-12,1489276800,BTC/USD,1176.55,1241.85,1170.9,1226.62,7003314.41,5793.91,0,1200.7459999999999,1178.9134804941157,1305.5194679954325,1095.9725320045673,1200.7459999999999,54.66546360408779,4.255662742764854,0.041675992091045014,54.30599712615618
2017-03-13,1489363200,BTC/USD,1226.62,1249.02,1215.43,1242.46,6955370.87,5630.79,0,1206.6380000000001,1184.9655299708666,1306.5259421836524,1106.7500578163479,1206.6380000000001,54.687683801905656,1.2913534754039668,0.012830866000684739,53.71661498493929
2017-03-14,1489449600,BTC/USD,1242.46,1260.0,1226.5,1245.86,7156458.55,5745.5,0,1212.4305,1190.7650033069747,1306.8974906090866,1117.9635093909133,1212.4305,55.35752798854969,0.2736506607858402,0.002732769190410074,52.580375404928546
2017-03-15,1489536000,BTC/USD,1245.86,1260.0,1238.32,1257.32,4908117.86,3920.35,0,1215.891,1197.103574420596,1311.6683050581971,1120.113694941803,1215.891,53.18007032551252,0.9198465317130422,0.009156417091110784,52.6012286920551
2017-03-16,1489622400,BTC/USD,1257.32,1258.96,1130.0,1172.62,18263170.71,15244.87,0,1215.5149999999999,1194.7718054281584,1311.9401066890798,1119.08989331092,1215.5149999999999,42.12856613560578,-6.736550758756721,-0.06974191007586225,55.94962001572039
2017-03-17,1489708800,BTC/USD,1172.62,1173.23,1063.0,1071.02,18710285.4,16703.78,0,1211.456,1182.9859191969053,1324.5047197068982,1098.4072802931016,1211.456,32.53866084377597,-8.6643584451911,-0.09062909608956737,64.06343540744528
2017-03-18,1489795200,BTC/USD,1071.02,1099.0,944.36,969.4,21545200.42,21291.94,0,1200.9734999999998,1162.6444030829143,1357.2784408620698,1044.6685591379298,1200.9734999999998,28.940808162792038,-9.488151481765051,-0.09968942099843488,71.84286332314545
2017-03-19,1489881600,BTC/USD,969.4,1063.7,969.4,1017.97,12327661.82,12196.14,0,1192.1399999999999,1148.865888503589,1368.618963946953,1015.6610360530468,1192.1399999999999,32.42457238156935,5.010315659170628,0.048888403716823244,73.79205270398992
2017-03-20,1489968000,BTC/USD,1017.97,1053.0,1010.01,1035.96,7753027.09,7486.66,0,1184.3775,1138.1129467413425,1374.1830053136473,994.5719946863529,1184.3775,33.56909610720433,1.7672426495869198,0.017518084907332778,73.95811413630814
2017-03-21,1490054400,BTC/USD,1035.96,1117.9,1034.92,1114.39,12068049.72,11125.5,0,1178.7775,1135.8536184802624,1369.9677424150807,987.5872575849191,1178.7775,42.30499857331847,7.57075562763041,0.07297863695128112,78.9621695509282
2017-03-22,1490140800,BTC/USD,1114.39,1114.39,988.0,1037.56,15060114.15,14520.38,0,1167.7755,1126.4923214821422,1365.0936414526204,970.4573585473795,1167.7755,42.64627051055763,-6.894354759105892,-0.07143536722872493,81.42597137877007
2017-03-23,1490227200,BTC/USD,1037.56,1054.4,1010.69,1029.65,6134595.75,5917.0,0,1154.9915,1117.2692432457477,1353.3689247847046,956.6140752152955,1154.9915,38.98513498743032,-0.7623655499440884,-0.007652864106630763,80.53427732694753
2017-03-24,1490313600,BTC/USD,1029.65,1032.0,920.0,929.06,15691519.3,16066.46,0,1138.4445,1099.3445534128193,1354.3742186318311,922.514781368169,1138.4445,37.61452167837699,-9.76933909580927,-0.10280089534718917,85.82068278623116
2017-03-25,1490400000,BTC/USD,929.06,963.36,891.33,956.02,12469415.59,13507.18,0,1122.5955,1085.6945959449317,1343.417650726732,901.7733492732677,1122.5955,34.81135584115047,2.9018577917464983,0.02860551103049464,87.1390215039472
2017-03-26,1490486400,BTC/USD,956.02,997.0,937.52,960.0,8735685.94,9005.18,0,1106.6709999999998,1073.7236820454143,1326.0883687794699,887.2536312205297,1106.6709999999998,30.39212802259223,0.41630928223259644,0.00415445112721931,86.95769589098019
2017-03-27,1490572800,BTC/USD,960.0,1043.0,952.95,1039.92,8753826.09,8687.09,0,1097.0145,1070.504283755375,1309.9157608773342,884.1132391226658,1097.0145,36.387709016613805,8.325000000000005,0.07996578163788177,92.66547700061872
2017-03-28,1490659200,BTC/USD,1039.92,1068.26,1014.9,1043.99,9531808.18,9109.22,0,1091.7115,1067.9791138739106,1304.3339203927821,879.0890796072177,1091.7115,36.44494581201403,0.39137625971228385,0.003906123752884504,92.2687696725125
2017-03-29,1490745600,BTC/USD,1043.99,1059.43,1008.16,1035.96,9675900.4,9379.72,0,1083.9650000000001,1064.9296744573478,1292.6254315250292,875.3045684749711,1083.9650000000001,35.06745817593094,-0.7691644555982258,-0.007721377817216497,89.49803710026887
2017-03-30,1490832000,BTC/USD,1035.96,1050.17,1017.14,1033.7,8918956.47,8644.96,0,1079.8015,1061.9554197471243,1289.0113568951904,870.5916431048096,1079.8015,39.45594753779831,-0.21815514112514256,-0.0021839344609925508,88.33081691801011
2017-03-31,1490918400,BTC/USD,1033.7,1081.0,1031.43,1070.31,12711331.62,12058.79,0,1074.4895000000001,1062.751094056922,1278.6912060060722,870.2877939939281,1074.4895000000001,49.940212540209174,3.5416465125277963,0.0348037275470543,86.87262852171645
2017-04-01,1491004800,BTC/USD,1070.31,1097.0,1061.64,1083.94,5617187.43,5209.01,0,1067.3555000000001,1064.76908509912,1258.7464436866437,875.9645563133565,1067.3555000000001,61.32310490727194,1.2734628285263172,0.012654224792694057,84.8372452598461
2017-04-02,1491091200,BTC/USD,1083.94,1100.0,1066.49,1078.01,8269728.69,7635.31,0,1059.133,1066.0301246134895,1232.091519894833,886.1744801051672,1059.133,56.481841343870094,-0.5470782515637485,-0.0054858020504232104,83.20191472009786
2017-04-03,1491177600,BTC/USD,1078.01,1152.0,1076.19,1144.77,12487637.63,11076.86,0,1054.0785,1073.5291603645858,1209.0320410542913,899.1249589457088,1054.0785,60.6278447383329,6.192892459253629,0.06008699458437417,86.11949631837031
2017-04-04,1491264000,BTC/USD,1144.77,1162.93,1118.85,1143.0,8468987.32,7418.36,0,1048.3625,1080.1454308060538,1178.1370593225774,918.5879406774225,1048.3625,53.28661688684663,-0.1546162111166427,-0.001547358653327913,86.09072231882064
2017-04-05,1491350400,BTC/USD,1143.0,1145.0,1111.0,1134.58,6291139.39,5581.47,0,1046.4605,1085.3296754911914,1169.5077746934057,923.4132253065941,1046.4605,63.22374877330716,-0.7366579177602861,-0.007393846415366688,85.96033902921353
2017-04-06,1491436800,BTC/USD,1134.58,1201.37,1134.36,1190.85,10690571.43,9134.3,0,1052.452,1095.379230206316,1191.2022097257807,913.7017902742192,1052.452,69.41233140655103,4.9595445010488515,0.04840479945978811,84.45960984876757
2017-04-07,1491523200,BTC/USD,1190.85,1202.0,1176.0,1190.66,6486716.5,5450.27,0,1063.515,1104.4535892342858,1209.4791019313734,917.5508980686267,1063.515,91.5501905972046,-0.015954990133082436,-0.00015956263077033692,77.67016724895983
2017-04-08,1491609600,BTC/USD,1190.66,1197.3,1166.66,1184.03,3224244.36,2720.8,0,1071.818,1112.0322950214966,1225.5586822302814,918.0773177697185,1071.818,88.71531904778075,-0.5568340248265802,-0.005583901247670491,67.90933493399962
2017-04-09,1491696000,BTC/USD,1184.03,1216.87,1173.98,1206.2,5764917.28,4817.38,0,1080.3300000000002,1121.0006478765922,1244.2270025736664,916.4329974263338,1080.3300000000002,89.37184161709204,1.8724187731729902,0.018551048056095296,66.49194083521223
2017-04-10,1491782400,BTC/USD,1206.2,1219.71,1195.0,1209.25,4416613.87,3656.82,0,1085.073,1129.4053480788216,1258.3424538147563,911.8035461852438,1085.073,85.90695110055557,0.2528602221853804,0.0025254106862062273,66.42657976290832
2017-04-11,1491868800,BTC/USD,1209.25,1229.0,1198.02,1218.99,4229830.76,3487.75,0,1094.1444999999999,1137.9372196903623,1275.7376703416667,912.5513296583331,1094.1444999999999,86.23788619232998,0.8054579284680674,0.008022314299083498,62.00633417064897
2017-04-12,1491955200,BTC/USD,1218.99,1224.57,1208.0,1212.17,4224875.8,3475.19,0,1103.2705,1145.0070082912803,1289.5024879216885,917.0385120783116,1103.2705,86.67221644120708,-0.5594795691515109,-0.005610505182592392,55.757588016936545
2017-04-13,1492041600,BTC/USD,1212.17,1219.45,1141.0,1172.91,8410777.07,7135.29,0,1115.4630000000002,1147.6644360730631,1284.838570735883,946.0874292641174,1115.4630000000002,75.10550045085662,-3.2388196375095935,-0.03292430145243558,57.28395358935611
2017-04-14,1492128000,BTC/USD,1172.91,1193.0,1142.0,1170.34,10475598.06,8982.72,0,1126.179,1149.8240135899143,1279.4322548499576,972.9257451500426,1126.179,70.564532708359,-0.21911314593618947,-0.0021935355002530507,41.623111334612524
2017-04-15,1492214400,BTC/USD,1170.34,1192.5,1165.0,1173.45,2128067.82,1804.45,0,1136.8515000000002,1152.0741075337319,1269.7560584383207,1003.9469415616798,1136.8515000000002,69.23374446688725,0.2657347437496904,0.0026538229323042873,41.20833299351934
2017-04-16,1492300800,BTC/USD,1173.45,1179.3,1150.0,1162.31,3094769.46,2663.99,0,1142.971,1153.048954435281,1268.128296214764,1017.8137037852358,1142.971,67.71752837326605,-0.9493374238357055,-0.009538723555815979,41.71287818323095
2017-04-17,1492387200,BTC/USD,1162.31,1192.5,1161.0,1176.54,4210491.81,3568.83,0,1149.5985,1155.286196870016,1266.449120839288,1032.747879160712,1149.5985,58.56934779090465,1.2242861198819677,0.012168523496097082,32.877224020234394
2017-04-18,1492473600,BTC/USD,1176.54,1210.0,1175.95,1202.58,6636764.68,5514.17,0,1157.9295,1159.7903685966812,1263.9206024021441,1051.9383975978558,1157.9295,64.21007441327987,2.21326941710438,0.02189132109407011,33.32854176220516
2017-04-19,1492560000,BTC/USD,1202.58,1209.99,1190.0,1203.98,7247878.76,6046.52,0,1166.4435,1163.9989049208068,1256.5895294306192,1076.297470569381,1166.4435,67.12565393347151,0.11641637146801997,0.0011634866015656396,32.983308484836925
2017-04-20,1492646400,BTC/USD,1203.98,1243.88,1201.66,1234.19,7299836.83,5970.91,0,1174.6375,1170.6837711188252,1257.4881102318523,1091.7868897681478,1174.6375,62.2734481196194,2.50917789332048,0.02478214900450597,33.341877353249174
2017-04-21,1492732800,BTC/USD,1234.19,1252.32,1231.65,1243.61,6189234.63,4984.49,0,1182.621,1177.6291262503657,1259.208075974453,1106.033924025547,1182.621,64.24995963184233,0.7632536319367222,0.007603555883440818,31.93374260650324
2017-04-22,1492819200,BTC/USD,1243.61,1247.15,1199.0,1233.2,5065733.74,4122.37,0,1190.3805,1182.9215904169976,1252.4027084078787,1128.3582915921213,1190.3805,62.96882418104131,-0.8370791486076667,-0.008406023311067722,32.30721108803517
2017-04-23,1492905600,BTC/USD,1233.2,1248.99,1223.42,1241.99,3219987.14,2604.72,0,1195.2414999999999,1188.5471532344263,1257.4511953943154,1133.0318046056843,1195.2414999999999,60.15664907202451,0.7127797599740582,0.00710251491922445,32.02938029921113
2017-04-24,1492992000,BTC/USD,1241.99,1254.0,1234.0,1253.58,3787704.79,3048.04,0,1200.7705,1194.7407576882904,1263.0863827350906,1138.4546172649095,1200.7705,61.99859254046444,0.933179816262597,0.009288525930994723,25.547377565667322
2017-04-25,1493078400,BTC/USD,1253.58,1280.0,1251.07,1269.0,6651231.27,5249.77,0,1207.4915,1201.8130664798819,1268.7350594121915,1146.2479405878087,1207.4915,63.13218843548132,1.2300770593021593,0.012225730852173133,25.594033437028855
2017-04-26,1493164800,BTC/USD,1269.0,1330.0,1265.0,1287.99,11237494.55,8685.55,0,1212.3485,1210.020393481798,1282.7569840207927,1141.9400159792074,1212.3485,68.71359462928223,1.496453900709227,0.014853674944616244,25.39839179125555
2017-04-27,1493251200,BTC/USD,1287.99,1342.02,1285.0,1331.53,8807415.32,6668.0,0,1219.3919999999998,1221.5927369597218,1306.7979561020084,1131.9860438979913,1219.3919999999998,88.33994005607653,3.380461028424131,0.03324579332126198,22.60118807424382
2017-04-28,1493337600,BTC/USD,1331.53,1347.02,1299.0,1330.7,10882526.4,8234.28,0,1226.7255,1231.9839048683198,1325.5101684194358,1127.9408315805642,1226.7255,89.08931357254295,-0.06233430715041344,-0.0006235374305689783,22.61592111468033
2017-04-29,1493424000,BTC/USD,1330.7,1342.8,1316.0,1333.0,5226089.45,3927.45,0,1233.0655,1241.6044853570513,1342.0527151797291,1124.0782848202707,1233.0655,89.0460574617004,0.1728413616893354,0.0017269216290118764,22.312574043886084
2017-04-30,1493510400,BTC/USD,1333.0,1356.0,1315.68,1350.21,4718587.81,3536.18,0,1240.1135,1251.947867703999,1360.274516408033,1119.952483591967,1240.1135,94.65728681433606,1.2910727681920475,0.012828094711811122,21.98103262386191
2017-05-01,1493596800,BTC/USD,1350.21,1425.0,1341.22,1390.86,11920971.92,8602.88,0,1248.7069999999999,1265.1775945893323,1385.8853487749896,1111.5286512250102,1248.7069999999999,95.25337837837846,3.010642788899487,0.029662124951137233,23.496306195254814
2017-05-02,1493683200,BTC/USD,1390.86,1481.73,1388.0,1447.75,12835457.62,8920.17,0,1260.4859999999999,1282.5654427236816,1422.6381628984107,1098.333837101589,1260.4859999999999,95.80048570894833,4.0902750816042,0.0400883662642421,26.200167104909184
2017-05-03,1493769600,BTC/USD,1447.75,1516.04,1431.02,1503.22,16342395.53,11052.34,0,1277.0014999999999,1303.5801624642834,1466.5651501103498,1087.43784988965,1277.0014999999999,96.50627875170963,3.8314626144016595,0.037598846854287535,27.572182224588637
2017-05-04,1493856000,BTC/USD,1503.22,1623.01,1444.94,1537.23,29012554.52,18824.97,0,1295.346,1325.8325279438754,1510.703756635695,1079.988243364305,1295.346,96.54706316048176,2.262476550338599,0.02237262154318995,22.925178875199204
2017-05-05,1493942400,BTC/USD,1537.23,1609.0,1495.0,1514.9,24254113.78,15601.41,0,1312.4185,1343.8389538539827,1540.8299454017745,1084.0070545982255,1312.4185,90.08066660757032,-1.4526128165596508,-0.014632665339098749,24.318392382936104
2017-05-06,1494028800,BTC/USD,1514.9,1578.97,1505.0,1558.02,12174477.83,7898.17,0,1332.2040000000002,1364.237148725032,1574.0278635562354,1090.380136443765,1332.2040000000002,93.75976720375064,2.8463925011551927,0.02806635415449743,24.64103854078206
2017-05-07,1494115200,BTC/USD,1558.02,1565.0,1525.0,1554.01,11809645.33,7667.79,0,1351.0774999999999,1382.3107536083623,1600.5471059432398,1101.60789405676,1351.0774999999999,92.58379735779019,-0.25737795406990394,-0.002577097405452096,23.92867885844892
2017-05-08,1494201600,BTC/USD,1554.01,1653.97,1554.01,1649.54,30605645.62,19232.7,0,1373.4255,1407.7611580266134,1645.9019962128345,1100.9490037871656,1373.4255,93.96624472573842,6.147322089304441,0.059657774233950286,28.693660969850228
2017-05-09,1494288000,BTC/USD,1649.54,1760.4,1616.05,1720.28,28716399.21,16793.24,0,1399.2404999999999,1437.524857262174,1700.439621720607,1098.0413782793928,1399.2404999999999,94.62639927218072,4.288468300253401,0.04199060710893183,30.01967457257641
2017-05-10,1494374400,BTC/USD,1720.28,1794.21,1682.0,1772.58,19694962.35,11263.87,0,1426.16,1469.4348708562527,1759.74399936385,1092.5760006361502,1426.16,94.95852893696772,3.040202757690613,0.029949044123106665,29.75541691004331
2017-05-11,1494460800,BTC/USD,1772.58,1892.0,1745.01,1828.45,26996647.4,14739.88,0,1455.402,1503.626787917562,1822.4622137094448,1088.3417862905553,1455.402,95.071291223742,3.1519028760338186,0.031032501018090745,30.00158428111896
2017-05-12,1494547200,BTC/USD,1828.45,1832.0,1650.0,1691.51,29854369.28,17061.7,0,1478.3174999999999,1521.5204271635087,1844.1916682960386,1112.4433317039611,1478.3174999999999,76.2456900941269,-7.489403593207367,-0.07784699228161107,44.89564588863551
2017-05-13,1494633600,BTC/USD,1691.51,1785.82,1601.46,1776.89,17796170.28,10531.58,0,1505.0625,1545.841338862222,1876.3596595777817,1133.7653404222183,1505.0625,78.80719060289442,5.047561054915439,0.04924302404068594,45.601679437910626
2017-05-14,1494720000,BTC/USD,1776.89,1815.0,1753.0,1784.0,8585557.39,4816.73,0,1531.5835,1568.523116113439,1903.0210829565906,1160.1459170434093,1531.5835,78.52567896363517,0.400137318573468,0.003993388983477311,45.70268844162951
2017-05-15,1494806400,BTC/USD,1784.0,1784.0,1682.56,1705.48,22943567.22,13312.2,0,1553.4074999999998,1581.5666288645402,1910.9140930566175,1195.900906943382,1553.4074999999998,69.70759940868433,-4.401345291479819,-0.045011438116357494,50.51164184762148
2017-05-16,1494892800,BTC/USD,1705.48,1750.0,1641.22,1700.01,28117414.51,16473.76,0,1574.0085000000001,1592.8469499250602,1914.181799195081,1233.8352008049192,1574.0085000000001,66.88939475093733,-0.32073082064872915,-0.0032124626436494923,50.88706827400955
2017-05-17,1494979200,BTC/USD,1700.01,1840.42,1670.01,1782.99,31587033.39,17790.68,0,1596.5814999999998,1610.9558118369594,1928.8295166999578,1264.3334833000417,1596.5814999999998,68.06576177499967,4.881147757954363,0.04765759694250696,52.21408106567144
2017-05-18,1495065600,BTC/USD,1782.99,1881.8,1766.33,1878.99,21764514.72,11915.2,0,1623.996,1636.4828773762965,1954.3473375276676,1293.6446624723326,1623.996,70.4328590218821,5.384214157118095,0.05244266809707237,53.44573882420127
2017-05-19,1495152000,BTC/USD,1878.99,1969.99,1874.99,1958.0,27201808.7,14115.85,0,1655.2459999999999,1667.103555721411,1987.9307027885066,1322.5612972114932,1655.2459999999999,74.8101861183901,4.204918599886098,0.04118914567092854,53.72956942269408
2017-05-20,1495238400,BTC/USD,1958.0,2021.0,1914.0,2013.99,24244964.0,12308.17,0,1688.435,1700.1403599384196,2025.4016175251181,1351.4683824748818,1688.435,75.16807418446763,2.8595505617977635,0.028194284932428232,53.47692182761631
2017-05-21,1495324800,BTC/USD,2013.99,2063.11,1961.52,2017.55,13647083.74,6755.83,0,1719.7694999999999,1730.369849468094,2056.776345501305,1382.7626544986947,1719.7694999999999,75.59863043958471,0.1767635390443889,0.0017660749615826881,53.79114288952862
2017-05-22,1495411200,BTC/USD,2017.55,2230.34,2008.75,2099.97,32452142.3,15312.07,0,1752.3805,1765.5698638044657,2104.445963857301,1400.3150361426988,1752.3805,75.24011251947236,4.085152784317603,0.0400391549107203,54.16607647141258
2017-05-23,1495497600,BTC/USD,2099.97,2275.0,2088.45,2264.23,31139771.52,14138.92,0,1790.431,1813.0613053468976,2190.356013071206,1390.505986928794,1790.431,77.58898773597346,7.8220165049976975,0.07531168637396847,57.13612440501281
2017-05-24,1495584000,BTC/USD,2264.23,2481.75,2264.23,2420.29,52778575.76,22143.08,0,1834.584,1870.892609599574,2305.492850646117,1363.6751493538834,1834.584,79.72319355342015,6.8924093400405395,0.0666526224127152,59.03550320310169
2017-05-25,1495670400,BTC/USD,2420.29,2760.1,2221.0,2292.53,82965665.93,32938.03,0,1873.4655000000002,1911.0485515424716,2361.3434398460504,1385.5875601539503,1873.4655000000002,69.97830317014792,-5.278706270736144,-0.054231356486382706,64.77115663788666
2017-05-26,1495756800,BTC/USD,2292.53,2599.12,2060.0,2279.82,66000848.39,28125.34,0,1909.5555,1946.1696418717602,2405.897180720051,1413.213819279949,1909.5555,78.35966950435295,-0.5544093207068168,-0.005559518731929836,64.25114133182439
2017-05-27,1495843200,BTC/USD,2279.82,2339.94,1850.0,2042.0,54093115.87,26205.92,0,1933.955,1955.2963426458782,2403.9849621132844,1463.9250378867152,1933.955,61.142165474459304,-10.43152529585669,-0.11016677273894704,78.24040572289445
2017-05-28,1495929600,BTC/USD,2042.0,2313.96,2041.48,2178.81,33633799.51,15365.53,0,1960.4185000000002,1976.583357631985,2422.556444148834,1498.2805558511664,1960.4185000000002,64.9620652281013,6.699804113614105,0.06484913645676997,80.02781627492537
2017-05-29,1496016000,BTC/USD,2178.81,2350.0,2110.0,2292.1,27345796.01,12115.83,0,1989.0094999999997,2006.6325616670342,2459.275212101042,1518.7437878989574,1989.0094999999997,71.66024192476405,5.1996273195001,0.050689571718939896,79.47103630111799
2017-05-30,1496102400,BTC/USD,2292.1,2339.08,2160.0,2203.51,31432708.32,13888.0,0,2010.556,2025.3827938892216,2478.551826045271,1542.5601739547294,2010.556,67.51596788333359,-3.865014615418161,-0.03941688439394985,81.06079425177192
2017-05-31,1496188800,BTC/USD,2203.51,2334.0,2154.28,2298.01,36853820.79,16275.49,0,2034.034,2051.3472897092956,2510.59808855584,1557.46991144416,2034.034,67.77426524386036,4.288612259531388,0.04199198750295788,81.506867277596
2017-06-01,1496275200,BTC/USD,2298.01,2456.39,2296.81,2413.63,43968591.95,18392.66,0,2070.1400000000003,2085.8504049750773,2546.858141993012,1593.4218580069887,2070.1400000000003,68.20484881503678,5.0313096983912065,0.049088307324070164,82.26446168135135
2017-06-02,1496361600,BTC/USD,2413.63,2489.0,2370.03,2488.94,30173071.82,12423.32,0,2105.7425,2124.239890215546,2596.398989372314,1615.0860106276853,2105.7425,68.12453062060492,3.120196550424037,0.03072507867694377,75.43424315023628
2017-06-03,1496448000,BTC/USD,2488.94,2584.34,2445.0,2540.94,27285983.07,10806.98,0,2143.5895,2163.9256149569223,2646.374109046151,1640.8048909538493,2143.5895,68.0374612346051,2.0892428101922933,0.020677174280150583,74.60672289608125
2017-06-04,1496534400,BTC/USD,2540.94,2569.0,2460.0,2530.27,22259945.52,8827.27,0,2184.829,2198.8155563895966,2671.348685885054,1698.3093141149468,2184.829,67.46535678761703,-0.41992333545853855,-0.004208074895445038,74.84104707200221
2017-06-05,1496620800,BTC/USD,2530.27,2699.35,2525.28,2698.0,31915607.88,12220.09,0,2234.7285,2246.35693197154,2716.5730879730877,1752.8839120269126,2234.7285,69.2524128694958,6.628936832828125,0.06418474137265301,73.04459429271293
2017-06-06,1496707200,BTC/USD,2698.0,2933.0,2689.4,2880.74,75184117.96,26672.53,0,2289.616,2306.7743670218692,2803.8016956556157,1775.4303043443842,2289.616,69.61396275157324,6.773165307635276,0.06553644780216446,73.95022182561137
2017-06-07,1496793600,BTC/USD,2880.74,2893.28,2612.5,2683.03,47189507.3,16961.13,0,2329.818,2342.60823682931,2834.4647786315154,1825.171221368485,2329.818,58.14313873771123,-6.863167102897161,-0.07110045269352266,80.53829239433206
2017-06-08,1496880000,BTC/USD,2683.03,2815.0,2613.13,2806.0,36422409.92,13248.6,0,2372.218,2386.740785702709,2887.708616611733,1856.7273833882668,2372.218,65.96144161843242,4.583251025892365,0.04481322878606328,80.18720591670423
2017-06-09,1496966400,BTC/USD,2806.0,2868.23,2780.43,2822.32,22701149.15,8036.31,0,2412.6345,2428.224520397689,2936.5498961622025,1888.719103837798,2412.6345,66.82608803533324,0.5816108339273152,0.0057992600771464824,79.89526344275136
2017-06-10,1497052800,BTC/USD,2822.32,2912.98,2800.0,2899.99,27422781.42,9589.16,0,2456.7565000000004,2473.1545660741,2989.140113108371,1924.3728868916296,2456.7565000000004,79.54653461255022,2.751991269593801,0.02714804695320536,79.8782917876334
2017-06-11,1497139200,BTC/USD,2899.99,2967.46,2861.53,2954.22,19889398.37,6830.4,0,2499.469,2518.9703216860903,3048.1496479432058,1950.7883520567943,2499.469,78.31306824405742,1.8700064482980894,0.018527367913165893,79.67673532056467
2017-06-12,1497225600,BTC/USD,2954.22,2980.0,2480.03,2667.06,85786969.44,31530.49,0,2519.6105,2533.0741005731297,3061.464123562098,1977.7568764379016,2519.6105,62.148624305024576,-9.720332270447019,-0.1022579144891161,89.40704385329006
2017-06-13,1497312000,BTC/USD,2667.06,2783.62,2638.62,2703.02,43568709.95,16035.02,0,2533.747,2549.25942432807,3079.429205533401,1988.0647944665986,2533.747,66.75544583017464,1.3483011255839727,0.013392924318355405,86.3492116325142
2017-06-14,1497398400,BTC/USD,2703.02,2801.0,2320.0,2450.0,76083640.16,29466.54,0,2541.6205,2539.806145820635,3077.096905435293,2006.1440945647068,2541.6205,54.60824323422936,-9.360641060739471,-0.09828164189639066,91.10905134314795
2017-06-15,1497484800,BTC/USD,2450.0,2516.2,2120.0,2424.91,84920570.37,36736.98,0,2548.875,2528.8636557424793,3073.2333431806587,2024.5166568193413,2548.875,50.36186785407229,-1.0240816326530622,-0.01029361425797031,89.02596801321016
2017-06-16,1497571200,BTC/USD,2424.91,2540.0,2307.66,2484.68,33826420.1,13800.26,0,2571.009,2524.65568852891,3039.6960565358277,2102.3219434641724,2571.009,49.86196080464536,2.4648337464070913,0.0243494683222042,89.27999617535366
2017-06-17,1497657600,BTC/USD,2484.68,2674.4,2420.53,2630.0,28555923.68,11137.71,0,2593.5685000000003,2534.6884800975854,3024.6997310300444,2162.437268969956,2593.5685000000003,52.72128382507517,5.848640468792765,0.05683996756880377,80.6782273222089
2017-06-18,1497744000,BTC/USD,2630.0,2665.0,2460.62,2516.98,24021728.81,9423.46,0,2604.8125,2533.0019581835295,3014.0109844276703,2195.6140155723297,2604.8125,49.61782010801112,-4.297338403041828,-0.0439240760354853,80.50780070924725
2017-06-19,1497830400,BTC/USD,2516.98,2598.0,2480.96,2598.0,26993977.69,10563.71,0,2624.537,2539.1922478803363,2987.7326827995316,2261.341317200468,2624.537,46.97336561743341,3.218936980031617,0.0316821480942198,79.46679959411631
2017-06-20,1497916800,BTC/USD,2598.0,2783.0,2581.0,2740.0,42537518.87,15891.45,0,2646.6364999999996,2558.3167957012565,2978.623122639507,2314.649877360492,2646.6364999999996,45.63261050358105,5.4657428791377916,0.053216002151571,79.27984329782873
2017-06-21,1498003200,BTC/USD,2740.0,2789.0,2611.0,2657.04,42292796.44,15671.82,0,2658.807,2567.7190056344702,2972.150796733854,2345.4632032661457,2658.807,49.131646297051134,-3.0277372262773716,-0.030745199162794844,79.62834041662332
2017-06-22,1498089600,BTC/USD,2657.04,2740.0,2594.61,2713.48,28950475.51,10790.79,0,2670.034,2581.6010050978543,2973.692055499079,2366.3759445009214,2670.034,46.764989720135944,2.124168247373026,0.021019222702341644,78.3383234664931
2017-06-23,1498176000,BTC/USD,2713.48,2745.0,2657.46,2685.05,22339917.54,8229.5,0,2677.2394999999997,2591.45329032663,2974.777062244372,2379.7019377556276,2677.2394999999997,45.240588312796014,-1.0477320636230858,-0.010532594178155006,77.97233563533206
2017-06-24,1498262400,BTC/USD,2685.05,2724.96,2512.13,2557.66,34941154.41,13341.43,0,2678.609,2588.2348817240936,2973.5389887591655,2383.6790112408344,2678.609,38.5263538922517,-4.744418167259468,-0.048606571779770597,79.73553905004448
2017-06-25,1498348800,BTC/USD,2557.66,2635.72,2432.0,2502.03,26249953.89,10339.57,0,2668.8105,2580.0248929884656,2973.875285904495,2363.7457140955053,2668.8105,34.85845929239693,-2.1750349929232082,-0.02199037560109097,80.0996749561034
2017-06-26,1498435200,BTC/USD,2502.03,2550.03,2315.01,2421.22,54077563.86,22086.78,0,2645.8345,2564.9006174657547,2952.9040098045175,2338.7649901954824,2645.8345,40.44806738883795,-3.229777420734381,-0.032830857012470314,77.22143863624255
2017-06-27,1498521600,BTC/USD,2421.22,2565.0,2291.0,2565.0,45725060.61,19109.29,0,2639.933,2564.9100824690163,2948.525613555575,2331.340386444425,2639.933,45.051911549602785,5.938328611196009,0.057686933254694095,76.35910347504723
2017-06-28,1498608000,BTC/USD,2565.0,2593.0,2468.01,2559.9,31054748.58,12254.3,0,2627.628,2564.4329317576817,2927.851926084668,2327.4040739153324,2627.628,54.791761135721515,-0.19883040935672058,-0.0019902833942210254,72.53871292697056
2017-06-29,1498694400,BTC/USD,2559.9,2594.78,2500.31,2541.59,20745883.75,8115.56,0,2613.5915,2562.257414447426,2901.4860433588437,2325.6969566411562,2613.5915,55.117633642695495,-0.715262314934173,-0.007178325792512963,70.49675487165034
2017-06-30,1498780800,BTC/USD,2541.59,2564.58,2451.0,2465.49,21937499.3,8711.29,0,2591.8664999999996,2553.0414702143376,2853.1048321816697,2330.6281678183295,2591.8664999999996,49.170205221783085,-2.994188677166665,-0.030399298734599994,70.9305347332118
2017-07-01,1498867200,BTC/USD,2465.49,2517.11,2390.0,2412.41,21694860.67,8863.07,0,2564.776,2539.647996860591,2775.235465821075,2354.3165341789245,2564.776,39.775578674335335,-2.152918892390554,-0.021764322865751667,70.03048999573197
2017-07-02,1498953600,BTC/USD,2412.41,2528.72,2374.34,2504.37,21373737.73,8739.52,0,2556.6415,2536.288187635773,2762.99128145451,2350.2917185454903,2556.6415,49.39549956376256,3.811955679175605,0.03741095806451755,71.25264338575393
2017-07-03,1499040000,BTC/USD,2504.37,2595.0,2472.68,2550.47,29211425.51,11519.81,0,2549.014,2537.638836432366,2743.519554232718,2354.5084457672824,2549.014,47.64257159579006,1.8407823125177192,0.018240450011972498,62.8734640092234
2017-07-04,1499126400,BTC/USD,2550.47,2639.47,2540.07,2596.12,25084134.62,9653.8,0,2556.32,2543.208471057855,2746.085284829244,2366.5547151707565,2556.32,42.10959264702657,1.789866181527322,0.017740366822844984,63.02654297844757
2017-07-05,1499212800,BTC/USD,2596.12,2623.0,2530.1,2602.9,27944609.56,10880.61,0,2565.2195,2548.8933785761546,2745.49337766223,2384.94562233777,2565.2195,46.760256594379825,0.26115896029459407,0.002608185328575743,52.38237422405333
2017-07-06,1499299200,BTC/USD,2602.9,2614.0,2522.0,2600.39,21512892.56,8327.49,0,2571.005,2553.797818711759,2747.78890013623,2394.22109986377,2571.005,42.76575873495132,-0.09643090399170662,-0.0009647742849967037,52.18601788471792
2017-07-07,1499385600,BTC/USD,2600.39,2605.0,2475.0,2501.46,23866443.45,9428.99,0,2564.578,2548.8132645487344,2741.6771814418594,2387.4788185581406,2564.578,39.22758264584042,-3.8044293355996572,-0.038786872366042974,53.54670100337429
2017-07-08,1499472000,BTC/USD,2501.46,2555.0,2462.0,2550.07,13570951.58,5400.45,0,2566.2325,2548.932953639331,2742.0731787108202,2390.39182128918,2566.2325,49.50927781728844,1.9432651331622308,0.019246248361437412,50.013997993539064
2017-07-09,1499558400,BTC/USD,2550.07,2564.65,2500.5,2502.28,11357689.63,4481.28,0,2561.4465,2544.48981519749,2738.8502130419224,2384.0427869580776,2561.4465,50.01632898329218,-1.874066202104252,-0.01891849351912321,48.05112903382845
2017-07-10,1499644800,BTC/USD,2502.28,2527.88,2261.85,2323.45,41625857.69,17285.96,0,2540.619,2523.4384042263005,2727.3231871827925,2353.914812817208,2540.619,44.338934374022905,-7.146682225810075,-0.07414916620321665,52.92029343561521
2017-07-11,1499731200,BTC/USD,2323.45,2399.0,2242.62,2305.98,41135309.34,17576.48,0,2523.066,2502.728080014272,2728.731599344403,2317.4004006555965,2523.066,32.4326523968422,-0.7518991155393784,-0.007547401269245784,48.449125915562625
2017-07-12,1499817600,BTC/USD,2305.98,2408.84,2239.54,2388.0,30250318.76,12881.06,0,2506.792,2491.801596203389,2700.1586168978884,2313.4253831021115,2506.792,39.44284766747734,3.556839174667603,0.03495044674798567,49.921780314474645
2017-07-13,1499904000,BTC/USD,2388.0,2425.16,2312.93,2339.99,19953094.82,8427.81,0,2489.5389999999998,2477.3433489459235,2677.435529745854,2301.6424702541453,2489.5389999999998,38.05460750853241,-2.010469011725302,-0.020309539674150636,49.24728163763688
2017-07-14,1499990400,BTC/USD,2339.99,2357.84,2140.0,2213.37,28223890.84,12614.31,0,2472.3244999999997,2452.2030299986927,2693.9934417245263,2250.655558275473,2472.3244999999997,35.905004696095546,-5.411134235616388,-0.055630414908131094,52.04720675172007
2017-07-15,1500076800,BTC/USD,2213.37,2219.99,1967.65,1970.51,40917690.02,19882.2,0,2445.7485,2406.3275033321506,2760.3781131058972,2131.118886894103,2445.7485,29.619790801925973,-10.972408589616734,-0.11622384845393169,62.68211360272799
2017-07-16,1500163200,BTC/USD,1970.51,2044.44,1830.0,1917.63,49004259.73,25559.44,0,2420.569,2359.7848839671838,2814.159323260391,2026.978676739609,2420.569,21.927927583105287,-2.6835692282708434,-0.027202343922784752,62.80826562424801
2017-07-17,1500249600,BTC/USD,1917.63,2229.97,1910.57,2226.0,55012387.35,26427.32,0,2403.6189999999997,2347.0434664464997,2800.206843638851,2007.0311563611485,2403.6189999999997,37.59035591625681,16.080787221726812,0.14911620428199562,83.62375112781353
2017-07-18,1500336000,BTC/USD,2226.0,2392.0,2164.0,2303.71,57642999.9,25186.71,0,2390.8095,2342.916469642071,2782.664870928193,1998.9541290718068,2390.8095,39.084209976183196,3.4910152740341482,0.03431461400268775,81.82383558157582
2017-07-19,1500422400,BTC/USD,2303.71,2402.5,2223.0,2265.21,39243957.64,17007.92,0,2376.9905,2335.5158534856837,2765.939605233723,1988.0413947662769,2376.9905,37.685524866713834,-1.6712172973160633,-0.016853396987046767,81.91423474150555
2017-07-20,1500508800,BTC/USD,2265.21,2938.0,2265.21,2875.03,80333454.15,30969.52,0,2397.4675,2386.898153153714,2844.7779919933996,1950.1570080066008,2397.4675,56.94089222713075,26.921124310770317,0.23839563910848663,117.74085488387094
2017-07-21,1500595200,BTC/USD,2875.03,2887.45,2611.39,2670.0,56427932.93,20713.79,0,2410.347,2413.860233805741,2874.0040345507873,1946.689965449213,2410.347,54.04265730240055,-7.13140384622074,-0.07398463656532239,120.37124421071361
2017-07-22,1500681600,BTC/USD,2670.0,2882.0,2644.59,2832.71,35783389.64,12811.92,0,2426.764,2453.7506877290034,2926.3015942820134,1927.2264057179868,2426.764,56.427668264638726,6.09400749063671,0.05915537821245306,121.46523531939621
2017-07-23,1500768000,BTC/USD,2832.71,2855.0,2640.0,2749.02,30306854.43,11000.53,0,2436.6915,2481.8715746119556,2954.1507256410755,1919.2322743589243,2436.6915,55.52109625333404,-2.9544146771113167,-0.029989366095105028,121.62820064496431
2017-07-24,1500854400,BTC/USD,2749.02,2800.0,2701.0,2759.98,27562683.88,10001.91,0,2444.8845,2508.3580913155793,2977.926364870124,1911.8426351298763,2444.8845,60.56129484915201,0.3986875322842254,0.003978948796485733,121.52457787775842
2017-07-25,1500940800,BTC/USD,2759.98,2775.79,2450.0,2564.82,55118584.1,21325.75,0,2442.9805,2513.7354159521906,2973.9137127083886,1912.0472872916116,2442.9805,55.76650596611921,-7.0710657323603705,-0.07333513260426676,124.26871414601158
2017-07-26,1501027200,BTC/USD,2564.82,2608.96,2400.0,2524.99,44074589.03,17706.93,0,2439.2105,2514.807281099601,2966.495784231769,1911.9252157682313,2439.2105,53.11036941171128,-1.5529354886502866,-0.01565119839828403,124.37066752216384
2017-07-27,1501113600,BTC/USD,2524.99,2695.0,2509.63,2666.33,30468221.16,11825.41,0,2447.454,2529.2380162329723,2983.912282731834,1910.9957172681666,2447.454,57.10831721470019,5.597645931271011,0.05446589271808296,125.87099501216137
2017-07-28,1501200000,BTC/USD,2666.33,2825.0,2655.82,2777.01,38653272.36,14061.36,0,2458.8010000000004,2552.8353480203086,3013.6822293550176,1903.9197706449831,2458.8010000000004,62.363020609421206,4.151024066788445,0.040671814284937165,125.70051592726419
2017-07-29,1501286400,BTC/USD,2777.01,2785.65,2631.78,2680.56,29153822.62,10780.01,0,2467.715,2564.9996005898033,3031.198533874219,1904.2314661257817,2467.715,66.64338319746099,-3.473159981418872,-0.03534908140791749,126.34069053422306
2017-07-30,1501372800,BTC/USD,2680.56,2774.45,2569.69,2742.37,25842024.03,9675.59,0,2488.6609999999996,2581.8920195812507,3060.645232756563,1916.6767672434362,2488.6609999999996,69.2510947405768,2.305861461784109,0.02279678211972448,126.28116367442355
2017-07-31,1501459200,BTC/USD,2742.37,2889.99,2680.01,2855.81,30771946.97,11112.43,0,2516.1525,2607.9794462877985,3103.8059444139576,1928.4990555860427,2516.1525,66.17277736976985,4.136568005046737,0.040533005615432424,123.51591759666478
2017-08-01,1501545600,BTC/USD,2855.81,2929.17,2615.0,2731.0,34305116.96,12518.56,0,2533.3025000000002,2619.695689498484,3125.213347834554,1941.3916521654467,2533.3025000000002,60.71315745926998,-4.3703887863688395,-0.04468767316213261,124.83707039811233
2017-08-02,1501632000,BTC/USD,2731.0,2760.0,2650.0,2703.51,25679084.59,9478.55,0,2551.4785,2627.678004784343,3140.7146115269315,1962.242388473069,2551.4785,61.05021127257692,-1.0065909923104965,-0.010116913749664391,124.58962680582356
2017-08-03,1501718400,BTC/USD,2703.51,2807.44,2698.83,2793.37,21938228.66,7963.67,0,2580.4785,2643.4581948048817,3156.5944088156966,2004.3625911843037,2580.4785,47.20965515356122,3.323827172823468,0.03269782348947359,124.53723002336432
2017-08-04,1501804800,BTC/USD,2793.37,2877.52,2765.91,2855.0,21650042.13,7635.81,0,2624.703,2663.605033394893,3135.7915538307934,2113.6144461692065,2624.703,57.008319064143166,2.206295621417853,0.021823090876596375,122.38868731582808
2017-08-05,1501891200,BTC/USD,2855.0,3339.66,2848.32,3263.62,53855576.01,16994.2,0,2692.0025,2720.749315928713,3164.0490907814933,2219.955909218507,2692.0025,63.760322397286956,14.312434325744295,0.1337651656477426,119.97048679635027
2017-08-06,1501977600,BTC/USD,3263.62,3296.51,3146.1,3222.75,19412655.97,5998.74,0,2741.84,2768.5589048878833,3217.188509046406,2266.491490953594,2741.84,65.55303851078499,-1.2522904014560465,-0.012601976414639084,119.28962387832516
2017-08-07,1502064000,BTC/USD,3222.75,3430.0,3186.0,3387.55,40212285.97,12042.05,0,2796.032,2827.510437755704,3306.8703252159958,2285.1936747840045,2796.032,68.71343459825023,5.113645178806925,0.04987191390341378,110.90933747318839
2017-08-08,1502150400,BTC/USD,3387.55,3490.0,3300.0,3412.41,54033180.58,15829.04,0,2853.3920000000003,2883.2151579694464,3370.8526977437837,2335.931302256217,2853.3920000000003,78.13128530557785,0.7338637068087461,0.007311840292423344,110.8645132376869
2017-08-09,1502236800,BTC/USD,3412.41,3423.1,3178.72,3342.99,47303195.92,14270.73,0,2876.79,2927.0032381628325,3438.774293768175,2314.805706231825,2876.79,76.62621738451122,-2.034339367192106,-0.020553170428583848,111.02134767177606
2017-08-10,1502323200,BTC/USD,3342.99,3448.0,3311.17,3413.03,30646612.36,9027.65,0,2913.9415,2973.291501194944,3515.2316392759867,2312.651360724013,2913.9415,75.48846925818212,2.0951304072103216,0.020734843698499178,77.14479582156734
2017-08-11,1502409600,BTC/USD,3413.03,3705.0,3390.67,3645.06,41873464.0,11923.28,0,2954.559,3037.2694534620923,3637.0161362487547,2272.1018637512457,2954.559,77.36377220026101,6.798358057210163,0.06577236642366248,73.49715535521803
2017-08-12,1502496000,BTC/USD,3645.06,3934.0,3586.95,3855.1,46761411.29,12340.84,0,3009.8630000000003,3115.1580769418933,3793.8956177720765,2225.830382227924,3009.8630000000003,84.55098486809594,5.762319413123507,0.05602412078558034,73.26682189360587
2017-08-13,1502582400,BTC/USD,3855.1,4190.0,3841.71,4053.87,63638815.67,15881.43,0,3074.5575,3204.5592124712366,3976.4456338001305,2172.6693661998693,3074.5575,85.70300760067079,5.156027081009573,0.05027503340534766,72.37205238841216
2017-08-14,1502668800,BTC/USD,4053.87,4329.43,3964.96,4306.23,59827087.21,14210.19,0,3161.6279999999997,3309.480239854928,4184.443501901753,2138.812498098247,3161.6279999999997,86.708341769589,6.22516262238304,0.060390830935434486,73.57452565045789
2017-08-15,1502755200,BTC/USD,4306.23,4400.0,3800.0,4155.67,104581194.25,25498.45,0,3243.162,3390.069740821126,4311.271550710978,2175.0524492890218,3243.162,85.59272491068532,-3.4963297362193724,-0.03558914454485767,68.44799618862722
2017-08-16,1502841600,BTC/USD,4155.67,4379.78,3926.06,4378.84,54192791.68,12923.26,0,3328.7875,3484.2383369333998,4473.980694179369,2183.5943058206317,3328.7875,88.12715347537359,5.37025317217199,0.05231018231735495,67.65918609932517
2017-08-17,1502928000,BTC/USD,4378.84,4480.0,4167.21,4276.5,63198384.95,14566.12,0,3403.762,3559.691828654028,4592.369983458407,2215.1540165415936,3403.762,83.56241881684176,-2.3371486512409723,-0.023648931090652688,68.94859898812257
2017-08-18,1503014400,BTC/USD,4276.5,4368.0,3964.96,4100.0,72432096.0,17329.3,0,3474.7339999999995,3611.1497497345968,4650.966449393538,2298.501550606461,3474.7339999999995,76.78133523778385,-4.127206828013563,-0.04214794432843721,72.09492940755455
2017-08-19,1503100800,BTC/USD,4100.0,4188.0,3900.0,4099.55,60597363.73,15034.29,0,3542.593,3657.664059283683,4697.324621498445,2387.861378501555,3542.593,71.81206652715518,-0.01097560975609202,-0.00010976212120215436,69.77126374763336
2017-08-20,1503187200,BTC/USD,4099.55,4125.95,4000.0,4058.68,25281427.99,6235.95,0,3602.7365000000004,3695.8560536376176,4731.8725833239805,2473.600416676021,3602.7365000000004,71.81206652715517,-0.9969386883926346,-0.010019413992118786,70.5410487727176
2017-08-21,1503273600,BTC/USD,4058.68,4080.0,3949.78,3987.52,39194496.37,9779.7,0,3665.5625,3723.633572338797,4728.348916189466,2602.776083810534,3665.5625,66.45945011714228,-1.7532793913291989,-0.017688313824575468,71.14782435081308
2017-08-22,1503360000,BTC/USD,3987.52,4139.31,3600.0,4085.0,91500637.87,23497.56,0,3734.6369999999997,3758.049422592245,4710.1426085214725,2759.1313914785273,3734.6369999999997,67.74465884687024,2.44462723697938,0.024152244539600548,67.67349393864535
2017-08-23,1503446400,BTC/USD,4085.0,4248.97,4051.94,4108.12,62086390.53,14972.03,0,3800.3745000000004,3791.3894775834597,4681.430179116943,2919.318820883058,3800.3745000000004,70.69160415168021,0.5659730722154199,0.005643774622738077,67.03115088039104
2017-08-24,1503532800,BTC/USD,4108.12,4350.0,4082.57,4300.34,45158907.08,10779.09,0,3872.6415,3839.8609559088445,4659.241504182562,3086.0414958174388,3872.6415,72.5083330373858,4.679025929135472,0.045728586406405036,67.49441236447068
2017-08-25,1503619200,BTC/USD,4300.34,4449.98,4270.0,4355.98,42239588.77,9691.7,0,3927.2595,3889.0151505841923,4687.046082347137,3167.472917652864,3927.2595,69.80631644638599,1.2938511838598732,0.012855524350836556,67.54448565692647
2017-08-26,1503705600,BTC/USD,4355.98,4369.78,4232.43,4333.38,28226249.72,6559.28,0,3982.791,3931.335612433317,4686.014347911903,3279.567652088097,3982.791,64.8789228739952,-0.5188269918594557,-0.005201775725737305,53.84968250582523
2017-08-27,1503792000,BTC/USD,4333.38,4393.3,4290.32,4337.68,17115061.37,3944.92,0,4030.2974999999997,3970.035077915858,4691.314518552316,3369.280481447683,4030.2974999999997,60.04445168003287,0.09922970060323166,0.000991805004805556,53.22166529741129
2017-08-28,1503878400,BTC/USD,4337.68,4399.72,4169.01,4379.99,37056561.52,8636.26,0,4078.6765,4009.0784038286333,4688.969087026914,3468.383912973086,4078.6765,53.06638286550486,0.9754062079267989,0.009706798309711445,51.61926880133757
2017-08-29,1503964800,BTC/USD,4379.99,4649.78,4336.26,4578.82,53470073.42,11875.02,0,4140.467999999999,4063.3395082259062,4683.697340599735,3597.238659400263,4140.467999999999,66.9126052166684,4.539508081068666,0.04439488172858882,52.75944068542644
2017-08-30,1504051200,BTC/USD,4578.82,4642.22,4479.0,4573.2,39221767.23,8593.36,0,4198.4765,4111.897650299629,4655.585785989573,3741.367214010427,4198.4765,59.40354544047066,-0.12273904630449861,-0.0012281443236367082,51.576132457974175
2017-08-31,1504137600,BTC/USD,4573.2,4765.21,4566.66,4734.26,41680053.91,8901.59,0,4252.9365,4171.170255032998,4691.59080010551,3814.2821998944896,4252.9365,70.95663639027252,3.5218227936674618,0.034612252739959416,51.99555633147075
2017-09-01,1504224000,BTC/USD,4734.26,4935.0,4671.09,4921.7,73806190.52,15349.9,0,4306.2665,4242.649278363189,4797.467506439696,3815.0654935603034,4306.2665,87.24503671471312,3.9592248841423983,0.03882856785265475,49.49616766745107
2017-09-02,1504310400,BTC/USD,4921.7,4979.9,4488.5,4599.9,79450494.42,16968.78,0,4333.568,4276.673156614314,4826.396941716785,3840.7390582832154,4333.568,67.56291902137667,-6.538391206290517,-0.06761943514997577,54.62895429932206
2017-09-03,1504396800,BTC/USD,4599.9,4700.0,4385.0,4606.26,51073979.31,11216.38,0,4348.5695,4308.062379793903,4855.945494306933,3841.1935056930665,4348.5695,69.69797257435576,0.1382638753016474,0.0013816837882020287,52.49173016374784
2017-09-04,1504483200,BTC/USD,4606.26,4613.97,4058.5,4277.0,107556542.05,25014.15,0,4354.636,4305.104057908769,4855.155798415924,3854.1162015840764,4354.636,58.78255382150919,-7.148098457316787,-0.07416441867174661,55.55656452214682
2017-09-05,1504569600,BTC/USD,4277.0,4474.88,4001.93,4396.52,88387794.12,20870.95,0,4355.52,4313.8103381079345,4856.2821838337,3854.7578161663005,4355.52,59.32649932937346,2.7944821136310694,0.027561489654927725,54.80774919029538
2017-09-06,1504656000,BTC/USD,4396.52,4649.23,4356.42,4605.8,75215090.16,16613.84,0,4371.985000000001,4341.61887733575,4883.349969283709,3860.6200307162926,4371.985000000001,63.40559410421067,4.760128465240676,0.04650305993207947,54.17851692204367
2017-09-07,1504742400,BTC/USD,4605.8,4674.34,4475.0,4615.0,42404174.64,9248.08,0,4397.735000000001,4367.655174732345,4903.265742695761,3892.2042573042395,4397.735000000001,59.40282807998948,0.19974814364496218,0.0019954891230366946,53.34649766810959
2017-09-08,1504828800,BTC/USD,4615.0,4679.97,4125.99,4312.0,103400550.32,23654.99,0,4408.3575,4362.354681900693,4896.122709258675,3920.592290741325,4408.3575,48.85503337533454,-6.565547128927407,-0.06791003434811942,56.76854057367302
2017-09-09,1504915200,BTC/USD,4312.0,4379.78,4164.0,4308.72,42672278.95,9970.37,0,4420.8595000000005,4357.24661695777,4883.033549988919,3958.685450011082,4420.8595000000005,49.351482700945695,-0.07606679035250252,-0.0007609573581499554,56.77261713703674
2017-09-10,1505001600,BTC/USD,4308.72,4322.44,4010.0,4226.22,61000822.58,14714.59,0,4432.7945,4344.767891533221,4858.761036243105,4006.827963756895,4432.7945,47.18458569508856,-1.9147217735197453,-0.019332899725352303,57.11931551931704
2017-09-11,1505088000,BTC/USD,4226.22,4353.49,4092.4,4207.31,46993960.17,11154.82,0,4438.910000000001,4331.676663768152,4846.988897479914,4030.831102520087,4438.910000000001,45.586024968559265,-0.4474447615126498,-0.004484487916920519,56.729820211807024
2017-09-12,1505174400,BTC/USD,4207.31,4377.65,4080.0,4172.56,56085500.46,13251.77,0,4442.132,4316.522695790233,4840.106479192349,4044.15752080765,4442.132,38.66449402337082,-0.8259434175280633,-0.008293732287624877,56.28511057028652
2017-09-13,1505260800,BTC/USD,4172.56,4179.14,3720.01,3865.34,115047415.38,29518.25,0,4420.382,4273.552915238783,4891.761900185559,3949.00209981444,4420.382,33.09450797199058,-7.3628659623828145,-0.07648010919616995,62.30116069888948
2017-09-14,1505347200,BTC/USD,3865.34,3921.74,3210.0,3227.79,145677912.44,41197.76,0,4363.972500000001,4173.956447120803,5076.260544333191,3651.68445566681,4363.972500000001,20.69204340737801,-16.494021224523593,-0.1802519545930758,85.08936139054366
2017-09-15,1505433600,BTC/USD,3227.79,3820.0,2977.0,3700.01,201603301.27,59782.68,0,4332.304,4128.818690252156,5104.148700561755,3560.459299438246,4332.304,28.603254111424434,14.629824121147905,0.13653782981982646,99.51062888886294
2017-09-16,1505520000,BTC/USD,3700.01,3872.9,3500.0,3678.93,84682175.88,23098.16,0,4299.3665,4085.972148323379,5124.620049918863,3474.112950081137,4299.3665,31.97096467290234,-0.5697281899238238,-0.0057135733170922,99.50912114931188
2017-09-17,1505606400,BTC/USD,3678.93,3772.52,3463.0,3662.99,42610629.87,11757.1,0,4263.5165,4045.6881341973426,5135.021756058674,3392.011243941325,4263.5165,31.603418483369808,-0.43327815424594185,-0.004342195241916307,99.46691137835376
2017-09-18,1505692800,BTC/USD,3662.99,4122.7,3659.42,4101.6,67884703.07,17181.29,0,4239.655500000001,4051.0130737975956,5100.883559935348,3378.4274400646536,4239.655500000001,46.71911591958281,11.97409766338431,0.11309738769713314,107.88454772486129
2017-09-19,1505779200,BTC/USD,4101.6,4119.7,3848.35,3888.8,60296939.36,15251.89,0,4205.4355,4035.5642096263964,5065.247951238182,3345.623048761817,4205.4355,40.82325382997029,-5.188219231519408,-0.05327651473824511,107.76906768618817
2017-09-20,1505865600,BTC/USD,3888.8,4050.0,3820.56,3874.46,45755993.66,11636.97,0,4162.4455,4020.2209515667396,4996.521669877095,3328.3693301229055,4162.4455,35.77934199268881,-0.36875128574367366,-0.0036943284932957486,107.75356664158802
2017-09-21,1505952000,BTC/USD,3874.46,3914.0,3573.0,3617.05,66991792.86,17898.73,0,4097.213000000001,3981.823718084193,4883.9956284465525,3310.430371553449,4097.213000000001,32.30340366220861,-6.643764550414765,-0.06874752177067012,108.56165737599733
2017-09-22,1506038400,BTC/USD,3617.05,3761.84,3514.0,3612.18,54095681.79,14959.45,0,4047.8269999999998,3946.619554457127,4825.700084928926,3269.9539150710734,4047.8269999999998,36.12283262211083,-0.13464010726974562,-0.0013473082850276048,107.03478230993608
2017-09-23,1506124800,BTC/USD,3612.18,3810.25,3552.0,3779.17,37543313.88,10105.29,0,4006.4725,3930.6719778421625,4746.356747273288,3266.5882527267113,4006.4725,40.13943147412288,4.6229700624,0.045192940601307054,107.1451285372591
2017-09-24,1506211200,BTC/USD,3779.17,3783.25,3615.0,3664.22,24002945.44,6506.91,0,3975.8334999999997,3905.295599000052,4719.290999023103,3232.3760009768966,3975.8334999999997,39.660146303410315,-3.04167317162235,-0.030888920123965123,107.3205651997348
2017-09-25,1506297600,BTC/USD,3664.22,3968.59,3658.39,3918.0,57436091.87,14928.61,0,3951.9075,3906.505541952428,4668.681194591185,3235.1338054088146,3951.9075,45.100609312076834,6.925894187576076,0.06696583084489181,107.97072510265554
2017-09-26,1506384000,BTC/USD,3918.0,3970.0,3850.61,3888.03,39095846.8,9982.65,0,3916.0189999999993,3904.745966528387,4563.463654619831,3268.574345380168,3916.0189999999993,45.173743863922404,-0.7649310872894333,-0.007678716904542206,107.35393389823011
2017-09-27,1506470400,BTC/USD,3888.03,4226.73,3870.0,4199.29,61138922.31,15047.14,0,3895.2335,3932.797779239969,4470.907757244223,3319.559242755777,3895.2335,55.656775426269654,8.005596664634783,0.0770128607623089,109.72286009322565
2017-09-28,1506556800,BTC/USD,4199.29,4270.01,4123.5,4184.84,40228821.54,9606.78,0,3888.8754999999996,3956.8018002647336,4447.7320705636,3330.018929436399,3888.8754999999996,70.54928349658817,-0.3441057893119992,-0.0034469919496974703,109.69908382704989
2017-09-29,1506643200,BTC/USD,4184.84,4227.62,4022.02,4164.82,50174093.2,12152.44,0,3881.680500000001,3976.6130573823784,4421.146857781372,3342.21414221863,3881.680500000001,62.385223318251796,-0.4783934391757061,-0.004795414032420996,107.26558895389519
2017-09-30,1506729600,BTC/USD,4164.82,4349.0,4154.28,4326.09,32022657.82,7484.86,0,3886.6740000000004,4009.896575726914,4441.206976358915,3332.1410236410857,3886.6740000000004,66.04534229865222,3.872196157336938,0.03799107435474053,108.14264449554096
2017-10-01,1506816000,BTC/USD,4326.09,4377.22,4216.0,4377.22,30767188.12,7186.75,0,3895.1695,4044.8797589910173,4475.013738085588,3315.3252619144123,3895.1695,67.40453736871603,1.1818986660009356,0.011749687929925848,107.97145558035983
2017-10-02,1506902400,BTC/USD,4377.22,4453.0,4352.0,4391.48,36284325.23,8257.67,0,3906.1155,4077.8893057537775,4515.519728768602,3296.711271231397,3906.1155,58.90568356374805,0.32577754830689365,0.0032524804294671254,107.94913464279988
2017-10-03,1506988800,BTC/USD,4391.48,4425.0,4218.0,4315.83,53430721.04,12439.78,0,3928.6400000000003,4100.550324253418,4564.428852702732,3292.851147297269,3928.6400000000003,64.32650048646289,-1.7226538661225699,-0.017376641814503935,108.10443420876754
2017-10-04,1507075200,BTC/USD,4315.83,4343.0,4170.07,4219.53,35967135.01,8495.27,0,3978.2270000000003,4111.881721943569,4533.456552910565,3422.997447089436,3978.2270000000003,60.973344951059254,-2.231320510770818,-0.02256591085987945,104.75900086057521
2017-10-05,1507161600,BTC/USD,4219.53,4358.97,4137.96,4301.09,35843264.32,8403.54,0,4008.281,4129.901557948943,4565.170912087897,3451.391087912103,4008.281,74.49192959340044,1.9329166992532398,0.01914473151111318,80.48885565636206
2017-10-06,1507248000,BTC/USD,4301.09,4425.0,4278.4,4362.95,36536990.19,8373.72,0,4042.482,4152.0966476680915,4598.222213393956,3486.741786606044,4042.482,75.8271698372837,1.4382400740277301,0.014279955122361285,66.98255395688417
2017-10-07,1507334400,BTC/USD,4362.95,4463.0,4312.82,4423.3,20225980.37,4624.88,0,4080.4975,4177.9255383663685,4630.928667640903,3530.066332359097,4080.4975,73.91317260786599,1.3832384052074875,0.013737589781363649,66.82505852794914
2017-10-08,1507420800,BTC/USD,4423.3,4612.0,4404.5,4597.98,45437977.1,10072.26,0,4105.316499999999,4217.930725188618,4702.529659698313,3508.1033403016854,4105.316499999999,83.19351031609482,3.9490877851377837,0.03873105276167546,67.42292344699788
2017-10-09,1507507200,BTC/USD,4597.98,4865.0,4541.0,4764.7,60364606.58,12900.31,0,4149.111500000001,4270.003989456369,4805.047804008891,3493.1751959911107,4149.111500000001,82.08460908842878,3.6259400867337366,0.035617499433297964,57.178463030081396
2017-10-10,1507593600,BTC/USD,4764.7,4909.97,4700.0,4749.29,56048025.67,11657.5,0,4192.853,4315.65027617481,4887.223366033332,3498.482633966668,4192.853,83.00049045152193,-0.3234201523705571,-0.0032394428575245023,52.99111939087129
2017-10-11,1507680000,BTC/USD,4749.29,4869.78,4700.0,4822.01,47163032.6,9847.43,0,4253.101,4363.875011777209,4946.210922258101,3559.991077741898,4253.101,79.19784692136012,1.5311762389746741,0.015195720395081153,52.8013306687838
2017-10-12,1507766400,BTC/USD,4822.01,5445.0,4793.66,5445.0,102397248.43,19885.18,0,4344.742,4466.839296369856,5155.691868126715,3533.792131873285,4344.742,87.61851312301482,12.919716052019803,0.12150690279980786,57.75858553765766
2017-10-13,1507852800,BTC/USD,5445.0,5846.43,5380.0,5653.6,155680854.0,27797.47,0,4438.4635,4579.864125287013,5394.480644379963,3482.4463556200362,4438.4635,89.94580091226189,3.831037649219482,0.037594754009583856,57.56444021485745
2017-10-14,1507939200,BTC/USD,5653.6,5817.34,5558.26,5801.29,47682043.42,8393.91,0,4545.317000000001,4696.190399069203,5608.662403033078,3481.971596966924,4545.317000000001,89.87199446462552,2.612317815197396,0.02578779622068874,56.94007146897152
2017-10-15,1508025600,BTC/USD,5801.29,5830.0,5415.0,5679.7,64387164.5,11529.17,0,4633.402,4789.857980110231,5767.46411627146,3499.33988372854,4633.402,83.91203824243118,-2.0959131503510475,-0.021181892178406426,55.92849850781679
2017-10-16,1508112000,BTC/USD,5679.7,5807.11,5548.0,5745.72,51432597.47,9053.39,0,4726.2865,4880.892458194971,5906.659456658859,3545.9135433411416,4726.2865,84.33427647124445,1.1623853372537463,0.011556815381992974,53.41147085511797
2017-10-17,1508198400,BTC/USD,5745.72,5776.31,5506.78,5597.31,50937177.61,9087.77,0,4796.1875,4949.1227002716405,6010.25548867756,3582.1195113224403,4796.1875,81.33356154335175,-2.5829661034648344,-0.026169104628988218,54.904881151005334
2017-10-18,1508284800,BTC/USD,5597.31,5617.75,5101.36,5582.05,101403785.99,18914.61,0,4866.048000000001,5009.401490721961,6092.728540004307,3639.3674599956935,4866.048000000001,84.68984550833562,-0.27263096022911437,-0.002730032752828602,50.781018835182834
2017-10-19,1508371200,BTC/USD,5582.05,5735.14,5512.06,5698.69,55881257.79,9883.68,0,4942.741499999999,5075.048015415108,6176.603522709694,3708.8794772903047,4942.741499999999,84.95852801985052,2.089554912621705,0.0206802314284235,50.44995190817393
2017-10-20,1508457600,BTC/USD,5698.69,6074.0,5589.8,5977.29,88681234.35,15052.02,0,5025.3015,5160.975823470812,6305.5302654991865,3745.072734500812,5025.3015,86.42989962449451,4.888842874415,0.04773096412377909,51.16818745925955
2017-10-21,1508544000,BTC/USD,5977.29,6180.0,5871.0,6013.46,92596831.55,15305.54,0,5107.1134999999995,5242.164792664069,6421.628864820212,3792.5981351797877,5107.1134999999995,86.28017339721652,0.6051237266386567,0.00603300205690227,50.72808099605527
2017-10-22,1508630400,BTC/USD,6013.46,6071.07,5700.0,5969.0,71783836.81,12213.02,0,5185.989500000001,5311.38719336273,6508.988813815708,3862.9901861842927,5185.989500000001,83.25652022044555,-0.7393414107685126,-0.007420880859557954,51.34627228549906
2017-10-23,1508716800,BTC/USD,5969.0,6045.34,5617.75,5871.17,89096118.44,15257.2,0,5263.7565,5364.699841613899,6553.83154980014,3973.6814501998606,5263.7565,77.76740497593343,-1.6389680013402574,-0.0165254766388197,52.35248398175345
2017-10-24,1508803200,BTC/USD,5871.17,5871.17,5453.01,5523.4,97431687.22,17264.05,0,5328.95,5379.814142412575,6525.20702897346,4132.692971026539,5328.95,66.64931713087427,-5.923350882362466,-0.061060319844138254,57.561129958422356
2017-10-25,1508889600,BTC/USD,5523.4,5748.0,5366.0,5735.88,68165895.28,12312.35,0,5400.6895,5413.725176468521,6506.041209218663,4295.337790781337,5400.6895,68.54060239155044,3.8469058912988574,0.0377475698728357,56.81791523742575
2017-10-26,1508976000,BTC/USD,5735.88,5988.0,5683.0,5890.0,68819732.17,11743.86,0,5477.042,5459.0846834715185,6487.460237065065,4466.623762934936,5477.042,61.14930548595939,2.6869460309490334,0.02651481508710481,56.94907815095876
2017-10-27,1509062400,BTC/USD,5890.0,5994.06,5674.06,5771.89,68864252.31,11878.19,0,5544.471500000001,5488.875665998041,6431.2299025871625,4657.713097412839,5544.471500000001,53.1044799622077,-2.005263157894732,-0.020256414452525195,58.24381199721053
2017-10-28,1509148800,BTC/USD,5771.89,5875.66,5646.18,5730.69,33910959.44,5911.95,0,5601.107000000001,5511.9056025696555,6370.220882419577,4831.993117580425,5601.107000000001,48.03742786296464,-0.7138043171301067,-0.007163640885922018,58.673660291049515
2017-10-29,1509235200,BTC/USD,5730.69,6316.85,5683.0,6137.37,96245243.8,16067.43,0,5669.7405,5571.473640420165,6366.135271390471,4973.345728609529,5669.7405,60.98188362327534,7.096527643268091,0.06856036930853553,61.219459715799196
2017-10-30,1509321600,BTC/USD,6137.37,6229.77,6024.03,6119.99,58628072.74,9573.17,0,5738.275500000001,5623.713293713483,6312.299437424021,5164.251562575981,5738.275500000001,59.19532605117166,-0.2831831875868662,-0.0028358490976120865,60.9374559547683
2017-10-31,1509408000,BTC/USD,6119.99,6449.78,6072.81,6434.21,84132031.05,13388.29,0,5818.885499999999,5700.903456216961,6295.7093013520025,5342.061698647996,5818.885499999999,69.0125038620213,5.134322114905432,0.050068604852975096,62.05427632623597
2017-11-01,1509494400,BTC/USD,6434.21,6756.36,6340.01,6741.59,84730388.78,12942.67,0,5883.714999999999,5800.016460386774,6483.276313154512,5284.153686845487,5883.714999999999,73.25554343291722,4.777276464398894,0.046666734758559814,63.051001563034085
2017-11-02,1509580800,BTC/USD,6741.59,7354.1,6700.0,7030.0,184478482.71,26442.64,0,5952.535,5917.157749873748,6730.358270293779,5174.7117297062205,5952.535,74.97945444515743,4.2780709001882355,0.04189090367506715,51.170392864633186
2017-11-03,1509667200,BTC/USD,7030.0,7500.0,6925.22,7146.82,115885350.37,15978.77,0,6019.8115,6034.268440361962,6958.647509586218,5080.975490413782,6019.8115,73.36228491068823,1.6617354196301504,0.016480796705638526,50.364735147827666
2017-11-04,1509753600,BTC/USD,7146.82,7569.9,6994.0,7388.83,66574400.23,9178.26,0,6105.268,6163.274303184633,7210.203487930587,5000.3325120694135,6105.268,75.3864157379276,3.3862613022295207,0.03330189784080488,50.70580950715053
2017-11-05,1509840000,BTC/USD,7388.83,7590.0,7275.16,7372.72,68578104.7,9211.21,0,6186.618,6278.459607643239,7412.994340651375,4960.241659348626,6186.618,76.18372554578961,-0.2180318128851222,-0.0021826984830049787,49.576531467381294
2017-11-06,1509926400,BTC/USD,7372.72,7421.39,6922.07,6967.68,138309426.6,19290.82,0,6255.1365,6344.0996450105495,7495.923444216402,5014.349555783598,6255.1365,68.35021906263283,-5.493766208400697,-0.05650438761538853,55.03246652755339
2017-11-07,1510012800,BTC/USD,6967.68,7244.69,6945.0,7130.28,82573875.36,11625.97,0,6332.548,6418.973964533355,7589.59994356687,5075.4960564331295,6332.548,78.66807490294588,2.333631854505369,0.02306819007174484,53.6736186225351
2017-11-08,1510099200,BTC/USD,7130.28,7888.0,7080.01,7450.32,182900719.5,24598.0,0,6420.1295,6517.197396482559,7734.029355504089,5106.229644495911,6420.1295,79.45651725702032,4.488463286154265,0.043906480146779524,54.537144713123475
2017-11-09,1510185600,BTC/USD,7450.32,7490.0,7061.2,7148.0,106479695.18,14729.52,0,6478.665,6577.273834912791,7813.639195745088,5143.690804254912,6478.665,70.56684715791677,-4.0578122818885625,-0.0414243871919662,57.694375378028525
2017-11-10,1510272000,BTC/USD,7148.0,7343.18,6429.44,6588.18,180472185.39,26492.72,0,6507.401,6578.31251730205,7824.839038489449,5189.9629615105505,6507.401,61.6611857612649,-7.831841074426404,-0.08155546295066614,64.27211731059033
2017-11-11,1510358400,BTC/USD,6588.18,6820.0,6218.0,6355.13,96465935.17,14890.46,0,6526.7074999999995,6557.05703946376,7822.056279024797,5231.358720975202,6526.7074999999995,58.45693792864341,-3.537395760285844,-0.036014773580730346,65.78936797915969
2017-11-12,1510444800,BTC/USD,6355.13,6488.88,5555.55,5870.37,224990004.1,37220.5,0,6526.6675,6491.6582738005445,7822.101558511899,5231.2334414881,6526.6675,46.458848369743976,-7.627853403470897,-0.07934469654426343,71.63241634487247
2017-11-13,1510531200,BTC/USD,5870.37,6775.75,5846.0,6525.17,173725919.53,27163.67,0,6576.755999999999,6494.849866771921,7783.2724346890245,5370.239565310974,6576.755999999999,54.59660841588427,11.154322470304256,0.10574934228769207,80.25324205015497
2017-11-14,1510617600,BTC/USD,6525.17,6750.0,6466.88,6609.0,79508390.54,12072.05,0,6620.411999999999,6505.721308031739,7760.157064802226,5480.666935197773,6620.411999999999,52.09229612711547,1.284717486287712,0.012765349979102076,76.58378771229742
2017-11-15,1510704000,BTC/USD,6609.0,7350.0,6609.0,7294.0,119171192.38,16869.9,0,6690.611999999999,6580.795469171573,7813.765236442163,5567.4587635578355,6690.611999999999,56.06429529641396,10.36465425934332,0.09861973589817272,82.20518687825256
2017-11-16,1510790400,BTC/USD,7294.0,7976.79,7120.85,7846.96,145738327.49,19272.37,0,6794.3655,6701.382567345709,7943.259015572807,5645.471984427193,6794.3655,58.47616597083309,7.581025500411287,0.07307410325636891,84.82132467486385
2017-11-17,1510876800,BTC/USD,7846.96,7997.0,7528.5,7674.99,138124189.43,17714.37,0,6891.580499999999,6794.107084741356,7989.412937535067,5793.7480624649315,6891.580499999999,55.417895045657744,-2.19154933885225,-0.022159205102041616,84.91969651776157
2017-11-18,1510963200,BTC/USD,7674.99,7858.0,7431.54,7771.03,56264967.21,7326.81,0,6973.263499999999,6887.147362385036,8077.897469788886,5868.629530211112,6973.263499999999,54.04158753389139,1.251337135292685,0.012435726185850732,84.58751324579448
2017-11-19,1511049600,BTC/USD,7771.03,8087.35,7675.0,8016.58,65332064.65,8307.78,0,7068.093000000001,6994.712375491223,8189.802968726778,5946.383031273223,7068.093000000001,56.493430527373135,3.1598127918692986,0.031109180287745872,82.5420066752007
2017-11-20,1511136000,BTC/USD,8016.58,8269.99,7900.0,8226.17,66366007.81,8179.46,0,7157.690999999999,7111.994054015868,8350.245675289001,5965.136324710997,7157.690999999999,63.212965082218155,2.6144565388232843,0.02580863876068088,82.4582116848947
2017-11-21,1511222400,BTC/USD,8226.17,8354.46,7770.0,8095.23,110809826.43,13686.34,0,7225.373,7205.635572681023,8470.963866023018,5979.782133976982,7225.373,60.19887246415413,-1.5917492587680604,-0.016045536448754675,82.0021470787298
2017-11-22,1511308800,BTC/USD,8095.23,8310.89,8045.76,8214.69,66215711.71,8078.58,0,7284.6075,7301.735994330449,8601.702539033759,5967.512460966241,7284.6075,58.436587352569155,1.4756838286250185,0.0146490156018211,80.98809904604748
2017-11-23,1511395200,BTC/USD,8214.69,8279.76,7980.0,7989.0,63644740.39,7811.79,0,7326.7165,7367.189709156121,8678.653271727286,5974.779728272716,7326.7165,59.44209670683019,-2.7473952151572445,-0.027858419428254944,81.06770193163356
2017-11-24,1511481600,BTC/USD,7989.0,8340.0,7876.0,8199.19,75751868.75,9289.99,0,7367.2345000000005,7446.427832093634,8774.452709233707,5960.016290766295,7367.2345000000005,69.62812787079386,2.630992614845429,0.025969773403384144,81.28730002924239
2017-11-25,1511568000,BTC/USD,8199.19,8737.0,8114.78,8717.99,97628924.79,11611.67,0,7434.498,7567.528990941859,8965.941930366636,5903.054069633364,7434.498,76.91442005841103,6.327454297314716,0.0613533378601778,83.0133761677333
2017-11-26,1511654400,BTC/USD,8717.99,9366.6,8538.2,9271.06,108525815.45,12021.22,0,7549.6669999999995,7729.770039423586,9268.297752101023,5831.036247898975,7549.6669999999995,88.142372288235,6.344008194549433,0.06150901363420208,84.95030117248969
2017-11-27,1511740800,BTC/USD,9271.06,9721.7,9267.0,9708.07,126458117.67,13272.45,0,7678.556500000001,7918.1795594784835,9634.95509167996,5722.15790832004,7678.556500000001,87.53331289356382,4.7137004830084095,0.04605977798869178,82.07604814419925
2017-11-28,1511827200,BTC/USD,9708.07,9968.0,9582.25,9868.82,110496755.85,11214.93,0,7799.4815,8103.954839528151,9982.348208675341,5616.614791324659,7799.4815,87.75544241166358,1.65583890515828,0.01642279370719527,82.03411168361609
2017-11-29,1511913600,BTC/USD,9868.82,11395.0,9289.0,9824.68,307124764.72,29509.5,0,7933.3155,8267.833426239755,10270.749027372087,5595.881972627913,7933.3155,84.42015581476322,-0.44726725180922466,-0.00448270484319887,81.6327954306342
2017-11-30,1512000000,BTC/USD,9824.68,10618.29,9000.0,9947.67,247093850.76,25433.46,0,8101.289999999999,8427.817861835969,10513.365083321185,5689.214916678813,8101.289999999999,82.35654721381064,1.2518473884136627,0.012440765643597324,79.18950052716846
2017-12-01,1512086400,BTC/USD,9947.67,10949.89,9370.11,10840.45,171881760.62,16708.03,0,8325.556,8657.592351184923,10883.681237495524,5767.430762504477,8325.556,89.89740357953113,8.97476494495697,0.08594615517103771,74.37055673766363
2017-12-02,1512172800,BTC/USD,10840.45,11200.0,10637.69,10872.0,101270084.38,9267.16,0,8575.6375,8868.48831773874,11100.86374681328,6050.41125318672,8575.6375,89.73045552734008,0.29103957861527086,0.002906168783850421,71.6025823206413
2017-12-03,1512259200,BTC/USD,10872.0,11800.01,10513.16,11250.0,160176290.44,14238.53,0,8811.878999999999,9095.298954144575,11412.334141336029,6211.4238586639685,8811.878999999999,90.06755952971032,3.47682119205297,0.034177451801586455,60.59788972964131
2017-12-04,1512345600,BTC/USD,11250.0,11613.07,10850.0,11613.07,154122917.9,13621.48,0,9062.0825,9335.086672797472,11732.119057075763,6392.045942924238,9062.0825,90.43152104363438,3.2272888888888795,0.031763059322571556,54.17402884340097
2017-12-05,1512432000,BTC/USD,11613.07,11850.0,11384.25,11677.0,127101844.05,10910.99,0,9281.2325,9558.126037292952,12057.612029325524,6504.852970674476,9281.2325,93.45300053622165,0.5505004275355274,0.005489907120577065,54.480285380976866
2017-12-06,1512518400,BTC/USD,11677.0,13700.0,11659.8,13623.5,250560790.3,19784.87,0,9570.0595,9945.304509931719,12870.588145066442,6269.530854933557,9570.0595,95.46387558481425,16.669521281150978,0.15417514765206988,65.87628177222808
2017-12-07,1512604800,BTC/USD,13623.5,16615.62,13085.9,16599.99,362107737.05,24423.39,0,10016.3095,10579.084080414412,14455.131712806467,5577.487287193531,10016.3095,99.49260110331097,21.848203471941872,0.19760585020702987,86.94980724521307
2017-12-08,1512691200,BTC/USD,16599.99,16666.66,13482.42,15800.0,389366035.09,25473.4,0,10417.758,11076.31416799399,15418.315975790922,5417.200024209078,10417.758,90.91265325807642,-4.819219770614325,-0.04939215291975648,89.70059604350378
2017-12-09,1512777600,BTC/USD,15800.0,15998.5,12701.05,14607.49,227938370.13,15763.56,0,10747.3035,11412.61662818504,15946.345902549358,5548.261097450643,10747.3035,79.55751306362279,-7.547531645569617,-0.07847552916653948,97.67693534995078
2017-12-10,1512864000,BTC/USD,14607.49,15385.0,13011.0,14691.0,263150668.0,18487.98,0,11070.545000000002,11724.84361597694,16411.540879037413,5729.5491209625925,11070.545000000002,78.54637309574622,0.571693015021757,0.00570065052190853,98.03824731390662
2017-12-11,1512950400,BTC/USD,14691.0,17270.0,14677.19,16470.0,270203844.28,16583.72,0,11489.2835,12176.763271598185,17151.613352903758,5826.953647096241,11489.2835,81.20350228560406,12.109454768225447,0.11430548280125896,102.3894993643
2017-12-12,1513036800,BTC/USD,16470.0,17428.42,15967.29,16650.01,210743301.62,12511.23,0,11911.0495,12602.786769541215,17798.53500056713,6023.563999432866,11911.0495,81.23685449404715,1.0929568913175425,0.010870272837324073,101.18046030578931
2017-12-13,1513123200,BTC/USD,16650.01,17107.03,15497.69,16250.0,281640493.79,17136.71,0,12324.0995,12950.14041053729,18212.153764053688,6436.045235946312,12324.0995,78.65800680443233,-2.402461019542923,-0.024317908251126497,103.01967286479925
2017-12-14,1513209600,BTC/USD,16250.0,16830.45,15852.69,16404.99,219263192.46,13409.52,0,12734.3895,13279.173704771834,18555.4158254207,6913.3631745793,12734.3895,78.71875428069245,0.953784615384623,0.009492648066879779,101.05687467988173
2017-12-15,1513296000,BTC/USD,16404.99,17934.0,16337.19,17471.5,329337014.76,18998.39,0,13172.064999999999,13678.442875745946,19037.722492028424,7306.407507971573,13172.064999999999,79.04261273800878,6.501131667864457,0.06298542509427063,101.48671603251496
2017-12-16,1513382400,BTC/USD,17471.5,19377.0,17269.99,19187.78,179906034.64,9761.22,0,13667.901000000002,14203.141649484427,19814.909254577844,7520.89274542216,13667.901000000002,81.73768014167074,9.823312251380823,0.09370263613792082,103.10966909099146
2017-12-17,1513468800,BTC/USD,19187.78,19666.0,18465.0,18953.0,186310530.76,9749.25,0,14130.147500000001,14655.50911143829,20412.2976204398,7847.997379560203,14130.147500000001,79.72391449637973,-1.2235912648571046,-0.012311387730654582,104.11595175438681
2017-12-18,1513555200,BTC/USD,18953.0,19220.0,17835.2,18940.57,273533539.4,14678.94,0,14583.735,15063.610148444168,20880.386044849965,8287.083955150036,14583.735,79.06137413202569,-0.06558328496808485,-0.0006560480021187094,104.69307514605472
2017-12-19,1513641600,BTC/USD,18940.57,19160.79,16831.26,17700.0,387206242.38,21528.14,0,14977.501,15314.694896211391,21000.0653796778,8954.936620322202,14977.501,71.848460269393,-6.549802883440147,-0.06774154276226098,110.16974139398347
2017-12-20,1513728000,BTC/USD,17700.0,17950.0,15343.04,16466.98,521350550.61,31172.23,0,15303.4665,15424.436334667449,20868.070155797635,9738.862844202366,15303.4665,60.87780506652589,-6.966214689265538,-0.07220747589497194,115.06102296974157
2017-12-21,1513814400,BTC/USD,16466.98,17281.17,15005.0,15600.01,326730689.65,20377.86,0,15541.444500000001,15441.157636127691,20694.259100676594,10388.629899323409,15541.444500000001,45.438288849677654,-5.264899817695767,-0.0540856084038845,118.21109584316272
2017-12-22,1513900800,BTC/USD,15600.01,15795.61,11159.93,14009.79,772329454.8,57444.16,0,15698.333999999999,15304.836908877434,20426.070394648028,10970.59760535197,15698.333999999999,42.38261022006142,-10.193711414287554,-0.10751518433771375,123.77239205088821
2017-12-23,1513987200,BTC/USD,14009.79,15756.22,13496.48,14619.0,322120599.56,21786.41,0,15866.784,15239.519108031964,20145.971396791414,11587.596603208585,15866.784,50.05153342150578,4.3484591846130405,0.0425656815862656,124.15851361518824
2017-12-24,1514073600,BTC/USD,14619.0,14619.1,12488.0,14157.87,250476423.64,18519.49,0,15994.024,15136.504907267015,19873.304090664617,12114.74390933538,15994.024,47.69110438773752,-3.154319720911136,-0.03205139930750239,124.92648506424695
2017-12-25,1514160000,BTC/USD,14157.87,14650.0,13210.0,13911.28,161347357.08,11564.54,0,16105.738000000001,15019.816820860633,19567.81503403965,12643.660965960351,16105.738000000001,37.222652785656635,-1.7417167977951453,-0.01757063139081387,125.05961099276269
2017-12-26,1514246400,BTC/USD,13911.28,16147.87,13746.95,15764.44,230922569.15,15051.16,0,16212.785,15090.733314112,19478.530348395667,12947.039651604335,16212.785,46.21093679803045,13.321275971729406,0.12505674880960924,131.38412708916465
2017-12-27,1514332800,BTC/USD,15764.44,16480.52,14484.0,15364.93,241860985.13,15643.75,0,16151.032000000001,15116.84728419657,19432.618649666118,12869.445350333886,16151.032000000001,46.21291409685787,-2.534247965674641,-0.02566913087735751,121.66947939460415
2017-12-28,1514419200,BTC/USD,15364.93,15474.19,13500.0,14470.07,234428578.54,16557.22,0,16084.535500000002,15055.24944760642,19448.925678626816,12720.145321373187,16084.535500000002,42.21375200800949,-5.8240421531370545,-0.060005261536698745,101.54193515193614
2017-12-29,1514505600,BTC/USD,14470.07,15111.0,13998.0,14340.0,195727638.77,13505.7,0,16071.161000000002,14987.130452596286,19462.29461602927,12680.027383970735,16071.161000000002,36.37150964417519,-0.8988899155290886,-0.009029543055241255,100.35131374431931
2017-12-30,1514592000,BTC/USD,14340.0,14463.28,12050.0,12640.0,285985550.32,21749.67,0,15968.611,14763.594219015686,19647.331618006032,12289.890381993968,15968.611,21.463200761471754,-11.854951185495121,-0.12618644645276297,105.97904588128797
2017-12-31,1514678400,BTC/USD,12640.0,14296.06,12491.21,13880.0,154552644.47,11583.42,0,15839.111,14679.442388633239,19624.322683168502,12053.899316831497,15839.111,29.671799540621933,9.810126582278489,0.09358256635994715,111.52200826545298
2018-01-01,1514764800,BTC/USD,13880.0,13941.75,12801.38,13443.41,102815718.45,7688.03,0,15678.780999999999,14561.725018287216,19588.953764404418,11768.608235595582,15678.780999999999,28.696316046473783,-3.1454610951008655,-0.03195993192709605,103.39992361094079
2018-01-02,1514851200,BTC/USD,13443.41,15257.53,12910.58,14678.94,229138844.08,16299.67,0,15600.228,14572.88834987891,19525.178469113365,11675.277530886631,15600.228,38.28761419446284,9.19059970647329,0.08792479034328149,108.64097109803235
2018-01-03,1514937600,BTC/USD,14678.94,15500.0,14546.28,15155.62,183639413.74,12275.0,0,15537.7595,14628.386602271394,19448.52359295093,11626.995407049071,15537.7595,44.59924286603869,3.247373447946522,0.0319576067686715,109.19302394754054
2018-01-04,1515024000,BTC/USD,15155.62,15430.27,14192.37,15143.67,222160244.49,15004.02,0,15421.368000000002,14677.46121157888,19226.955985363187,11615.780014636817,15421.368000000002,47.978202117761725,-0.07884863832691158,-0.0007887974021576022,109.09905897386642
2018-01-05,1515110400,BTC/USD,15143.67,17200.0,14810.0,16928.0,259695892.85,16248.91,0,15308.378999999997,14891.798239047559,18760.93335386546,11855.824646134532,15308.378999999997,62.71040566709148,11.782678835447413,0.1113864328145311,114.01064368707978
2018-01-06,1515196800,BTC/USD,16928.0,17234.99,16220.0,17149.67,158389594.51,9501.02,0,15218.2125,15106.833644852552,18349.215880420543,12087.209119579458,15218.2125,61.40756414267128,1.309487240075602,0.013009875768423313,108.82913931212373
2018-01-07,1515283200,BTC/USD,17149.67,17149.97,15707.16,16124.02,141555094.16,8632.81,0,15077.384999999998,15203.708535818974,17718.477655585768,12436.292344414229,15077.384999999998,58.433641399414405,-5.980581550548769,-0.061668845803161315,110.5564998478044
2018-01-08,1515369600,BTC/USD,16124.02,16300.0,13900.0,14999.99,251991683.91,16684.13,0,14942.3845,15184.306770502883,17277.308698967685,12607.460301032314,14942.3845,54.34301657168523,-6.971152355305943,-0.07226055120582972,112.74281323314688
2018-01-09,1515456000,BTC/USD,14999.99,15367.18,14123.97,14403.51,204579121.58,13913.52,0,14839.211,15109.945173312133,17070.54226121125,12607.87973878875,14839.211,43.9660913246463,-3.976535984357321,-0.04057760755557096,111.40830089863785
2018-01-10,1515542400,BTC/USD,14403.51,14900.0,13412.0,14890.02,261210687.03,18479.01,0,14803.7115,15088.999918710977,17006.487181202112,12600.935818797887,14803.7115,47.91052721889066,3.3777183478193917,0.03321926299860994,109.94517951704572
2018-01-11,1515628800,BTC/USD,14890.02,14973.07,12800.0,13243.83,266846190.81,19630.08,0,14765.4135,14913.269450262313,17051.372128481064,12479.45487151894,14765.4135,44.939450365146655,-11.055660099852116,-0.1171594062769505,115.53707329484439
2018-01-12,1515715200,BTC/USD,13243.83,14152.19,12807.27,13781.41,183399343.52,13433.08,0,14723.534,14805.473312142092,17051.09792495078,12395.97007504922,14723.534,47.769777508765735,4.059097708140325,0.03978879895563892,110.68440094580214
2018-01-13,1515801600,BTC/USD,13781.41,14619.1,13781.41,14197.78,106595650.09,7488.99,0,14725.5295,14747.59775860475,17051.119070283014,12399.939929716988,14725.5295,56.929897611650276,3.0212438349922266,0.029765031799934352,110.14021931692739
2018-01-14,1515888000,BTC/USD,14197.78,14365.81,13072.22,13647.99,102783826.66,7588.64,0,14712.365,14642.873210166203,17060.23595401225,12364.49404598775,14712.365,48.90035878987805,-3.8723659614390504,-0.039493356316016956,110.43102488196888
2018-01-15,1515974400,BTC/USD,13647.99,14394.36,13429.25,13607.04,131049852.36,9444.64,0,14604.494999999999,14544.222428245612,16947.07694897036,12261.913051029638,14604.494999999999,50.805764592449464,-0.3000441823301392,-0.003004952173156585,110.28321443079258
2018-01-16,1516060800,BTC/USD,13607.04,13607.04,10162.0,11386.34,457725763.37,38789.88,0,14405.5655,14243.47172079365,17122.11631953078,11689.014680469218,14405.5655,35.220237582234475,-16.320228352382305,-0.17817291455166356,116.44587268300566
2018-01-17,1516147200,BTC/USD,11386.34,11794.07,9222.0,11191.35,433168120.05,41356.19,0,14241.6295,13952.793461670446,17314.18543567151,11169.07356432849,14241.6295,31.743572692381733,-1.7124905808187707,-0.01727323283750995,116.38972812278905
2018-01-18,1516233600,BTC/USD,11191.35,12146.0,10693.0,11247.57,256082649.98,22195.26,0,14087.007999999998,13695.153131987547,17437.401826457095,10736.614173542903,14087.007999999998,32.13037519745062,0.5023522631317778,0.005010946840433486,115.40351086618008
2018-01-19,1516320000,BTC/USD,11247.57,12050.39,11025.18,11552.0,151834406.42,13203.26,0,14032.607999999998,13491.043309893495,17514.671981748957,10550.544018251041,14032.607999999998,21.469692917096523,2.706629076324929,0.026706476831401038,116.18062822530068
2018-01-20,1516406400,BTC/USD,11552.0,13052.12,11515.94,12775.99,128912075.53,10324.06,0,13977.407499999998,13422.942994665544,17504.37169822677,10450.443301773226,13977.407499999998,29.020863632351876,10.595481301939058,0.10070904604433908,114.23362851821848
2018-01-21,1516492800,BTC/USD,12775.99,12791.88,11100.0,11558.87,137150604.64,11596.44,0,13883.180499999999,13245.412233268826,17567.403160917733,10198.957839082266,13883.180499999999,28.497411766922426,-9.526619854899687,-0.10011452059355704,114.05481965412545
2018-01-22,1516579200,BTC/USD,11558.87,11910.78,10028.41,10808.99,186028930.55,17067.73,0,13689.683,13013.372020576557,17597.642416926028,9781.723583073974,13689.683,29.538530640940508,-6.487485368379442,-0.06707491232257795,115.59485802356417
2018-01-23,1516665600,BTC/USD,10808.99,11409.87,9927.54,10851.82,184369293.73,17250.18,0,13474.492999999999,12807.50992337879,17514.322535679858,9434.663464320138,13474.492999999999,31.66879138688317,0.3962442374356945,0.003954612576172627,110.12711402174271
2018-01-24,1516752000,BTC/USD,10851.82,11500.0,10488.13,11400.96,128825119.68,11646.79,0,13287.357500000002,12673.552787818904,17348.315412792035,9226.399587207969,13287.357500000002,32.1077149344935,5.06034932389221,0.04936475452641117,111.2098376927257
2018-01-25,1516838400,BTC/USD,11400.96,11741.82,10868.57,11155.54,115421975.03,10212.92,0,12998.7345,12528.980141359962,16781.196921920524,9216.272078079477,12998.7345,37.494385830855116,-2.1526257437969987,-0.021761326883131614,111.14375611614724
2018-01-26,1516924800,BTC/USD,11155.54,11635.0,10263.32,11092.95,164020352.52,15074.67,0,12695.898500000001,12392.215365992346,16021.268619495346,9370.528380504657,12695.898500000001,32.929155417160885,-0.5610665194154651,-0.005626464098737593,101.40178629992516
2018-01-27,1517011200,BTC/USD,11092.95,11630.47,10815.84,11446.54,116376809.52,10309.81,0,12462.0245,12302.151045421648,15408.596075505637,9515.452924494362,12462.0245,32.39012550501559,3.1875200014423566,0.03137772952814074,102.35324400812773
2018-01-28,1517097600,BTC/USD,11446.54,11989.15,11360.52,11685.58,116531522.53,9956.09,0,12296.304,12243.42999347673,15005.088179993887,9587.519820006113,12296.304,36.91881896681593,2.0883166441562073,0.020668102117288343,102.02748356323875
2018-01-29,1517184000,BTC/USD,11685.58,11820.01,10991.0,11162.62,112806531.76,9996.36,0,12134.2595,12140.495708383707,14696.040731519832,9572.478268480168,12134.2595,34.68964912500468,-4.475259251145425,-0.045784906620029306,100.56787531451481
2018-01-30,1517270400,BTC/USD,11162.62,11222.36,9731.2,9971.0,219169216.36,21082.19,0,11888.308500000001,11933.877069490021,14274.610305779004,9502.006694220998,11888.308500000001,39.82329137078612,-10.675092406621388,-0.11288981657813298,105.94534490409599
2018-01-31,1517356800,BTC/USD,9971.0,10324.0,9514.96,10149.0,126723437.34,12743.51,0,11733.567,11763.88877715764,14150.93526665606,9316.198733343937,11733.567,42.48684197248598,1.7851770133386902,0.017694298620025323,105.14207678109496
2018-02-01,1517443200,BTC/USD,10149.0,10187.56,8455.0,8998.99,243067799.6,26356.59,0,11494.446,11500.565084095007,14003.297811716597,8985.594188283403,11494.446,35.99996015251624,-11.331264163957044,-0.12026282965006872,105.51475231569809
2018-02-02,1517529600,BTC/USD,8998.99,9096.79,7625.25,8838.83,426760116.12,51005.6,0,11226.4985,11247.066504657387,13663.341456789312,8789.655543210687,11226.4985,32.79831607777996,-1.7797552836484987,-0.017957833867660263,103.37668066188117
2018-02-03,1517616000,BTC/USD,8838.83,9491.2,8170.71,9225.86,144713399.47,16208.37,0,11005.392,11054.57064707097,13316.356196926881,8694.427803073118,11005.392,24.819594319508496,4.37874696085343,0.04285589556471422,104.28455587543046
2018-02-04,1517702400,BTC/USD,9225.86,9350.09,7825.0,8191.0,162005632.56,19110.67,0,10734.59,10781.849633064212,13031.186762131225,8437.993237868775,10734.59,25.478329374862568,-11.21694888064636,-0.1189744199802013,109.60479452597718
2018-02-05,1517788800,BTC/USD,8191.0,8335.56,6600.0,6874.27,342210634.65,46544.43,0,10508.9865,10409.699191820002,13356.424791844844,7661.548208155158,10508.9865,23.535575828829238,-16.075326577951408,-0.17525053443670016,121.03130062490159
2018-02-06,1517875200,BTC/USD,6874.27,8150.0,5920.72,7737.37,487504446.04,70961.37,0,10336.2875,10155.191649741906,13418.743359854723,7253.831640145278,10336.2875,31.13426416694429,12.555514985591198,0.11827638048039926,119.6368847810042
2018-02-07,1517961600,BTC/USD,7737.37,8649.0,7213.8,7588.01,260674865.84,32640.89,0,10153.3095,9910.698159290296,13435.967651408639,6870.65134859136,10153.3095,25.727515669421365,-1.9303716896051148,-0.01949246663494305,119.63672647805427
2018-02-08,1518048000,BTC/USD,7588.01,8644.36,7565.5,8259.76,187157997.66,22746.39,0,9988.6975,9753.465953643601,13306.03676175706,6671.358238242942,9988.6975,32.515095159887935,8.852782218262757,0.08482616147846835,124.70107127992098
2018-02-09,1518134400,BTC/USD,8259.76,8779.62,7753.32,8693.98,152040059.86,18418.12,0,9784.597,9652.562529487068,12874.365091649077,6694.828908350923,9784.597,36.13701584410391,5.257053473708662,0.051235300706181784,126.00999072874701
2018-02-10,1518220800,BTC/USD,8693.98,9090.8,8170.86,8560.0,127082570.69,14670.56,0,9634.6535,9548.508955250205,12652.097509190762,6617.209490809239,9634.6535,32.88508470476067,-1.5410663470585395,-0.01553064197322054,118.96825304540141
2018-02-11,1518307200,BTC/USD,8560.0,8560.0,7820.0,8067.0,103542540.61,12711.79,0,9497.554,9407.412864273994,12539.407502776534,6455.700497223466,9497.554,29.171914103960262,-5.759345794392523,-0.05931852419881342,116.27543162962877
2018-02-12,1518393600,BTC/USD,8067.0,8995.0,8067.0,8899.0,130557481.61,15071.04,0,9399.913,9358.992591485994,12383.54203977587,6416.283960224131,9399.913,37.418489920874364,10.313623403991578,0.09815724491988795,121.31128708253107
2018-02-13,1518480000,BTC/USD,8899.0,8951.89,8360.13,8522.99,97689771.64,11374.52,0,9256.014500000001,9279.373297058757,12107.989622018018,6404.039377981984,9256.014500000001,41.14931034777835,-4.2253062141813675,-0.04317169263104078,121.7621133506496
2018-02-14,1518566400,BTC/USD,8522.99,9515.0,8504.57,9490.98,158839393.25,17468.74,0,9172.7865,9299.526316386495,11885.091544956413,6460.481455043588,9172.7865,46.332188802925245,11.357399222573306,0.10757465564294152,126.98615622206361
2018-02-15,1518652800,BTC/USD,9490.98,10234.0,9350.0,10018.0,206814744.85,21036.34,0,9119.039,9367.952381492543,11711.06831022175,6527.009689778251,9119.039,56.10389579272596,5.552851233486966,0.05404160104879932,128.70939552561046
2018-02-16,1518739200,BTC/USD,10018.0,10300.0,9707.51,10196.0,118860367.74,11857.64,0,9056.512,9446.814059445634,11466.046452301001,6646.977547698999,9056.512,58.112145175462196,1.7768017568376981,0.017612011578444012,128.94942783949503
2018-02-17,1518825600,BTC/USD,10196.0,11135.83,10053.5,11101.0,155314935.18,14511.17,0,9027.283,9604.35557759367,11313.565353959259,6741.00064604074,9027.283,60.55463119524666,8.876029815613972,0.08503970783664114,132.10646043392558
2018-02-18,1518912000,BTC/USD,11101.0,11300.0,10153.15,10421.06,188724919.34,17623.08,0,8990.205,9682.136951156177,11151.30208591681,6829.107914083191,8990.205,63.0747763276697,-6.125033780740474,-0.06320643575195822,133.52381491955165
2018-02-19,1518998400,BTC/USD,10421.06,11262.48,10307.51,11173.0,127802568.07,11698.26,0,9050.305,9824.123908188923,11386.046194211607,6714.563805788393,9050.305,76.99084928252196,7.215580756660067,0.06967139496664895,135.1102916206674
2018-02-20,1519084800,BTC/USD,11173.0,11780.0,11080.37,11233.41,182156478.02,15880.91,0,9104.5255,9958.341631218549,11593.005585078186,6616.045414921812,9104.5255,74.41157329951875,0.5406784211939408,0.005392220027531716,128.7145424487482
2018-02-21,1519171200,BTC/USD,11233.41,11275.74,10256.0,10449.4,215353691.94,19959.68,0,9177.046,10005.10909491202,11736.112343159304,6617.9796568406955,9177.046,68.35337326353032,-6.979269874419258,-0.0723478130982323,131.4064589434706
2018-02-22,1519257600,BTC/USD,10449.4,10935.0,9731.2,9843.34,206051152.36,20204.69,0,9227.271499999999,9989.702514444209,11797.792775050153,6656.750224949845,9227.271499999999,60.243635488603516,-5.799950236377205,-0.059749476129663054,125.90459850740221
2018-02-23,1519344000,BTC/USD,9843.34,10405.3,9600.0,10166.1,160782973.05,16044.04,0,9274.283500000001,10006.502274973333,11878.862367595984,6669.704632404018,9274.283500000001,59.661963844098025,3.2789683176645434,0.032263571322097395,125.98933330231081
2018-02-24,1519430400,BTC/USD,10166.1,10540.63,9373.48,9689.99,137805304.52,13972.71,0,9349.233,9976.358248785396,11908.433443395963,6790.032556604038,9349.233,57.09770421783235,-4.683310217290804,-0.047965261776536365,126.6284531201902
2018-02-25,1519516800,BTC/USD,9689.99,9883.41,9260.0,9590.04,105367249.25,11037.18,0,9485.021499999999,9939.566034615358,11764.168784922509,7205.874215077488,9485.021499999999,60.06343165239455,-1.0314768126695628,-0.010368334012279738,118.86989201179405
2018-02-26,1519603200,BTC/USD,9590.04,10461.97,9376.34,10324.7,162306362.39,16156.81,0,9614.387999999999,9976.245459890086,11766.008884073985,7462.767115926013,9614.387999999999,59.54301687046345,7.660656264207444,0.07381402283678054,100.51497890513855
2018-02-27,1519689600,BTC/USD,10324.7,10850.0,10150.0,10566.3,110086762.8,10408.48,0,9763.302500000002,10032.441130376743,11728.602108999028,7798.002891000975,9763.302500000002,63.92763906781452,2.340019564733109,0.02313060856269881,93.90482635226627
2018-02-28,1519776000,BTC/USD,10572.49,11064.75,10255.07,10314.9,10490.74905816,108211027.46001458,0,9866.0595,10059.341975102767,11711.614721498148,8020.5042785018495,9866.0595,56.22403253732516,-2.3792623718804085,-0.02408023944086208,94.12934064347422
2018-03-01,1519862400,BTC/USD,10314.99,11090.0,10223.41,10903.13,9481.66514611,103379827.70450632,0,9976.517,10139.702739378694,11790.879555344414,8162.154444655585,9976.517,56.62515512561993,5.70272130607179,0.05546045212028234,91.89274968366749
2018-03-02,1519948800,BTC/USD,10917.37,11175.0,10774.01,11029.99,8329.09790086,91869866.5555068,0,10100.0165,10224.492002295008,11843.263437911552,8356.769562088448,10100.0165,56.290532559553355,1.1635190995613165,0.011568022669668153,90.84660784497862
2018-03-03,1520035200,BTC/USD,11032.81,11503.24,11022.85,11445.0,7786.26753951,89113831.98969194,0,10268.9165,10340.730859219293,11827.600309605867,8710.232690394132,10268.9165,52.801786627658835,3.762560074850474,0.03693502675784357,90.70972312467991
2018-03-04,1520121600,BTC/USD,11445.0,11511.0,11054.91,11463.27,6831.63070279,78312827.28637153,0,10397.13,10447.639348817456,11902.28866073282,8891.971339267178,10397.13,59.51395494470786,0.15963302752293185,0.00159505749439453,86.894458017104
2018-03-05,1520208000,BTC/USD,11479.68,11688.0,11383.66,11419.24,9933.67623336,113435032.99103384,0,10541.942500000001,10540.172744168176,11829.455993503152,9254.42900649685,10541.942500000001,52.58147843735848,-0.38409633551333977,-0.003848358798038433,81.89131587467266
2018-03-06,1520294400,BTC/USD,11417.39,11420.01,10560.19,10723.76,14734.41949313,158008378.38364777,0,10603.5815,10557.657244723589,11793.59081719088,9413.572182809121,10603.5815,45.2848866577974,-6.0904228302408825,-0.06283781168666641,83.81765214858152
2018-03-07,1520380800,BTC/USD,10723.01,10911.78,9450.0,9913.03,26116.51184803,258893765.44487685,0,10598.333,10496.264173797534,11800.084798283633,9396.581201716368,10598.333,45.06209550463531,-7.560128164002178,-0.0786117870389757,81.55454972256763
2018-03-08,1520467200,BTC/USD,9904.52,10150.0,9078.95,9285.32,22522.42746991,209127946.2349047,0,10552.798999999999,10380.936157245389,11881.086339663987,9224.511660336011,10552.798999999999,44.88317928403755,-6.332170890232359,-0.0654153949748984,82.45657402765478
2018-03-09,1520553600,BTC/USD,9293.06,9420.39,8366.0,9230.0,29014.16684454,267800759.97510415,0,10459.249,10271.323189888684,11884.944787834307,9033.553212165692,10459.249,40.973625746331976,-0.5957791438528703,-0.005975609885584762,82.09547531386326
2018-03-10,1520640000,BTC/USD,9228.83,9514.96,8697.0,8791.47,12886.58857926,113292056.89690693,0,10377.769499999999,10130.384790851665,11987.093679314203,8768.445320685794,10377.769499999999,41.272742813406936,-4.75113759479957,-0.04867711530509116,76.55077396264767
2018-03-11,1520726400,BTC/USD,8795.04,9768.37,8450.0,9535.04,16407.54237557,156446572.85275498,0,10295.8715,10073.68528696103,11901.50607244237,8690.23692755763,10295.8715,49.525157992886,8.457857445910655,0.08119150090470541,80.41339862720334
2018-03-12,1520812800,BTC/USD,9535.04,9892.0,8742.07,9120.75,18751.02057959,171023370.9512955,0,10190.2385,9982.929545345694,11814.045708744183,8566.431291255816,10190.2385,38.99704443221843,-4.344921468604235,-0.0444213965672935,76.8347087642424
2018-03-13,1520899200,BTC/USD,9115.24,9482.79,8830.0,9142.32,16001.47534639,146290608.0888082,0,10124.8845,9902.871493408009,11808.871459962984,8440.897540037016,10124.8845,36.44086840601791,0.23649370939888836,0.0023621450314280485,76.76703375700839
2018-03-14,1520985600,BTC/USD,9152.07,9356.14,7948.0,8196.69,21191.0231358,173696247.4269805,0,10042.552,9740.378017845342,11932.870898160088,8152.233101839911,10042.552,32.18563453390367,-10.343435801853351,-0.10918376833692535,81.46493322525285
2018-03-15,1521072000,BTC/USD,8195.99,8425.0,7682.0,8265.05,18387.61138793,151974527.50181082,0,9947.4995,9599.870587574356,11996.209029440455,7898.789970559545,9947.4995,25.687511980771802,0.8339951858616024,0.008305366619879913,79.7866787094456
2018-03-16,1521158400,BTC/USD,8265.05,8613.06,7914.08,8258.54,16498.62433531,136254549.01813105,0,9875.927,9472.12481732918,12058.179413931442,7693.674586068557,9875.927,23.878937080231708,-0.07876540371805074,-0.0007879643996044966,78.47908609678717
2018-03-17,1521244800,BTC/USD,8258.54,8356.4,7730.23,7860.83,12048.6688914,94712537.88158388,0,9789.466499999999,9318.668168059736,12149.21438004123,7429.718619958766,9789.466499999999,16.10848552587038,-4.815742249840782,-0.04935561763144053,78.56549704744327
2018-03-18,1521331200,BTC/USD,7860.83,8324.92,7325.37,8188.24,19547.36114711,160058484.439212,0,9682.643500000002,9211.008342530236,12132.097837115054,7233.18916288495,9682.643500000002,20.742203203587735,4.165081804338722,0.040806779726162465,80.50815963766836
2018-03-19,1521417600,BTC/USD,8205.55,8718.74,8114.17,8596.93,19396.08835883,166746813.8946764,0,9584.175,9152.52469086069,12042.38060122091,7125.969398779089,9584.175,26.3288998928124,4.9911824763319235,0.04870618422732893,77.73394117741573
2018-03-20,1521504000,BTC/USD,8596.79,9051.0,8313.01,8904.02,13454.8222604,119802006.5030468,0,9513.631,9128.857577445386,11964.508517375136,7062.753482624862,9513.631,33.67395641938448,3.5720891062274607,0.03509769736830203,78.45893855454007
2018-03-21,1521590400,BTC/USD,8904.02,9188.1,8754.83,8893.79,12100.99713332,107623727.29435007,0,9413.164,9106.470189117255,11787.76317535486,7038.564824645141,9413.164,39.32200761845696,-0.11489192522028402,-0.0011495797658932795,78.27422425219999
2018-03-22,1521676800,BTC/USD,8892.18,9099.59,8503.52,8704.67,12587.63392229,109571199.3743401,0,9296.898000000001,9068.203504439422,11563.423636332354,7030.372363667647,9296.898000000001,43.30126925748092,-2.126427541014586,-0.02149361713229946,75.00056288261544
2018-03-23,1521763200,BTC/USD,8708.52,8920.79,8265.0,8920.79,13749.78486097,122658943.28989255,0,9170.6875,9054.164123064238,11202.536070029715,7138.838929970285,9170.6875,46.56038159396463,2.482805206860239,0.02452484443866981,75.61755027580011
2018-03-24,1521849600,BTC/USD,8917.99,9020.0,8505.0,8547.0,9731.98236841,83179253.30280027,0,9024.874,9005.862778010502,10761.038007986459,7288.709992013541,9024.874,47.240800976955335,-4.19009975573913,-0.042804163508808626,74.40263472452271
2018-03-25,1521936000,BTC/USD,8541.96,8680.0,8368.63,8453.9,9155.91214778,77403165.70611733,0,8876.607,8953.294894390454,10212.04476764272,7541.169232357281,8876.607,35.69776855874399,-1.0892710892710933,-0.01095247082937515,74.19999298960276
2018-03-26,1522022400,BTC/USD,8451.12,8500.0,7831.15,8149.66,17693.4153393,144195319.25407964,0,8747.902,8876.75823778184,9799.847550254013,7695.956449745987,8747.902,36.76834070476922,-3.5988123824507,-0.03665166476335675,74.47621619789297
2018-03-27,1522108800,BTC/USD,8152.26,8211.62,7742.11,7791.7,12385.25028422,96502154.63955696,0,8641.8355,8773.419357993094,9624.645306871827,7659.025693128171,8641.8355,33.14236787187092,-4.392330477590479,-0.044917144018792675,73.3076358813576
2018-03-28,1522195200,BTC/USD,7791.69,8104.98,7723.03,7932.41,8437.64467971,66930857.0337784,0,8574.19,8693.323228660418,9556.752789551292,7591.627210448708,8574.19,45.87196661085146,1.8058960175571404,0.017897834108900442,70.35435716638591
2018-03-29,1522281600,BTC/USD,7932.41,7968.0,6914.53,7088.38,22138.11413228,156923365.4529709,0,8467.109,8540.47149259752,9603.493715896166,7330.724284103834,8467.109,35.20548393018352,-10.64027199804347,-0.11250007507738594,76.58987695605275
2018-03-30,1522368000,BTC/USD,7086.14,7302.35,6550.0,6850.0,29101.44802706,199344918.985361,0,8370.035500000002,8379.474207588231,9704.23147144115,7035.839528558853,8370.035500000002,33.26585214015179,-3.362968689601853,-0.03420817132973699,76.89412638410958
2018-03-31,1522454400,BTC/USD,6839.63,7231.73,6794.26,6928.62,11579.59705718,80230627.76231849,0,8239.7145,8241.297616389353,9603.621166531771,6875.80783346823,8239.7145,38.016295195514076,1.1477372262773677,0.011412006898696488,76.31467869134796
2018-04-01,1522540800,BTC/USD,6926.5,7045.71,6427.16,6813.52,18046.94087395,122963192.5834758,0,8124.353,8105.318795780843,9562.757694698565,6685.948305301435,8124.353,31.307414921216818,-1.6612254676977467,-0.016751785620460515,68.49279650265815
2018-04-02,1522627200,BTC/USD,6816.31,7106.5,6759.96,7052.76,13624.16035566,96087933.18998462,0,8019.875,8005.075100944572,9450.482526973046,6589.267473026953,8019.875,27.98904134582766,3.511254094799754,0.03451015602154392,69.81134716551408
2018-04-03,1522713600,BTC/USD,7052.75,7506.84,7001.28,7416.27,16089.54162903,119324384.89712632,0,7980.853999999999,7948.998424664136,9433.557663778007,6528.150336221991,7980.853999999999,29.128964830324207,5.154152416926139,0.050257205793883875,72.97390949592642
2018-04-04,1522800000,BTC/USD,7415.53,7430.0,6710.38,6799.95,15779.20246661,107297787.81282468,0,7907.599,7839.56524136279,9445.238590950792,6369.959409049208,7907.599,24.895449662369558,-8.31037704937928,-0.08676097615394623,69.46134177822134
2018-04-05,1522886400,BTC/USD,6799.37,6928.7,6578.95,6771.69,11894.53597807,80546110.33733684,0,7833.2565,7737.862837423478,9441.60231284504,6224.910687154961,7833.2565,25.89427791828163,-0.4155912911124382,-0.004164572718451373,69.20609839425977
2018-04-06,1522972800,BTC/USD,6771.3,6850.0,6510.0,6618.33,8478.41806897,56112968.65840622,0,7771.1315,7631.240662430766,9468.515431079133,6073.747568920867,7771.1315,20.82997603012197,-2.264722691085974,-0.02290761423189509,69.2798120601764
2018-04-07,1523059200,BTC/USD,6627.7,7069.13,6600.99,6904.9,7683.0416526,53050634.30703773,0,7706.964499999999,7562.065361246884,9434.714020594676,5979.214979405323,7706.964499999999,28.725967767010403,4.329944260863394,0.04238823223364903,70.08851531280284
2018-04-08,1523145600,BTC/USD,6904.21,7104.52,6894.8,7027.26,4352.69794202,30587540.140039463,0,7628.481,7511.131517318609,9328.393000742944,5928.568999257055,7628.481,31.656406062756844,1.7720749033295347,0.017565567170726597,68.57156975600324
2018-04-09,1523232000,BTC/USD,7027.26,7175.83,6611.49,6780.1,10103.91621615,68505562.33711863,0,7522.285000000001,7441.509468050171,9150.54061300572,5894.029386994282,7522.285000000001,32.12799941538478,-3.5171603156849196,-0.03580502056180876,66.08151873045506
2018-04-10,1523318400,BTC/USD,6782.39,6900.0,6653.21,6835.67,6480.19276418,44296459.27232231,0,7419.378999999999,7383.810471093012,8939.205784976846,5899.552215023151,7419.378999999999,36.45539061371023,0.8196044306131078,0.00816263913769964,64.33396892011307
2018-04-11,1523404800,BTC/USD,6824.75,6984.92,6809.26,6940.94,5825.41064556,40433825.766193226,0,7331.192499999999,7341.632330988915,8737.441161396478,5924.94383860352,7331.192499999999,35.81080500894454,1.5400099770761289,0.015282721788746411,64.9509653959926
2018-04-12,1523491200,BTC/USD,6940.94,8069.34,6758.45,7923.78,19033.3803344,150816318.42611203,0,7281.342,7397.074966132828,8509.771116702528,6052.912883297472,7281.342,61.49877772149668,14.160041723455329,0.13243115266268746,81.76781973500482
2018-04-13,1523577600,BTC/USD,7923.78,8239.33,7753.32,7896.92,19605.94275077,154826561.4274106,0,7248.838000000001,7444.6792550725595,8365.585801800262,6132.0901981997395,7248.838000000001,65.30119495825832,-0.33897962840966356,-0.0033955546603514145,81.08930597603795
2018-04-14,1523664000,BTC/USD,7885.9,8232.14,7835.0,8000.41,8935.53071477,71487909.28575306,0,7226.163500000001,7497.6059926846965,8254.831544174976,6197.495455825025,7226.163500000001,65.55162496989185,1.310510933376552,0.01301998033174566,80.18071891019693
2018-04-15,1523750400,BTC/USD,8003.39,8417.0,8001.23,8354.22,7542.84081564,63014551.598836,0,7236.391500000001,7579.188279095677,8306.937222247565,6165.845777752436,7236.391500000001,70.90717631668937,4.4223983520844445,0.043274010051600954,81.70157319586644
2018-04-16,1523836800,BTC/USD,8353.43,8424.99,7905.0,8048.15,10866.60295749,87456050.59232314,0,7249.214,7623.851300134184,8353.380242563724,6145.047757436276,7249.214,63.266736861746786,-3.663657409069909,-0.03732454906353164,81.73934504890755
2018-04-17,1523923200,BTC/USD,8054.68,8160.85,7806.81,7890.87,9277.15121538,73204794.21090558,0,7247.137,7649.281652502357,8346.035879752115,6148.2381202478855,7247.137,56.69351972515104,-1.9542379304560598,-0.019735856416056356,80.47465209086954
2018-04-18,1524009600,BTC/USD,7890.87,8235.0,7870.35,8172.84,9227.20459808,75412466.82737215,0,7301.359999999999,7699.1443522640375,8471.957565546589,6130.762434453409,7301.359999999999,71.37878518906092,3.5733702367419573,0.03511006674891579,81.15873472651035
2018-04-19,1524096000,BTC/USD,8172.83,8297.99,8074.44,8271.31,9436.84632763,78055081.39818929,0,7372.425499999999,7753.636318715082,8598.887221615825,6145.963778384173,7372.425499999999,72.85253635997906,1.204844338075861,0.011976438672910802,69.80369064700955
2018-04-20,1524182400,BTC/USD,8273.0,8934.0,8216.9,8861.0,16059.62267134,142304316.49074373,0,7469.044499999999,7859.099526456503,8843.79238358846,6094.296616411539,7469.044499999999,80.16441554738381,7.129342268637018,0.06886672470472617,71.19014185272096
2018-04-21,1524268800,BTC/USD,8865.78,9023.4,8608.0,8920.71,15336.30792743,136810755.49130407,0,7574.404,7960.205285841597,9056.421376862538,6092.386623137463,7574.404,78.87524888627868,0.6738517097393038,0.006715914771682316,71.21575286315559
2018-04-22,1524355200,BTC/USD,8924.93,9036.52,8760.0,8789.96,9346.45175925,82154937.10573712,0,7661.264,8039.229544332873,9216.381486486194,6106.146513513806,7661.264,75.1890572573408,-1.4656905111812835,-0.014765378775827225,71.11784235599904
2018-04-23,1524441600,BTC/USD,8781.7,9006.39,8771.22,8946.95,10286.1177149,92029380.88932456,0,7737.798,8125.679111539266,9389.793396458595,6085.802603541404,7737.798,81.78345854956481,1.786014953424142,0.017702531023415617,70.68839812362818
2018-04-24,1524528000,BTC/USD,8942.0,9737.16,8930.0,9648.0,20460.50898304,197402990.66836992,0,7880.200499999999,8270.66205329743,9676.507537504667,6083.893462495332,7880.200499999999,84.68372695319728,7.835631136867871,0.07543794790039363,72.93807919375088
2018-04-25,1524614400,BTC/USD,9648.36,9755.53,8751.0,8864.99,33035.90404482,292862958.99828887,0,7984.8655,8327.264714888152,9752.935200215565,6216.795799784434,7984.8655,70.33024161082336,-8.115775290215588,-0.08464082849087952,72.57723684617858
2018-04-26,1524700800,BTC/USD,8855.07,9326.79,8647.29,9274.48,20042.96970211,185888121.6428252,0,8117.673,8417.475694422614,9852.260125309294,6383.085874690704,8117.673,66.23968412750322,4.619181747525936,0.04515673073783824,73.14812362811021
2018-04-27,1524787200,BTC/USD,9277.32,9387.82,8901.09,8921.43,11375.51437547,101485855.21474932,0,8218.499500000002,8465.47134257284,9889.531431793335,6547.467568206667,8218.499500000002,61.42194910397943,-3.806682423165497,-0.0388102945874253,74.38290705868828
2018-04-28,1524873600,BTC/USD,8916.54,9442.34,8854.47,9345.11,15558.40230193,145394980.93578908,0,8334.392,8549.246452803998,9978.855111702995,6689.928888297005,8334.392,63.99265767884422,4.749014451719069,0.04639696419442054,74.58686978030592
2018-04-29,1524960000,BTC/USD,9352.97,9538.75,9180.0,9393.99,10940.71803063,102776995.77255791,0,8465.0865,8629.698219203618,10001.352180905378,6928.82081909462,8465.0865,61.55276894462112,0.5230543032666235,0.005216911256191968,74.64369991579811
2018-04-30,1525046400,BTC/USD,9396.32,9443.96,9111.0,9242.17,8085.68829456,74729305.78533359,0,8585.4115,8688.028864993748,9951.915427550837,7218.907572449163,8585.4115,63.73750529241758,-1.6161396807959139,-0.016293416529122848,73.30314677127028
2018-05-01,1525132800,BTC/USD,9243.51,9249.99,8815.91,9066.9,12138.2639605,110056425.50345744,0,8691.7095,8724.11183023244,9831.551690304965,7551.867309695037,8691.7095,63.474745808154765,-1.8964161014134229,-0.019146286969040208,74.2171763652034
2018-05-02,1525219200,BTC/USD,9066.9,9259.16,8975.23,9222.0,10575.17497792,97524263.64637823,0,8756.6205,8771.529751162683,9859.593952779373,7653.647047220629,8756.6205,62.38104678826328,1.7106177414551782,0.01696151418770117,74.22467440080052
2018-05-03,1525305600,BTC/USD,9220.0,9799.99,9165.19,9732.43,11670.79957863,113585239.94304596,0,8848.395999999999,8863.044060575761,9955.623829061691,7741.1681709383065,8848.395999999999,65.71461758860124,5.534916504012144,0.053871674295485214,62.4182011494127
2018-05-04,1525392000,BTC/USD,9737.0,9784.73,9527.38,9696.57,7326.05207111,71037576.73116308,0,8933.204,8942.42748337807,10026.7015177871,7839.7064822129,8933.204,60.202095680436805,-0.36845885354429564,-0.0036913933522231715,62.42615923402428
2018-05-05,1525478400,BTC/USD,9689.0,9948.98,9670.68,9823.28,7403.10502352,72722773.51544355,0,9006.657,9026.318199246825,10133.259330346105,7880.054669653893,9006.657,60.842749676244395,1.3067507376319787,0.012982864088894541,62.425917547464806
2018-05-06,1525564800,BTC/USD,9827.04,9918.41,9375.0,9623.54,8155.5768566,78485520.10256436,0,9085.4265,9083.196465985224,10148.349197100684,8022.503802899315,9085.4265,59.850676423040944,-2.033333061869358,-0.020542898460346317,62.02395313988261
2018-05-07,1525651200,BTC/USD,9621.99,9634.5,9175.0,9359.52,13616.3485933,127442486.9859632,0,9158.859,9109.51299303425,10065.778309238522,8251.93969076148,9158.859,54.755181403883256,-2.7434810890794914,-0.02781817323307488,61.2557325433187
2018-05-08,1525737600,BTC/USD,9356.79,9450.0,9015.0,9167.69,11418.31053651,104679531.32245736,0,9208.6015,9115.053660364321,9987.97313637813,8429.229863621871,9208.6015,43.72781667794061,-2.049570918166743,-0.020708660986072113,61.31051028210447
2018-05-09,1525824000,BTC/USD,9181.52,9368.79,8974.62,9308.49,11368.83432539,105826680.62954956,0,9260.460500000001,9133.476168901054,9903.30302633308,8617.617973666922,9260.460500000001,56.95865289266572,1.535828545685991,0.015241540805118366,60.55011568495971
2018-05-10,1525910400,BTC/USD,9308.49,9393.0,8987.74,9020.99,11764.9775057,106131744.42914464,0,9268.460000000001,9122.763200434289,9894.124872326509,8642.795127673493,9268.460000000001,45.86434517031087,-3.0885782763906966,-0.03137280279296209,61.87622204525719
2018-05-11,1525996800,BTC/USD,9007.19,9018.38,8351.0,8411.42,20383.92660992,171457767.96521327,0,9242.995499999999,9055.016228964356,9962.649980412709,8523.34101958729,9242.995499999999,42.32192484064542,-6.757240613280802,-0.0699637778062843,62.2635924723289
2018-05-12,1526083200,BTC/USD,8408.79,8652.8,8208.81,8481.6,15464.92940302,131167345.22465444,0,9227.5775,9000.40515953918,9999.419433882964,8455.735566117035,9227.5775,35.45157714197141,0.8343418828212101,0.008308804908355411,62.29567028227384
2018-05-13,1526169600,BTC/USD,8481.72,8775.9,8335.56,8696.58,9835.22450915,85532816.76178372,0,9215.059000000001,8971.469430059258,10013.720664243896,8416.397335756106,9215.059000000001,38.87280977468321,2.534663271080917,0.025030733675442177,62.82377745342894
2018-05-14,1526256000,BTC/USD,8696.54,8900.9,8286.57,8674.36,18861.93709627,163615232.67040065,0,9166.377,8943.17329386314,9972.583962173514,8360.170037826487,9166.377,40.54976183422598,-0.25550273785786004,-0.002558297031587323,62.47484395478175
2018-05-15,1526342400,BTC/USD,8674.53,8865.0,8400.0,8474.99,12391.83198691,105020652.17074238,0,9146.876999999999,8898.584408733317,10001.207488600157,8292.54651139984,9146.876999999999,40.227057335609636,-2.2983828201734835,-0.02325207457044464,56.20584014066691
2018-05-16,1526428800,BTC/USD,8481.99,8505.33,8100.01,8346.59,12705.12321984,106044454.41548434,0,9100.482500000002,8846.013512663478,10023.641896281228,8177.323103718775,9100.482500000002,35.41765918956827,-1.5150460354525497,-0.015266401106726332,48.62951564547317
2018-05-17,1526515200,BTC/USD,8337.77,8500.0,7980.0,8067.03,8259.12452442,66626605.31223187,0,9057.7625,8771.824606695527,10088.60526619984,8026.919733800162,9057.7625,19.946656849794635,-3.3493917875443757,-0.034067687415573394,46.467097836800406
2018-05-18,1526601600,BTC/USD,8058.16,8275.1,7929.53,8248.87,7181.20388348,59236817.27832167,0,9002.9505,8722.019406057858,10084.778993547756,7921.122006452245,9002.9505,25.182739515620312,2.2541133477872455,0.02229083646589934,45.95521205811374
2018-05-19,1526688000,BTC/USD,8248.99,8395.0,8141.08,8231.2,3784.07576637,31147484.44814475,0,8944.811000000002,8675.274700719014,10062.539819326907,7827.0821806730955,8944.811000000002,21.647766127193975,-0.21421115861930407,-0.002144409188950936,42.206987359398234
2018-05-20,1526774400,BTC/USD,8225.55,8590.0,8170.71,8518.48,5314.99889979,45275711.82788312,0,8908.6265,8660.341872079109,10032.661386633736,7784.591613366265,8908.6265,30.91578532892143,3.490135095733282,0.0343061090900491,44.33416861230569
2018-05-21,1526860800,BTC/USD,8518.64,8589.1,8320.0,8391.76,6126.97105348,51416070.607751325,0,8874.8695,8634.762646166813,10019.257941809232,7730.4810581907695,8874.8695,32.454893542959894,-1.4875893351865566,-0.01498764914986194,44.293280070000186
2018-05-22,1526947200,BTC/USD,8403.23,8417.65,7951.41,7984.08,9101.06078693,72663597.40771207,0,8812.9735,8572.792870341402,10010.963250879295,7614.983749120706,8812.9735,30.099167050578885,-4.858098897013264,-0.04980071302060809,46.765947191707
2018-05-23,1527033600,BTC/USD,7983.98,8032.01,7435.49,7502.89,17635.90129337,132320227.45501284,0,8701.496500000001,8470.897358880316,9952.978017516554,7450.014982483449,8701.496500000001,22.759311560093664,-6.026868468251811,-0.062161279345267294,49.793114491660255
2018-05-24,1527120000,BTC/USD,7509.99,7733.99,7267.24,7586.88,11648.36524358,88374749.29921223,0,8596.012,8386.705229463143,9849.985685875286,7342.038314124715,8596.012,26.948386993072177,1.119435310926864,0.011132160048807868,44.86122120967194
2018-05-25,1527206400,BTC/USD,7579.3,7661.07,7328.13,7471.18,10088.84331121,75375564.36984593,0,8478.407000000001,8299.512350466654,9688.155045714386,7268.658954285617,8478.407000000001,32.034408700769646,-1.525001054451891,-0.01536748783893491,44.77562013018778
2018-05-26,1527292800,BTC/USD,7459.21,7622.87,7276.04,7335.99,4043.55765023,29663498.486510776,0,8364.0295,8207.748317088877,9550.241680460538,7177.817319539464,8364.0295,28.64094504043939,-1.809486587125464,-0.018260580051089683,43.84092466556383
2018-05-27,1527379200,BTC/USD,7335.99,7412.57,7213.09,7347.39,3144.45110906,23103508.634196352,0,8263.423,8125.80942974708,9435.361837241991,7091.48416275801,8263.423,22.77894125195202,0.15539824890711262,0.0015527763077110785,44.08674601019113
2018-05-28,1527465600,BTC/USD,7348.64,7445.0,7084.99,7112.5,6583.63252959,46826086.36670888,0,8160.663500000001,8029.303769771167,9358.870729195402,6962.456270804599,8160.663500000001,20.978638958259012,-3.196917544869682,-0.032491348667820254,44.31577562823101
2018-05-29,1527552000,BTC/USD,7112.2,7537.0,7026.9,7469.45,11049.92099287,82536832.36019282,0,8068.711499999999,7975.984363126294,9174.747066369851,6962.6759336301475,8068.711499999999,32.349409856554075,5.018629173989453,0.04896756913690161,49.11616002013961
2018-05-30,1527638400,BTC/USD,7469.45,7559.0,7273.89,7375.73,8940.4540053,65942374.82051136,0,7986.4485,7918.817280923789,9037.64227714419,6935.2547228558105,7986.4485,32.748118189766075,-1.2547108555516218,-0.012626488211118982,48.27054099624953
2018-05-31,1527724800,BTC/USD,7375.64,7601.23,7330.22,7492.28,7339.00726931,54985897.38370593,0,7940.491500000001,7878.194682740571,8993.822108354352,6887.16089164565,7940.491500000001,39.15881045884781,1.5801825717590035,0.015678276703327464,48.52959731497813
2018-06-01,1527811200,BTC/USD,7492.28,7620.01,7348.45,7511.6,6762.6275727,50798153.275093324,0,7891.991500000001,7843.280903431945,8929.625957474433,6854.357042525569,7891.991500000001,35.18496935597307,0.2578654294820959,0.0025753352703549105,43.234873721053866
2018-06-02,1527897600,BTC/USD,7511.72,7700.0,7438.92,7642.0,4012.16875521,30660993.62731482,0,7839.2625,7824.1112935812835,8809.751380250487,6868.773619749512,7839.2625,38.67349998846587,1.7359816816656881,0.01721085667279397,43.69770593337175
2018-06-03,1527984000,BTC/USD,7642.0,7790.69,7581.03,7703.67,4729.21008365,36432273.845112,0,7790.728,7812.64069419259,8678.97484863491,6902.481151365089,7790.728,32.848777243124246,0.8069876995550951,0.008037489662710399,42.61098961867655
2018-06-04,1528070400,BTC/USD,7712.97,7764.44,7449.68,7488.26,6990.5513527,52347066.07236931,0,7741.391500000001,7781.747294745676,8577.706387342627,6905.076612657375,7741.391500000001,31.666436693911677,-2.7961997333738275,-0.028360377892707758,43.29761796019494
2018-06-05,1528156800,BTC/USD,7494.99,7685.0,7360.0,7617.98,9968.45508961,75939491.50354719,0,7704.961,7766.150409531802,8492.318853982391,6917.60314601761,7704.961,41.62664105027217,1.732311645161877,0.017174781897267996,43.64918461279716
2018-06-06,1528243200,BTC/USD,7617.98,7695.46,7482.61,7658.57,7058.05577232,54054614.19621678,0,7684.537999999999,7755.904656243059,8453.323102972194,6915.752897027804,7684.537999999999,54.45946720137494,0.5328184111798695,0.005314039559773429,43.62603236876112
2018-06-07,1528329600,BTC/USD,7658.99,7750.0,7618.99,7689.28,7545.00925066,58015688.73091493,0,7656.558499999999,7749.559450886578,8378.148830057868,6934.968169942131,7656.558499999999,53.025611327132395,0.4009886963232123,0.004001868793990787,42.30386261485608
2018-06-08,1528416000,BTC/USD,7676.41,7697.0,7542.0,7618.11,4676.55832777,35626535.76236791,0,7625.9039999999995,7737.040455564047,8294.879860988764,6956.928139011235,7625.9039999999995,54.45866637534971,-0.9255743060468613,-0.009298843608149834,41.39731267295666
2018-06-09,1528502400,BTC/USD,7618.11,7686.45,7468.31,7492.7,2713.78104511,20333547.236695696,0,7574.615,7713.769935986518,8096.595337742598,7052.634662257402,7574.615,54.783840381950164,-1.6462088365749472,-0.01659909422514662,41.627192432087746
2018-06-10,1528588800,BTC/USD,7498.0,7498.0,6627.7,6781.17,14392.69540615,97599314.3073222,0,7494.085499999999,7624.950894463993,7981.0374605176585,7007.13353948234,7494.085499999999,37.8911395870045,-9.496309741481701,-0.0997795597763244,50.79229286058534
2018-06-11,1528675200,BTC/USD,6781.17,6919.97,6634.86,6880.61,11409.52423218,78504486.52718003,0,7438.912000000001,7554.061285467422,7941.893800093885,6935.930199906117,7438.912000000001,44.73596992631401,1.4664136129900918,0.014557657369515045,51.51588087675062
2018-06-12,1528761600,BTC/USD,6880.76,6880.76,6461.42,6557.67,8827.5994997,57888484.4111977,0,7391.651,7459.166877327667,8029.002100296256,6754.299899703744,7391.651,28.977487572512885,-4.693479211872198,-0.048071953868864356,51.34849427734426
2018-06-13,1528848000,BTC/USD,6557.66,6624.45,6120.0,6307.4,19190.50457858,121042188.57893547,0,7327.676999999999,7349.474793772651,8120.42842902121,6534.925570978788,7327.676999999999,27.026445833136208,-3.816447000230272,-0.03891180967126977,48.91060914480086
2018-06-14,1528934400,BTC/USD,6308.49,6708.1,6270.69,6646.1,14185.83821156,94280499.33784892,0,7286.423,7282.486718175255,8131.853650723995,6440.9923492760045,7286.423,33.39051851386577,5.369882994577813,0.052306669198298364,52.886225543122535
2018-06-15,1529020800,BTC/USD,6638.8,6666.66,6370.0,6390.6,7132.20678871,45579080.70393013,0,7239.1535,7197.545125968088,8173.912745880668,6304.394254119333,7239.1535,29.863191854741928,-3.8443598501376797,-0.03920205576876325,54.03294916479622
2018-06-16,1529107200,BTC/USD,6390.6,6557.81,6333.63,6487.92,3553.69972603,23056119.52650456,0,7196.1799999999985,7129.961780637794,8187.312549890821,6205.047450109176,7196.1799999999985,29.019626378900355,1.5228617031264546,0.01511382558582612,54.42619544660818
2018-06-17,1529193600,BTC/USD,6487.92,6575.35,6429.23,6453.41,2828.75680848,18255127.47541292,0,7163.225499999999,7065.528277719909,8208.426832758145,6118.024167241852,7163.225499999999,27.04445472639007,-0.5319116141999314,-0.005333313005822328,54.36041674780834
2018-06-18,1529280000,BTC/USD,6451.03,6793.0,6381.25,6707.5,5940.1743975,39843719.77123125,0,7125.128,7031.4303465084895,8178.843388550358,6071.412611449641,7125.128,35.865527354357496,3.9372982655681232,0.03861763004260021,55.590565401894345
2018-06-19,1529366400,BTC/USD,6711.3,6841.81,6660.21,6736.52,5443.67979628,36671457.82123615,0,7093.1675000000005,7003.343646841015,8153.6328312656005,6032.7021687344,7093.1675000000005,33.4386742822787,0.4326500186358606,0.004317167792480593,52.41334582724235
2018-06-20,1529452800,BTC/USD,6728.44,6809.26,6558.95,6756.58,5193.76884592,35092114.70896615,0,7056.3825,6979.84234714187,8109.570597097994,6003.194402902005,7056.3825,32.9211904554526,0.2977798625996675,0.002973373765720398,52.402844809397365
2018-06-21,1529539200,BTC/USD,6756.6,6792.2,6677.85,6718.33,4837.32442832,32498741.826515105,0,7016.719,6954.936409318835,8057.398656781266,5976.039343218734,7016.719,31.667805800899473,-0.5661148095634227,-0.005677233129747234,51.903199680685944
2018-06-22,1529625600,BTC/USD,6718.33,6737.97,5940.0,6050.45,18544.14405465,112200416.3954571,0,6937.1415,6868.794846526565,8019.085664767862,5855.197335232137,6937.1415,25.844396780197968,-9.94116097303943,-0.10470696230412402,62.16983290780315
2018-06-23,1529712000,BTC/USD,6055.17,6261.0,6048.54,6177.38,4585.87147205,28328670.71401223,0,6860.827,6802.945813524036,7930.362917245604,5791.2910827543965,6860.827,29.742117519498294,2.0978604897156528,0.02076158391610902,62.37962786575809
2018-06-24,1529798400,BTC/USD,6169.91,6255.05,5780.0,6153.4,11423.59392896,70293942.88246246,0,6794.084,6741.084307474128,7865.359368961532,5722.808631038468,6794.084,37.73354853080828,-0.3881904626233168,-0.003889458773988115,62.07800862742142
2018-06-25,1529884800,BTC/USD,6153.6,6365.34,6075.01,6253.61,9689.68930701,60595537.9472108,0,6725.8655,6694.658182952782,7748.9134849524435,5702.817515047556,6725.8655,37.75227959963433,1.6285305684662132,0.016154122417542778,62.39672903647014
2018-06-26,1529971200,BTC/USD,6252.28,6277.0,6025.68,6068.0,7751.62208792,47036842.82949856,0,6646.3369999999995,6634.976451242994,7609.646294837608,5683.027705162391,6646.3369999999995,39.89258276122576,-2.9680456568286107,-0.03012983551534976,62.08754891720159
2018-06-27,1530057600,BTC/USD,6073.99,6181.11,5985.0,6135.64,7446.86155074,45691261.60518238,0,6568.655000000001,6587.420598743661,7422.158522676735,5715.151477323267,6568.655000000001,46.165557887217055,1.1147000659195827,0.011085330714093202,62.30845538651726
2018-06-28,1530144000,BTC/USD,6135.64,6165.49,5818.14,5848.33,8878.39857291,51923804.725906745,0,6480.165999999999,6517.031017910931,7237.047482272403,5723.284517727596,6480.165999999999,31.772006708373127,-4.6826410936756435,-0.047958241796425105,63.36942680821361
2018-06-29,1530230400,BTC/USD,5845.2,6299.0,5774.72,6204.24,12067.37316767,74868879.30178492,0,6415.743,6487.241397157509,7012.0534267908715,5819.432573209129,6415.743,45.92872872173092,6.085668900352759,0.059076778881639876,68.12514411687528
2018-06-30,1530316800,BTC/USD,6204.01,6510.0,6190.28,6385.71,6915.08887702,44157752.192875385,0,6395.969999999999,6477.571740285365,6966.948799938767,5824.991200061232,6395.969999999999,47.84627897862083,2.924935205601331,0.028829752137451328,69.35832521299005
2018-07-01,1530403200,BTC/USD,6385.75,6438.55,6259.34,6349.99,4160.70556721,26420438.744727824,0,6369.439,6465.421098353426,6892.937374598133,5845.940625401868,6369.439,47.821893112279284,-0.5593739772084882,-0.0056094433228343855,60.725107482826246
2018-07-02,1530489600,BTC/USD,6345.48,6667.57,6270.69,6612.98,8799.80247408,58192917.76504155,0,6372.2045,6479.474327081671,6900.452538529292,5843.956461470708,6372.2045,48.01676891958807,4.141581325324917,0.04058114624175608,62.32807598090617
2018-07-03,1530576000,BTC/USD,6605.46,6666.0,6464.39,6507.99,5924.86541706,38558964.88557231,0,6382.2339999999995,6482.190105454845,6912.912754026676,5851.555245973323,6382.2339999999995,45.35309786697572,-1.587635226478834,-0.01600373155673088,60.29080986304257
2018-07-04,1530662400,BTC/USD,6507.99,6792.28,6413.2,6584.25,6706.7340062,44158813.38032235,0,6379.1415,6491.9100954115265,6904.035201932055,5854.247798067944,6379.1415,46.57416058684373,1.1717903684547837,0.01164978070705492,58.74161322635288
2018-07-05,1530748800,BTC/USD,6575.62,6700.0,6445.31,6533.69,7692.21577694,50258553.29963511,0,6386.296,6495.889133943762,6915.728436181019,5856.863563818982,6386.296,46.34732102585204,-0.7678930781789939,-0.007708565577274367,55.88072737777735
2018-07-06,1530835200,BTC/USD,6533.69,6636.15,6449.76,6596.53,5457.67218749,36001698.31494341,0,6391.7265,6505.47397833007,6927.735128575029,5855.71787142497,6391.7265,64.20293172147603,0.9617842291262724,0.009571885282629053,54.18739372941079
2018-07-07,1530921600,BTC/USD,6604.74,6820.0,6510.0,6759.99,4842.79587112,32737251.66081249,0,6407.0554999999995,6529.713599441492,6967.471421389534,5846.639578610465,6407.0554999999995,64.8704663212435,2.4779694778921613,0.024477657566192253,54.57925910861228
2018-07-08,1531008000,BTC/USD,6755.46,6783.54,6674.6,6706.6,5145.84575684,34511129.15282314,0,6407.010499999999,6546.559923304208,6967.324978033764,5846.696021966235,6407.010499999999,63.91096179766241,-0.7897940677426996,-0.007929294607667503,54.6303295106229
2018-07-09,1531094400,BTC/USD,6706.6,6814.72,6620.0,6666.75,7165.21723333,47768711.99030278,0,6403.522,6558.006597275235,6956.012666274613,5851.0313337253865,6403.522,60.714211618257266,-0.5941907971252269,-0.0059596313484133155,53.00664698666942
2018-07-10,1531180800,BTC/USD,6666.75,6683.9,6270.84,6299.46,9163.01977492,57722076.55131754,0,6380.666,6533.383111820451,6908.950056621596,5852.381943378405,6380.666,55.485666072579725,-5.509281133985821,-0.05666856936966351,56.43764898254785
2018-07-11,1531267200,BTC/USD,6304.45,6400.0,6285.0,6380.0,6370.13680136,40641472.7926768,0,6363.7495,6518.775196408979,6867.610240680913,5859.888759319087,6363.7495,55.7562023575083,1.2785222860372203,0.012704181918605152,56.67181765640309
2018-07-12,1531353600,BTC/USD,6379.13,6380.0,6072.0,6243.88,7792.46685782,48655227.96420514,0,6373.421,6492.594701512886,6859.056921801228,5887.785078198773,6373.421,60.03226150076849,-2.1335423197492154,-0.021566313337901367,57.04198234492528
2018-07-13,1531440000,BTC/USD,6243.53,6337.25,6121.01,6215.59,5901.29571452,36680034.630213365,0,6375.3315,6466.213301368802,6858.011786744911,5892.65121325509,6375.3315,50.34524294761433,-0.4530836595194043,-0.004541131944788023,43.62122232145458
2018-07-14,1531526400,BTC/USD,6208.78,6317.84,6180.0,6243.98,2584.7339623,16139027.16592195,0,6379.860500000001,6445.048225047964,6855.420141574276,5904.300858425725,6379.860500000001,45.246161173684655,0.45675470872434953,0.004557147499094646,43.067122310325615
2018-07-15,1531612800,BTC/USD,6245.99,6397.21,6227.76,6349.3,3556.29310719,22579971.825481467,0,6384.645,6435.929346471967,6856.769547997264,5912.520452002736,6384.645,49.9778887258138,1.686744672468521,0.01672677103456529,43.392633889620875
2018-07-16,1531699200,BTC/USD,6353.25,6755.0,6333.63,6721.04,9404.05647649,63205039.740748346,0,6417.2970000000005,6463.082742046065,6887.53927234428,5947.054727655721,6417.2970000000005,53.23719024109669,5.85481864142503,0.05689833385776273,47.25115557622368
2018-07-17,1531785600,BTC/USD,6721.21,7468.31,6657.95,7310.71,12703.29651293,92870116.85004248,0,6476.0505,6543.8091475654865,7074.324099177825,5877.776900822176,6476.0505,68.63566294597256,8.773493387928056,0.08409749180269406,53.219489576903946
2018-07-18,1531872000,BTC/USD,7310.71,7599.98,7239.15,7378.1,13347.87429603,98481951.34353895,0,6552.539,6623.265419225917,7201.882657968339,5903.19534203166,6552.539,68.50595612746812,0.9217982931890356,0.009175756623126067,53.21359365409639
2018-07-19,1531958400,BTC/USD,7384.92,7570.9,7278.84,7471.42,8803.25309749,65772801.257648736,0,6615.897999999999,6704.0420459663055,7362.196511648628,5869.59948835137,6615.897999999999,71.43275081024498,1.2648242772529406,0.012568921896120203,49.049726071413176
2018-07-20,1532044800,BTC/USD,7474.35,7696.88,7265.0,7330.84,9379.17143244,68757205.10378845,0,6663.1545,6763.737089207611,7465.6583432434645,5860.650656756535,6663.1545,66.20742931555831,-1.8815700362180166,-0.018994967910270916,46.951915911480036
2018-07-21,1532131200,BTC/USD,7330.84,7458.0,7212.0,7409.92,4049.81022253,30008769.764129497,0,6716.151,6825.278318806886,7569.931831630385,5862.3701683696145,6716.151,64.90002155004427,1.0787304047012336,0.010729536151291868,46.352330284865666
2018-07-22,1532217600,BTC/USD,7398.16,7581.03,7336.15,7396.6,5107.9788128,37781676.08675648,0,6755.332,6879.689907491945,7659.606840186436,5851.057159813565,6755.332,66.11471810920642,-0.17975902573846847,-0.0017992078615684227,46.23951783897291
2018-07-23,1532304000,BTC/USD,7393.5,7800.0,7369.86,7719.62,12572.45317131,97054560.9503081,0,6815.9135,6959.683249635569,7808.454906317235,5823.372093682764,6815.9135,71.71698837079788,4.367141659681462,0.04274470486045061,46.44156751179846
2018-07-24,1532390400,BTC/USD,7712.46,8496.96,7691.14,8403.83,18707.41156484,157213906.53094932,0,6906.8925,7097.221035384562,8119.256425766723,5694.528574233277,6906.8925,88.38704263787903,8.863260108658189,0.08492241428824328,52.77048370829613
2018-07-25,1532476800,BTC/USD,8394.48,8475.0,8049.22,8174.06,10348.06857767,84585733.43798923,0,6988.911,7199.777127252699,8311.87159937211,5665.950400627889,6988.911,81.0367376877885,-2.734110518656374,-0.02772182885293057,54.55218855765451
2018-07-26,1532563200,BTC/USD,8174.06,8314.23,7855.97,7926.0,8091.87166049,64136174.78104374,0,7055.3845,7268.941210371489,8428.00136081328,5682.767639186722,7055.3845,78.01516241639354,-3.034722035316606,-0.030817230694345263,56.07931197747692
2018-07-27,1532649600,BTC/USD,7926.0,8274.98,7798.48,8183.05,8701.76587806,71206985.26845889,0,7126.5375,7355.999190336109,8579.844621696633,5673.230378303367,7126.5375,80.44736483725998,3.243123896038358,0.031916446986856604,56.62952458028191
2018-07-28,1532736000,BTC/USD,8177.72,8259.0,8051.43,8237.74,2765.6804906,22782956.804635245,0,7203.094500000001,7439.974505542194,8723.045091959952,5683.1439080400505,7203.094500000001,80.60524005133213,0.6683327121305593,0.006661092702219091,56.40189411763497
2018-07-29,1532822400,BTC/USD,8231.07,8299.99,8109.74,8216.74,3980.2794076,32704921.019603223,0,7280.594,7513.952171681032,8842.87134490944,5718.316655090561,7280.594,79.42796810488828,-0.2549242874866131,-0.0025524977272665702,56.224041318038445
2018-07-30,1532908800,BTC/USD,8216.74,8295.0,7853.01,8160.21,11785.89207823,96175354.39569324,0,7373.6315,7575.500536282839,8911.323258849305,5835.939741150697,7373.6315,75.18065290496871,-0.6879857461718375,-0.006903632791066053,56.258048273790486
2018-07-31,1532995200,BTC/USD,8162.28,8162.37,7633.67,7725.43,11994.08614156,92659472.90059188,0,7440.903,7589.7795328273305,8911.835770471424,5969.970229528577,7440.903,57.672043806422984,-5.328049155597703,-0.05475241927390758,55.976755368396724
2018-08-01,1533081600,BTC/USD,7726.85,7761.56,7440.0,7602.01,11406.76843741,86714367.7288752,0,7508.8095,7590.944339224728,8868.23436449597,6149.3846355040305,7508.8095,54.05806084463341,-1.5975809760751192,-0.016104798655582425,56.668371311847565
2018-08-02,1533168000,BTC/USD,7600.22,7709.98,7455.0,7536.37,5262.23613199,39658158.51804548,0,7574.8485,7585.746783108087,8790.474025446569,6359.222974553432,7574.8485,51.189059553667875,-0.8634558491767308,-0.008672052276141621,55.982705969786764
2018-08-03,1533254400,BTC/USD,7535.0,7542.92,7286.41,7416.98,9585.77930917,71097533.42052771,0,7633.4985,7569.673756145412,8680.21826695689,6586.778733043109,7633.4985,51.58932235162142,-1.5841844283123074,-0.015968667490591285,56.4677857828898
2018-08-04,1533340800,BTC/USD,7416.98,7494.48,6926.0,7009.99,6831.75139028,47890508.9283489,0,7666.533,7516.37054127442,8575.202042109837,6757.863957890164,7666.533,43.417591931188625,-5.4872737960733335,-0.05643569173080563,60.780911913892275
2018-08-05,1533427200,BTC/USD,7009.94,7086.8,6888.88,7032.61,6039.1351446,42470882.2092654,0,7682.111500000001,7470.298108772095,8531.262760105219,6832.960239894783,7682.111500000001,44.02740903855051,0.3226823433414294,0.0032216284112918433,60.646791345351744
2018-08-06,1533513600,BTC/USD,7028.89,7157.93,6835.06,6936.11,7317.64296455,50755976.5428449,0,7663.3815,7419.423050793799,8562.104307550786,6764.658692449215,7663.3815,36.11118004715225,-1.3721790345262996,-0.013816804285875521,57.88700043346417
2018-08-07,1533600000,BTC/USD,6932.18,7155.0,6671.0,6717.68,10039.39296375,67441429.32472411,0,7630.3605,7352.590379289628,8617.407751777464,6643.313248222536,7630.3605,14.198660647933849,-3.1491715096790496,-0.03199824180594486,50.51540450966502
2018-08-08,1533686400,BTC/USD,6717.67,6717.68,6121.0,6283.59,14668.56802221,92171267.33867854,0,7570.969,7250.780819357283,8726.798846208198,6415.1391537918025,7570.969,13.065071370238229,-6.461903514308509,-0.0668013836334427,54.6964186383227
2018-08-09,1533772800,BTC/USD,6283.89,6627.0,6190.01,6543.76,9484.88670496,62066822.224449046,0,7531.615,7183.445503228018,8772.34900646569,6290.880993534308,7531.615,23.12176719947108,4.140467471620535,0.04057045061329625,56.81932486473311
2018-08-10,1533859200,BTC/USD,6544.98,6584.05,5995.75,6139.99,14096.00988894,86549359.7579927,0,7468.118500000001,7084.068788634874,8856.295912645955,6079.941087354047,7468.118500000001,12.416391343698706,-6.170305756934857,-0.06368881031805285,60.09139225848581
2018-08-11,1533945600,BTC/USD,6139.99,6494.13,6000.0,6239.98,6818.37504816,42546523.93301743,0,7410.2875,7003.679380193457,8903.411692019927,5917.163307980073,7410.2875,13.852177815091991,1.6285042809516037,0.016153863754765088,60.33830793881828
2018-08-12,1534032000,BTC/USD,6240.49,6493.77,6163.44,6310.82,7169.89323056,45247905.597282656,0,7339.847500000001,6937.692772555985,8902.817049945977,5776.877950054024,7339.847500000001,16.124927128211695,1.1352600489104248,0.011288643318456547,60.682130853005376
2018-08-13,1534118400,BTC/USD,6311.99,6544.37,6142.2,6252.63,8896.68083746,55627653.50472752,0,7232.2875,6872.448698979225,8782.991969912211,5681.583030087789,7232.2875,16.115417682125326,-0.9220671798593427,-0.009263445329631383,57.85853258333863
2018-08-14,1534204800,BTC/USD,6252.63,6254.02,5880.0,6193.62,14235.27018218,88167854.10575369,0,7133.2654999999995,6807.798346695489,8683.684002476173,5582.846997523825,7133.2654999999995,18.598224718640452,-0.9437628645865836,-0.009482445261029586,46.45440981064129
2018-08-15,1534291200,BTC/USD,6194.3,6628.5,6186.02,6272.3,12501.11334781,78410733.25146866,0,7050.580499999999,6756.798504153062,8599.375325261666,5501.785674738332,7050.580499999999,22.231874736354115,1.2703394783664557,0.01262338356107368,47.108784790317195
2018-08-16,1534377600,BTC/USD,6273.34,6477.57,6208.37,6313.51,7099.2611636,44821256.34900024,0,6957.1035,6714.58055137658,8442.482237034134,5471.724762965867,6957.1035,24.19995949161985,0.6570157677407096,0.006548668265979746,47.06745652148958
2018-08-17,1534464000,BTC/USD,6314.08,6584.49,6290.64,6580.15,6635.58158998,43663122.1993069,0,6874.224,6701.777641721667,8238.801924309226,5509.6460756907745,6874.224,33.37729874897204,4.22332426811709,0.041365759627133035,48.247820863752246
2018-08-18,1534550400,BTC/USD,6578.13,6615.0,6303.0,6399.28,3496.80232127,22377017.158456683,0,6783.351,6672.96834251008,8006.1959038793375,5560.506096120662,6783.351,36.67159898909214,-2.7487215337036353,-0.027872057392949963,48.19385707622604
2018-08-19,1534636800,BTC/USD,6397.37,6545.0,6312.0,6481.99,3138.71131829,20345095.378042597,0,6699.4400000000005,6654.779928937692,7741.418634794852,5657.461365205149,6699.4400000000005,38.29016205180553,1.2924891550299522,0.012842077947415051,48.865507532269284
2018-08-20,1534723200,BTC/USD,6481.63,6522.99,6223.9,6260.82,6254.82080784,39160307.21014083,0,6626.2095,6617.259935705531,7565.374348452016,5687.044651547983,6626.2095,36.36202070466966,-3.412069441637522,-0.03471639503559417,49.49648343900635
2018-08-21,1534809600,BTC/USD,6260.83,6513.28,6246.05,6479.27,5655.04172504,36640542.19779992,0,6570.0725,6604.118037066909,7390.344952193083,5749.800047806917,6570.0725,45.18517321743767,3.4891595669577002,0.03429668274837392,49.55742409120899
2018-08-22,1534896000,BTC/USD,6478.99,6906.81,6250.0,6355.76,11955.65069577,75987246.46614714,0,6511.0419999999995,6580.464890679585,7197.532655546107,5824.551344453892,6511.0419999999995,51.666581994356214,-1.9062332639325108,-0.019246361332894,49.63104659204083
2018-08-23,1534982400,BTC/USD,6355.97,6575.99,6344.8,6525.01,4028.43387247,26285571.30220548,0,6466.443499999999,6575.183472519624,7005.100830163106,5927.786169836892,6466.443499999999,49.54803812388817,2.6629388145556154,0.026280997410305488,51.07408731175512
2018-08-24,1535068800,BTC/USD,6525.99,6721.09,6445.32,6692.94,6374.54257854,42664431.00561351,0,6450.591,6586.398379898708,6938.131011547259,5963.050988452742,6450.591,65.0384835051266,2.573635902473703,0.025410753713820334,52.14470679912036
2018-08-25,1535155200,BTC/USD,6692.99,6800.0,6664.25,6732.4,4980.64928331,33531723.23495624,0,6435.5805,6600.303296098831,6862.371806698236,6008.7891933017645,6435.5805,63.84820464362851,0.5895764790958768,0.005878452781421078,48.74041206922162
2018-08-26,1535241600,BTC/USD,6732.99,6775.34,6558.95,6700.46,3475.7202496,23288924.503634814,0,6423.798000000001,6609.8420298037045,6802.735910626572,6044.860089373429,6423.798000000001,61.20286138169775,-0.47442219713622613,-0.0047555115133001945,48.71262608454102
2018-08-27,1535328000,BTC/USD,6700.13,6944.47,6641.35,6904.51,5863.68824836,40485894.147684105,0,6433.139499999999,6637.905646012875,6849.904823362438,6016.374176637561,6433.139499999999,67.29234752344976,3.0453133068475857,0.029998640516444852,49.76118356037792
2018-08-28,1535414400,BTC/USD,6911.7,7125.28,6861.17,7080.94,8222.24765235,58221242.29143121,0,6473.007,6680.099394011649,6973.645628747558,5972.368371252442,6473.007,72.15751885331869,2.555286327342543,0.025231845981252554,49.10058261655975
2018-08-29,1535500800,BTC/USD,7079.46,7124.06,6890.0,7032.96,5730.97892652,40305745.5510581,0,6497.467000000001,6713.705166010539,7056.998941051975,5937.935058948026,6497.467000000001,69.29042402109962,-0.6775936528200965,-0.006798997417903847,42.36631957102491
2018-08-30,1535587200,BTC/USD,7034.47,7055.97,6792.85,6984.01,6875.26197217,48016898.36625501,0,6539.668,6739.448483533344,7112.826702064376,5966.509297935623,6539.668,66.93746400315258,-0.6960085085085055,-0.006984419455876126,40.551024133451044
2018-08-31,1535673600,BTC/USD,6984.34,7101.03,6879.0,7017.35,5790.38050638,40633126.6464457,0,6578.5365,6765.915294625406,7171.225067241205,5985.847932758796,6578.5365,62.519758997502954,0.47737617786915987,0.00476240351136314,32.47394588024265
2018-09-01,1535760000,BTC/USD,7015.78,7300.18,7015.22,7185.01,4590.45724112,32982481.18201961,0,6622.245999999999,6805.829076089653,7259.09785062024,5985.394149379758,6622.245999999999,72.67187202437634,2.3892210022301796,0.023611257426613304,32.85781045555585
2018-09-02,1535846400,BTC/USD,7195.8,7334.5,7130.63,7290.31,3297.68658519,24041157.48887651,0,6674.13,6851.970116462067,7351.953274561567,5996.306725438433,6674.13,73.02354991967738,1.4655511961709111,0.014549157803465933,32.934315870830275
2018-09-03,1535932800,BTC/USD,7291.94,7340.08,7184.0,7258.99,2829.87707292,20542049.373555552,0,6727.3985,6890.733914894251,7413.621044454318,6041.175955545683,6727.3985,81.87880452486954,-0.4296113608337704,-0.004305368420399646,32.67201778288197
2018-09-04,1536019200,BTC/USD,7261.29,7411.85,7231.0,7361.0,4531.14780379,33353778.98369819,0,6781.833499999999,6935.521161094799,7488.4718559624735,6075.195144037524,6781.833499999999,80.42273640046096,1.4052919207768522,0.013955092375034549,32.177627965914894
2018-09-05,1536105600,BTC/USD,7353.48,7387.0,6650.0,6679.3,12408.79698551,82882077.70531695,0,6800.123,6911.119145752437,7473.894863751865,6126.351136248134,6800.123,58.05900404519459,-9.260969976905308,-0.09718260143807574,48.58507622948821
2018-09-06,1536192000,BTC/USD,6671.95,6705.59,6253.29,6493.09,14674.0236716,95279756.36182924,0,6795.7699999999995,6871.306846156967,7476.61354196253,6114.926458037469,6795.7699999999995,49.21157152172624,-2.78786699205007,-0.028274657127043024,49.747701043888114
2018-09-07,1536278400,BTC/USD,6488.01,6525.0,6322.0,6400.0,6541.96747088,41868591.813632,0,6795.806,6826.420479856303,7476.561340220258,6115.050659779741,6795.806,42.48656024294157,-1.4336779561041069,-0.014440544145823984,47.80797772425855
2018-09-08,1536364800,BTC/USD,6401.01,6465.46,6113.23,6178.31,4284.19484304,26469083.840702463,0,6780.622,6764.695672250941,7503.116503191242,6058.127496808758,6780.622,37.00338232465627,-3.463906249999993,-0.035253219076963195,48.389309189620796
2018-09-09,1536451200,BTC/USD,6178.31,6451.51,6094.38,6236.04,4104.31379555,25594665.00160162,0,6779.383,6714.347512988947,7505.705632678866,6053.0603673211335,6779.383,39.23688040566221,0.9343979178772166,0.00930059425447992,48.27086006170504
2018-09-10,1536537600,BTC/USD,6238.99,6351.13,6223.9,6301.99,5371.72530672,33852559.16569637,0,6770.519,6675.075368894762,7516.328563075753,6024.709436924248,6770.519,35.08141193249345,1.0575621708648342,0.010520090992839001,46.91355908224084
2018-09-11,1536624000,BTC/USD,6303.99,6405.0,6162.06,6279.99,7076.79725968,44442216.022817805,0,6766.7305,6637.4481909047845,7522.119303743151,6011.341696256848,6766.7305,28.526003656973714,-0.3490960791749931,-0.003497068413830358,45.26164161087565
2018-09-12,1536710400,BTC/USD,6274.6,6350.0,6192.89,6322.45,4282.15960066,27073739.967192817,0,6756.602499999999,6607.448363199567,7530.833935245018,5982.37106475498,6756.602499999999,30.89420837792632,0.6761157262989315,0.006738403144425086,44.87041223589057
2018-09-13,1536796800,BTC/USD,6326.83,6537.46,6324.37,6485.7,6985.34747474,45304868.116921216,0,6746.2405,6595.853280990084,7529.553414216539,5962.927585783461,6746.2405,37.376311616194876,2.582068660092207,0.025492962079814677,44.81249506787272
2018-09-14,1536883200,BTC/USD,6482.95,6587.0,6384.36,6476.51,4598.02098322,29779128.878034163,0,6733.446000000001,6584.487254229124,7526.0154159979,5940.8765840021015,6733.446000000001,36.12917786577483,-0.14169634734877423,-0.0014179683155588509,43.826817586383484
2018-09-15,1536969600,BTC/USD,6476.51,6570.1,6466.74,6520.15,1328.81956289,8664102.872977233,0,6724.4304999999995,6578.3598966834925,7522.6616166042395,5926.1993833957595,6724.4304999999995,31.790045685112332,0.6738196961017406,0.006715596778061237,43.845688211437306
2018-09-16,1537056000,BTC/USD,6521.49,6524.84,6349.47,6499.98,1098.62806031,7141060.419453792,0,6704.204000000001,6570.895144618397,7503.722081594349,5904.685918405652,6704.204000000001,27.29471791129673,-0.3093487113026594,-0.003098281835113133,43.8340620616683
2018-09-17,1537142400,BTC/USD,6499.28,6530.24,6200.0,6254.52,4386.88772482,27437877.012641188,0,6662.883,6540.764178464265,7465.834884069681,5859.931115930319,6662.883,24.304315571359126,-3.776319311751719,-0.03849469760857662,44.063951001257266
2018-09-18,1537228800,BTC/USD,6251.49,6390.0,6226.63,6332.34,4196.47314808,26573494.77451291,0,6627.852000000001,6520.914256705763,7423.925783716391,5831.77821628361,6627.852000000001,23.35574711452783,1.2442201799658381,0.01236543372685424,43.17894990589492
2018-09-19,1537315200,BTC/USD,6330.0,6510.0,6100.0,6388.4,7232.08338006,46201441.4651753,0,6598.0715,6508.293851305215,7382.523726455544,5813.619273544456,6598.0715,38.85201422527434,0.8852967465423411,0.008814009707958786,43.449484517969275
2018-09-20,1537401600,BTC/USD,6388.4,6535.11,6333.63,6492.98,5177.64510387,33618346.10652583,0,6571.853,6506.835389276147,7331.9758047628475,5811.730195237153,6571.853,49.99550319273314,1.6370296161793307,0.016237747481329775,44.0282148838592
2018-09-21,1537488000,BTC/USD,6492.98,6775.34,6483.83,6749.45,8569.98587321,57842691.15193723,0,6550.075,6529.941542678419,7259.497342339926,5840.652657660074,6550.075,62.602147900784026,3.949958262615927,0.03873942680181366,46.341307202332736
2018-09-22,1537574400,BTC/USD,6748.85,6826.28,6624.79,6710.01,5491.80951385,36850096.756028645,0,6521.0599999999995,6547.090919566189,7145.3700155333745,5896.7499844666245,6521.0599999999995,72.07653086645303,-0.5843439095037262,-0.005860578787714981,45.416106960727845
2018-09-23,1537660800,BTC/USD,6710.01,6774.91,6659.0,6702.22,3248.80491931,21774205.30629787,0,6493.2215,6561.865117702742,7021.207314733216,5965.235685266784,6493.2215,70.19354056208205,-0.1160952070116128,-0.0011616264970060754,44.96382598332007
2018-09-24,1537747200,BTC/USD,6703.37,6721.68,6550.96,6581.52,4030.72562001,26528301.28260822,0,6454.2474999999995,6563.7370112548615,6794.071136666724,6114.423863333275,6454.2474999999995,61.56009362877684,-1.8008958225781857,-0.01817309309879387,45.23132337145451
2018-09-25,1537833600,BTC/USD,6578.7,6579.59,6324.96,6428.99,8206.61700477,52760258.65749628,0,6441.732,6550.903962563922,6764.674736629283,6118.789263370717,6441.732,55.56152766580072,-2.3175497453475913,-0.023448271993164575,45.14690578283092
2018-09-26,1537920000,BTC/USD,6428.09,6540.0,6379.44,6461.51,4295.92674134,27758173.598435827,0,6440.153,6542.390251843548,6762.346375482441,6117.95962451756,6440.153,55.2293136384832,0.5058337312703998,0.005045586903690085,30.90015001187634
2018-09-27,1538006400,BTC/USD,6454.32,6736.85,6431.95,6681.62,5664.85211251,37850389.17198906,0,6454.2339999999995,6555.6502278584485,6793.216772635592,6115.251227364407,6454.2339999999995,57.06537418498645,3.4064792904444863,0.033497436506441214,31.577649521980266
2018-09-28,1538092800,BTC/USD,6684.5,6792.28,6525.67,6610.76,7642.04936428,50519754.25540765,0,6475.8565,6560.898777586215,6795.341267928688,6156.371732071312,6475.8565,54.63522425163139,-1.0605212508343786,-0.010661848555291013,31.365790171704177
2018-09-29,1538179200,BTC/USD,6609.02,6609.02,6454.0,6579.38,3382.01592212,22251567.917677887,0,6493.023499999999,6562.658894006576,6794.649269895015,6191.397730104984,6493.023499999999,52.062483895005904,-0.47468067211636766,-0.004758108587554744,28.506796897818592
2018-09-30,1538265600,BTC/USD,6574.29,6628.06,6510.0,6597.81,2482.69507513,16380350.393643469,0,6507.8145,6566.006618386902,6798.822525896774,6216.806474103227,6507.8145,53.410731095073764,0.28011757946797555,0.002797259812961026,28.414413045191957
2018-10-01,1538352000,BTC/USD,6597.79,6638.15,6477.57,6571.2,4796.040132,31515738.9153984,0,6522.375,6566.5012261595775,6793.873955509319,6250.876044490681,6522.375,63.02888175759069,-0.4033156456460629,-0.004041311566570657,28.356192243454675
2018-10-02,1538438400,BTC/USD,6569.32,6597.0,6447.28,6500.0,4116.13342419,26754867.257235,0,6531.2525000000005,6560.167776049142,6786.341722111376,6276.163277888625,6531.2525000000005,56.93566535393983,-1.0835159483808088,-0.01089428731856561,28.650863512423186
2018-10-03,1538524800,BTC/USD,6500.0,6510.0,6396.34,6456.77,4774.76328174,30829548.31464038,0,6529.806,6550.320368806367,6786.3070284918695,6273.30497150813,6529.806,52.85863611656983,-0.6650769230769127,-0.006672984148763138,28.72671055629009
2018-10-04,1538611200,BTC/USD,6454.81,6604.89,6450.58,6547.56,3832.70048916,25094836.41480445,0,6533.3585,6550.057476539094,6788.717083567494,6277.999916432506,6533.3585,52.308681454410134,1.4061210171649297,0.01396326840789258,27.749147355153088
2018-10-05,1538697600,BTC/USD,6548.83,6641.35,6510.0,6582.12,3807.26928181,25059903.28518724,0,6536.457,6553.111050202037,6792.64329521773,6280.2707047822705,6536.457,41.286257355621515,0.5278302146142888,0.005264420734799995,27.788930985719084
2018-10-06,1538784000,BTC/USD,6582.11,6595.69,6526.28,6544.08,2022.78075908,13237239.109880246,0,6538.662,6552.250950182795,6794.284885443868,6283.0391145561325,6538.662,41.34654498044327,-0.5779292993746687,-0.005796057730923568,27.789644450913016
2018-10-07,1538870400,BTC/USD,6547.93,6600.0,6493.92,6577.63,2455.65659087,16152400.461804235,0,6554.8175,6554.668002546339,6772.9151884829225,6336.719811517078,6554.8175,43.672486820855035,0.5126771066368496,0.005113673920558017,27.81337901488844
2018-10-08,1538956800,BTC/USD,6574.15,6656.63,6541.06,6604.75,4079.04424933,26941067.50576232,0,6568.438,6559.437716589545,6760.505978274448,6376.370021725552,6568.438,51.3036938928984,0.4123065602656295,0.0041145890592495125,23.917353907732338
2018-10-09,1539043200,BTC/USD,6604.76,6623.14,6553.13,6588.8,2254.95026959,14857416.336274592,0,6578.4580000000005,6562.234124533397,6750.883993841175,6406.032006158826,6578.4580000000005,60.59256313382385,-0.24149286498352796,-0.002417849293071351,23.703687327682637
2018-10-10,1539129600,BTC/USD,6588.72,6589.79,6387.91,6517.55,5177.06675956,33741791.458770275,0,6579.686500000001,6557.978493625455,6749.8839380768,6409.489061923201,6579.686500000001,53.53306097745499,-1.0813805245264652,-0.010872699401999183,23.958821030610103
2018-10-11,1539216000,BTC/USD,6517.55,6520.43,6055.28,6152.76,9616.23958351,59166414.25983699,0,6549.852000000001,6519.386256137316,6789.693478491008,6310.010521508993,6549.852000000001,21.801953591537284,-5.597041833204197,-0.05759777681494722,30.72185398032235
2018-10-12,1539302400,BTC/USD,6152.76,6243.79,6109.79,6185.15,3246.3815572,20079356.888515577,0,6523.609,6487.554231743286,6801.504002202211,6245.7139977977895,6523.609,26.336331995240627,0.5264304149682264,0.005250496139104269,27.01581621112578
2018-10-13,1539388800,BTC/USD,6182.03,6219.77,6168.83,6199.69,1954.04680593,12114484.44225616,0,6498.4825,6460.138590624878,6798.3830317127695,6198.581968287231,6498.4825,28.486599807354466,0.23507918158816032,0.0023480330275129527,27.100135928815334
2018-10-14,1539475200,BTC/USD,6201.23,6349.47,6143.08,6183.0,2525.73820085,15616639.29585555,0,6478.556500000001,6433.744439136794,6806.840598483912,6150.272401516089,6478.556500000001,26.450250366181763,-0.26920700873752645,-0.0026957002245724605,27.086762052281028
2018-10-15,1539561600,BTC/USD,6185.04,6756.0,6149.28,6441.74,16895.88930388,108838925.96437596,0,6479.1939999999995,6434.505921123767,6807.12214453061,6151.265855469389,6479.1939999999995,44.18335070630098,4.184699983826623,0.04099509938147966,30.660762523192492
2018-10-16,1539648000,BTC/USD,6438.2,6493.77,6386.4,6461.2,4703.09390629,30387630.347320944,0,6479.1785,6437.048214350075,6807.110193226894,6151.246806773106,6479.1785,48.171708604278564,0.3020922918341995,0.0030163690995546727,29.573068956857583
2018-10-17,1539734400,BTC/USD,6457.67,6465.39,6407.69,6437.29,2961.26337446,19062511.10777761,0,6466.962,6437.07124155483,6781.051630627823,6152.872369372178,6466.962,49.0650617212847,-0.370055098124189,-0.0037074149589228257,29.549209897605554
2018-10-18,1539820800,BTC/USD,6440.07,6490.0,6350.0,6396.18,3823.16928503,24453678.917523187,0,6456.233,6433.176837597227,6764.24134035961,6148.22465964039,6456.233,42.370728757181716,-0.6386227744905049,-0.006406706933712329,26.936841235160752
2018-10-19,1539907200,BTC/USD,6394.23,6412.4,6355.99,6383.46,2290.0590117,14618500.098826485,0,6446.437,6428.441900683205,6750.389869553867,6142.484130446132,6446.437,39.762537876445485,-0.19886869975517252,-0.0019906670611254756,26.75558804907424
2018-10-20,1539993600,BTC/USD,6380.47,6424.16,6363.02,6412.86,1261.97849549,8092891.414588001,0,6437.1894999999995,6426.957910141948,6732.8931932641035,6141.4858067358955,6437.1894999999995,43.17713857864851,0.46056527337838826,0.004595079168249252,26.81550858115258
2018-10-21,1540080000,BTC/USD,6412.86,6470.0,6401.01,6413.38,1541.01151749,9883092.446040016,0,6429.2985,6425.664775842714,6718.291642536618,6140.305357463381,6429.2985,41.15594611184698,0.00810870656775542,8.108377829915215e-05,26.78071321331706
2018-10-22,1540166400,BTC/USD,6412.62,6429.23,6372.53,6406.06,2407.5354618,15422816.62041851,0,6424.6015,6423.797654333885,6711.804348782843,6137.398651217157,6424.6015,39.06843165087644,-0.11413638362298695,-0.001142015687980411,26.762829147354843
2018-10-23,1540252800,BTC/USD,6409.39,6421.58,6354.26,6393.41,2851.00556658,18227647.49942824,0,6421.433500000001,6420.9035920163715,6708.540076748321,6134.326923251681,6421.433500000001,39.21081403439019,-0.1974692712837567,-0.001976644989013034,26.53362904298576
2018-10-24,1540339200,BTC/USD,6396.24,6473.0,6393.0,6411.96,3535.33808825,22668446.40833547,0,6414.653499999999,6420.0518213481455,6695.55650654465,6133.750493455349,6414.653499999999,43.80914410347212,0.29014250611176795,0.0028972240514065772,26.47319027082849
2018-10-25,1540425600,BTC/USD,6411.96,6422.73,6361.73,6393.53,3046.60380599,19478552.831711244,0,6405.224,6417.525933600703,6674.893870253737,6135.554129746263,6405.224,73.77130106826213,-0.2874316121747489,-0.0028784549010072045,25.965320426024885
2018-10-26,1540512000,BTC/USD,6393.38,6450.3,6377.81,6406.1,3323.82631782,21292763.774586704,0,6398.325,6416.437749448255,6659.9782818355225,6136.671718164477,6398.325,72.70298596411916,0.1966050053726187,0.0019641199067489718,25.88790859388886
2018-10-27,1540598400,BTC/USD,6406.1,6420.01,6381.25,6407.66,890.1271569,5703632.178181854,0,6389.8265,6415.601773310326,6637.6332832458775,6142.019716754123,6389.8265,71.95490150539453,0.02435178970043861,0.00024348825133404191,25.839970124116157
2018-10-28,1540684800,BTC/USD,6407.66,6420.0,6383.0,6405.57,839.29766473,5376179.942264546,0,6379.867499999999,6414.64636632839,6606.402531322651,6153.332468677348,6379.867499999999,74.24351349584987,-0.0326172112752543,-0.00032622531844590184,25.746258873204248
2018-10-29,1540771200,BTC/USD,6404.27,6420.0,6208.37,6266.52,5190.82201499,32528389.973375134,0,6363.753500000001,6400.539093344733,6572.893452264505,6154.6135477354965,6363.753500000001,24.18223610538115,-2.170767004341523,-0.02194674772470569,26.628201062828794
2018-10-30,1540857600,BTC/USD,6266.47,6289.0,6240.0,6269.46,2523.57742936,15821467.750275347,0,6351.349,6388.055370169045,6551.3085677987265,6151.389432201274,6351.349,20.302335666935136,0.04691599165085325,0.0004690498954052194,26.64813898580325
2018-10-31,1540944000,BTC/USD,6269.45,6350.0,6199.25,6303.27,5148.08262352,32449754.758354917,0,6358.8745,6379.980573010088,6537.562421364654,6180.1865786353455,6358.8745,29.859942293820723,0.539280895005323,0.0053783198239172655,26.589033354081877
2018-11-01,1541030400,BTC/USD,6304.5,6365.33,6288.01,6340.99,2190.97047686,13892921.88406449,0,6366.6665,6376.267185104365,6526.000555604268,6207.332444395733,6366.6665,41.62086660796154,0.5984195504872725,0.005966361320415524,17.167220818499693
2018-11-02,1541116800,BTC/USD,6343.85,6381.25,6328.33,6350.43,2678.06948097,17006892.774036318,0,6374.2035,6373.806500808711,6513.250039772376,6235.156960227623,6374.2035,44.93482594694069,0.1488726523776407,0.0014876194690434039,17.111239468162296
2018-11-03,1541203200,BTC/USD,6350.05,6351.74,6312.48,6335.0,1084.13861953,6868018.154722549,0,6381.8035,6370.110643588833,6490.0519005547885,6273.555099445211,6381.8035,37.52563445270452,-0.24297567251352348,-0.0024327133742699774,17.15287976921156
2018-11-04,1541289600,BTC/USD,6333.59,6475.0,6310.57,6421.76,2673.81391399,17170591.24030442,0,6380.8045,6375.029629913706,6487.0745927356265,6274.534407264374,6380.8045,51.05191805583452,1.3695343330702547,0.013602409660539445,17.62959159565157
2018-11-05,1541376000,BTC/USD,6428.23,6441.43,6369.89,6403.2,2335.48865475,14954600.9540952,0,6377.9045,6377.712522302877,6477.918448393196,6277.8905516068035,6377.9045,49.650844809063315,-0.28901734104046506,-0.002894358026364526,10.416328646768221
2018-11-06,1541462400,BTC/USD,6404.97,6460.01,6378.24,6447.5,4270.33460011,27532982.334209222,0,6378.415,6384.358948750222,6479.800076969661,6277.029923030339,6378.415,56.12973414020535,0.691841579210406,0.006894593366085682,10.655138811151984
2018-11-07,1541548800,BTC/USD,6448.17,6544.0,6442.47,6501.0,4800.82491273,31210162.75765773,0,6383.656,6395.46762029782,6498.809957431533,6268.502042568467,6383.656,59.34979838709675,0.8297789841023695,0.008263552448968942,10.947569899981712
2018-11-08,1541635200,BTC/USD,6501.0,6511.27,6388.88,6405.49,3966.97303181,25410406.08552864,0,6384.7575,6396.4221326504085,6500.324277394744,6269.190722605255,6384.7575,51.08090521292748,-1.4691585909860083,-0.014800576067578529,11.951901157201274
2018-11-09,1541721600,BTC/USD,6405.49,6418.18,6307.0,6325.0,3218.12902607,20354666.08989275,0,6380.364500000001,6389.620024778941,6498.092750419688,6262.636249580313,6380.364500000001,43.47189130014808,-1.2565783413915232,-0.012645400541169274,12.727986368482473
2018-11-10,1541808000,BTC/USD,6325.0,6377.26,6323.0,6349.32,1523.39384996,9672515.039428024,0,6377.1615,6385.781927180948,6494.593023659478,6259.729976340523,6377.1615,45.46993415331096,0.3845059288537511,0.0038376859426622408,12.692904512431898
2018-11-11,1541894400,BTC/USD,6349.39,6365.0,6269.46,6357.54,1718.26855567,10923961.073414251,0,6374.7355,6383.0922198303815,6491.65692525527,6257.81407474473,6374.7355,46.30566879470812,0.12946268261797567,0.001293789519458808,12.706533399082737
2018-11-12,1541980800,BTC/USD,6352.57,6388.21,6298.5,6318.0,3526.03903239,22277514.606640022,0,6370.964999999999,6376.892960798917,6490.191710273627,6251.7382897263715,6370.964999999999,54.67540959784934,-0.62193867439293,-0.0062388076958116686,12.86488275783804
2018-11-13,1542067200,BTC/USD,6318.01,6328.36,6244.35,6260.91,3630.56272124,22730626.44703873,0,6363.4125,6365.846964532354,6490.577538208908,6236.247461791093,6363.4125,49.29302617870312,-0.9036087369420742,-0.009077160420564173,13.187598603554566
2018-11-14,1542153600,BTC/USD,6255.86,6298.47,5324.0,5595.91,25121.93301356,140580076.16991052,0,6323.5315,6292.519634576892,6688.628498923134,5958.434501076866,6323.5315,21.38233485451663,-10.621459180853899,-0.11228956820179486,40.657437939819935
2018-11-15,1542240000,BTC/USD,5592.23,5641.0,5199.8,5585.0,19945.90828161,111397897.75279188,0,6282.4765,6225.136812236235,6771.956588785461,5792.996411214539,6282.4765,18.736714995823277,-0.19496382179127192,-0.0019515412363703835,40.66905657087364
2018-11-16,1542326400,BTC/USD,5571.12,5610.0,5411.74,5508.71,8074.6055758,44480660.48146522,0,6237.5289999999995,6156.905687261355,6832.365418023395,5642.692581976604,6237.5289999999995,17.015173365101276,-1.3659803043867491,-0.01375395654886955,40.624351287574314
2018-11-17,1542412800,BTC/USD,5514.62,5550.66,5452.63,5503.36,2732.79162871,15039536.137777466,0,6192.4185,6094.6632408555115,6865.316619864691,5519.520380135308,6192.4185,17.150666750932203,-0.09711892620959395,-0.0009716611719546108,40.598520426163596
2018-11-18,1542499200,BTC/USD,5503.36,5658.47,5500.0,5559.26,2576.4553201,14323185.002819126,0,6157.0555,6043.672456012129,6885.593942737867,5428.517057262134,6157.0555,15.080406160423692,1.0157431096639247,0.01010619107924213,40.981558437196
2018-11-19,1542585600,BTC/USD,5553.01,5559.69,4694.44,4735.44,28910.66553331,136904721.9930575,0,6080.3545,5919.0788887728795,7044.102035984061,5116.606964015939,6080.3545,9.128337842606783,-14.818878771635081,-0.16039035853240416,67.15462230196889
2018-11-20,1542672000,BTC/USD,4732.92,4897.36,4048.58,4352.0,39775.38943928,173102494.83974656,0,5982.791,5769.83328031832,7210.453688473549,4755.128311526451,5982.791,5.965419563079465,-8.097241227847885,-0.08443913779353637,71.26986973012538
2018-11-21,1542758400,BTC/USD,4349.41,4635.0,4242.33,4538.01,20678.25000596,93838105.30954656,0,5892.642,5652.516777430861,7265.732117372456,4519.551882627544,5892.642,10.926035773859553,4.274126838235293,0.04185308041550735,73.81234510078576
2018-11-22,1542844800,BTC/USD,4551.47,4589.53,4194.98,4275.23,10258.46172893,43857283.3373734,0,5788.882,5521.346608151732,7320.765409561275,4256.998590438724,5788.882,10.24388241090493,-5.79064391660663,-0.059650687858065835,74.88358855211476
2018-11-23,1542931200,BTC/USD,4268.4,4364.46,4061.02,4288.26,13322.77736822,57131533.277043104,0,5686.545,5403.909788327757,7333.924513549878,4039.1654864501224,5686.545,11.007389822720882,0.3047789241748644,0.003043154147589569,74.93853202039861
2018-11-24,1543017600,BTC/USD,4288.25,4376.88,3638.48,3785.65,14236.74417437,53895330.58370379,0,5554.7395,5249.7898084870185,7367.921547416453,3741.5574525835464,5554.7395,8.516532415962558,-11.720604627517927,-0.12466345359806587,83.1122406528367
2018-11-25,1543104000,BTC/USD,3780.67,4120.0,3474.73,3938.89,26969.94763424,106231657.0370316,0,5431.523999999999,5124.942207678731,7334.634008651123,3528.413991348876,5431.523999999999,12.617580780275816,4.047917794830469,0.039681355068717665,85.08689324880767
2018-11-26,1543190400,BTC/USD,3934.22,4069.59,3522.28,3727.34,24357.88293934,90790111.39511956,0,5295.516,4991.837235518853,7279.968938052169,3311.06306194783,5295.516,11.980557789505212,-5.370802434188304,-0.055204115205776574,85.43691473545633
2018-11-27,1543276800,BTC/USD,3727.34,3834.35,3548.76,3771.01,16814.00296565,63405773.32349581,0,5159.0165,4875.567974993248,7169.726694023288,3148.3063059767114,5159.0165,13.314768976897724,1.1716130001556024,0.011648027565650471,85.68139694388948
2018-11-28,1543363200,BTC/USD,3771.01,4355.08,3771.0,4220.16,22983.71348838,96994948.31512174,0,5049.749999999999,4813.148167851034,7012.187288658302,3087.312711341696,5049.749999999999,28.353394697506104,11.910602199410757,0.11253017193192141,97.64267423413696
2018-11-29,1543449600,BTC/USD,4219.77,4409.77,4086.97,4249.8,15944.01262628,67758864.85916474,0,4945.99,4759.4959613890305,6842.876380616719,3049.1036193832806,4945.99,29.114525978576452,0.7023430391264851,0.006998880984375139,98.09608280078153
2018-11-30,1543536000,BTC/USD,4250.0,4300.0,3861.0,3971.06,14364.62144791,57042773.64693748,0,4827.076999999999,4684.406822209123,6650.301015697338,3003.8529843026604,4827.076999999999,27.38038147299298,-6.5588968892653865,-0.06783886142633316,99.46125765300195
2018-12-01,1543622400,BTC/USD,3970.56,4264.47,3904.34,4140.39,6412.23253743,26549143.4756498,0,4716.219500000001,4632.595696284445,6412.849406590298,3019.5895934097043,4716.219500000001,30.87279779730615,4.264100769064183,0.04175692471979755,101.55571860186126
2018-12-02,1543708800,BTC/USD,4140.4,4265.0,4030.0,4102.05,7019.16205825,28792953.721044414,0,4605.4220000000005,4582.0675347335455,6143.644393347109,3067.1996066528914,4605.4220000000005,29.448996572975872,-0.9259997246636176,-0.009303137547046151,101.33713444799196
2018-12-03,1543795200,BTC/USD,4099.63,4115.15,3747.0,3834.34,10726.6773046,41129727.85611997,0,4484.093500000001,4510.855388568446,5845.101134338695,3123.0858656613063,4484.093500000001,34.927607017168256,-6.526249070586654,-0.06748952783079418,102.43857950354558
2018-12-04,1543881600,BTC/USD,3830.81,4033.98,3730.0,3903.52,12249.9368879,47817873.640655406,0,4399.474,4453.013922990499,5677.329433886178,3121.618566113823,4399.474,41.61713358604551,1.8042218478277805,0.01788138925098327,103.34779597050058
2018-12-05,1543968000,BTC/USD,3903.52,3913.62,3662.35,3696.69,13443.22072621,49695419.62637325,0,4305.0585,4380.98307318188,5489.740704178257,3120.3762958217435,4305.0585,34.395726685955935,-5.298551051358769,-0.05444088550507051,98.86033561353506
2018-12-06,1544054400,BTC/USD,3694.03,3844.79,3415.22,3437.26,15480.96697218,53212108.53479543,0,4201.486,4291.1046852597965,5302.322398886072,3100.649601113928,4201.486,34.43852253523744,-7.017899796845284,-0.0727631822935629,100.28760849671035
2018-12-07,1544140800,BTC/USD,3437.22,3531.0,3210.0,3380.68,26513.2316249,89632751.88966693,0,4095.3520000000003,4204.397572377911,5069.739986046867,3120.9640139531334,4095.3520000000003,33.4141081871345,-1.6460785625760144,-0.01659776968126158,100.2589974110256
2018-12-08,1544227200,BTC/USD,3376.27,3495.99,3241.0,3398.8,10176.34927433,34587375.9135928,0,3987.329,4127.673994056206,4729.811384775529,3244.846615224471,3987.329,41.40909878259479,0.5359868428836956,0.005345555455042064,100.45955131010425
2018-12-09,1544313600,BTC/USD,3398.8,3633.2,3371.09,3529.75,8011.02295177,28276908.26401016,0,3927.0445,4070.728851765138,4606.921344838261,3247.1676551617393,3927.0445,40.82324759332861,3.852830410733188,0.03780461876024807,102.05348406922867
2018-12-10,1544400000,BTC/USD,3528.68,3588.43,3355.0,3408.0,10375.26877055,35358915.9700344,0,3879.8445,4007.6118182636965,4566.540281213711,3193.1487187862895,3879.8445,42.536762300062634,-3.449252779941925,-0.03510143794042814,88.98061055668128
2018-12-11,1544486400,BTC/USD,3406.41,3427.27,3292.65,3353.42,8951.71070828,30018845.723360315,0,3820.6150000000002,3945.307835571916,4471.710588600986,3169.5194113990146,3820.6150000000002,40.290095008673084,-1.6015258215962391,-0.016144888367142757,85.40266522880283
2018-12-12,1544572800,BTC/USD,3345.01,3490.0,3325.7,3430.18,7284.10378196,24985787.110803552,0,3778.3625,3896.2480417079237,4414.75118906873,3141.97381093127,3778.3625,27.78383972462514,2.2890064471494664,0.02263201733510363,84.11363919315426
2018-12-13,1544659200,BTC/USD,3430.2,3441.13,3221.14,3262.73,11715.01908312,38222944.21306812,0,3727.0860000000002,3835.912990116693,4355.702024124587,3098.4699758754136,3727.0860000000002,24.238026882422034,-4.881668017421825,-0.05004846968680039,83.51094221669884
2018-12-14,1544745600,BTC/USD,3263.55,3294.81,3135.55,3195.75,14437.50526664,46138657.45586478,0,3697.5910000000003,3774.9450862960553,4368.56673958566,3026.615260414341,3697.5910000000003,27.250159918778877,-2.0528820956683513,-0.020742466182235773,83.34616998798944
2018-12-15,1544832000,BTC/USD,3194.04,3230.0,3122.28,3179.54,5814.86853241,18488607.09353889,0,3659.6235,3718.2398399821454,4358.466320195532,2960.7806798044685,3659.6235,19.022226234307183,-0.5072361730423247,-0.005085269825370588,72.9920718605569
2018-12-16,1544918400,BTC/USD,3180.84,3259.43,3178.23,3193.78,6033.50714633,19269694.45380583,0,3632.9455000000003,3668.29128379337,4361.0289890384665,2904.862010961534,3632.9455000000003,20.255179234593285,0.44786352742849367,0.00446863603151644,71.06891522205116
2018-12-17,1545004800,BTC/USD,3191.41,3590.0,3181.26,3496.73,16389.79444903,57310685.94375667,0,3619.2314999999994,3651.952113908287,4346.6975887244935,2891.765411275506,3619.2314999999994,39.19309095332296,9.485625183951306,0.09062307779201094,77.07750647561912
2018-12-18,1545091200,BTC/USD,3499.37,3684.0,3422.77,3667.16,13792.36427592,50578806.57808279,0,3591.5815000000002,3653.4004840122598,4262.735173305515,2920.4278266944857,3591.5815000000002,42.89467671921407,4.8739822634289665,0.04758927447022747,78.92400510158424
2018-12-19,1545177600,BTC/USD,3667.16,3924.01,3642.69,3684.5,21125.61437541,77837326.16619815,0,3563.3165,3656.362342677759,4161.388578398507,2965.244421601493,3563.3165,49.58643478968903,0.47284547170016733,0.004717310690538477,67.3081663136506
2018-12-20,1545264000,BTC/USD,3684.03,4172.07,3656.75,4073.77,25986.85291601,105864461.80365406,0,3568.452,3696.1154528989246,4182.808153987257,2954.095846012743,3568.452,69.84615960239708,10.565069887365986,0.1004340294141018,76.77884070697935
2018-12-21,1545350400,BTC/USD,4073.58,4162.0,3770.0,3841.08,16967.23460506,65172505.49680386,0,3553.4865,3709.921600241884,4122.056761447094,2984.916238552906,3553.4865,62.93461892882027,-5.711908134234389,-0.05881528358275043,75.86224663596582
2018-12-22,1545436800,BTC/USD,3842.59,4010.16,3780.09,3980.9,7697.59815203,30643368.48341623,0,3547.429,3735.729066885514,4093.5288936544357,3001.3291063455645,3547.429,65.30698109833702,3.640122049007055,0.035754347329661845,75.45756047821352
2018-12-23,1545523200,BTC/USD,3977.65,4051.0,3900.0,3943.83,4609.89261726,18180632.800728507,0,3552.9034999999994,3755.5482033726075,4113.126317261992,2992.680682738007,3552.9034999999994,61.454241676532746,-0.9311964631113612,-0.009355592022797489,75.45821367514243
2018-12-24,1545609600,BTC/USD,3947.82,4236.84,3944.84,4036.0,12017.91713092,48504313.54039312,0,3559.5275,3782.257898289502,4139.973494474045,2979.0815055259554,3559.5275,67.66068977929763,2.337068281340726,0.023101770128229712,71.97775679072346
2018-12-25,1545696000,BTC/USD,4034.54,4049.23,3674.73,3779.99,11801.43441841,44609304.08724561,0,3563.6925,3782.041907976216,4149.453649882346,2977.931350117654,3563.6925,60.77528935682204,-6.343161546085241,-0.06553273836601115,75.43991456370503
2018-12-26,1545782400,BTC/USD,3780.0,3863.34,3678.8,3810.01,10064.18282348,38344637.19928704,0,3582.3299999999995,3784.705535788005,4174.834336738214,2989.825663261785,3582.3299999999995,59.82666287222208,0.7941819951904794,0.00791044968172985,72.98191304751518
2018-12-27,1545868800,BTC/USD,3810.01,3841.17,3566.0,3591.69,11850.0123819,42561570.97194641,0,3592.8805,3766.323103808195,4177.731398515718,3008.0296014842825,3592.8805,58.292328789223205,-5.730168687221293,-0.05900896998676008,71.35738108641353
2018-12-28,1545955200,BTC/USD,3590.26,3970.0,3575.0,3884.97,13055.71840689,50721074.33921544,0,3617.189,3777.6228082074144,4208.4536920279015,3025.924307972098,3617.189,65.59448280855453,8.165515398043821,0.07849241796175285,75.690532754997
2018-12-29,1546041600,BTC/USD,3884.66,3961.85,3702.51,3725.48,6901.3823318,25710961.849474262,0,3626.9754999999996,3772.656826473375,4218.625653829285,3035.325346170715,3626.9754999999996,61.600441970167005,-4.105308406499919,-0.041919559191763926,77.53918861847094
2018-12-30,1546128000,BTC/USD,3728.96,3870.0,3688.76,3835.79,5736.45370818,22003831.76929976,0,3648.3650000000002,3778.669509666387,4237.6089505715445,3059.121049428456,3648.3650000000002,63.10668512189843,2.9609607352609535,0.0291797084067981,77.12706017597523
2018-12-31,1546214400,BTC/USD,3831.03,3842.89,3630.0,3693.3,6667.16373743,24623835.83145022,0,3665.3589999999995,3770.53908017435,4238.162031928263,3092.5559680717365,3665.3589999999995,54.294340480008394,-3.7147497647159966,-0.037855043657566104,77.30845993511454
2019-01-01,1546300800,BTC/USD,3693.85,3845.46,3629.66,3823.44,5149.60627729,19689210.62484168,0,3685.022,3775.577263014888,4250.78901690332,3119.25498309668,3685.022,53.47532934238266,3.5236780115343924,0.03463017361107002,77.65569701866019
2019-01-02,1546387200,BTC/USD,3825.41,3918.67,3770.0,3885.87,5534.46951453,21506229.05242669,0,3716.179,3786.081333203946,4251.860114997673,3180.4978850023267,3716.179,54.38999611948498,1.6328227983177346,0.016196356022515526,77.51646972548475
2019-01-03,1546473600,BTC/USD,3890.27,3893.4,3760.0,3787.81,4803.2461092,18193783.64488885,0,3745.782,3786.2459681369037,4222.56742553768,3268.9965744623205,3745.782,42.85921190630774,-2.5235018155522426,-0.025558881302201554,75.73141801486697
2019-01-04,1546560000,BTC/USD,3785.64,3850.33,3732.38,3817.71,7452.05894356,28449799.949418448,0,3777.6904999999997,3789.2425426000555,4173.449919663651,3381.9310803363487,3777.6904999999997,49.350656567621186,0.7893743350379179,0.007862750749922166,75.0512716956278
2019-01-05,1546646400,BTC/USD,3822.0,3887.09,3780.0,3791.84,3656.37531439,13864390.172116578,0,3807.5935,3789.4899194952886,4092.4152022554,3522.7717977446,3807.5935,44.39177484040912,-0.6776313549221924,-0.006799377011095738,75.09261205600832
2019-01-06,1546732800,BTC/USD,3795.38,4090.0,3753.0,4040.71,5400.71486407,21822722.558396287,0,3834.7925000000005,3813.4156414481185,4097.670352274992,3571.914647725009,3834.7925000000005,52.553021039760516,6.563304358833699,0.06356902969664632,77.45769434950088
2019-01-07,1546819200,BTC/USD,4040.71,4070.0,3964.01,4005.45,7445.09600426,29820959.790263217,0,3851.707,3831.7046279768692,4112.696596818027,3590.717403181973,3851.707,49.17003993588524,-0.8726189209322222,-0.008764485347376247,72.08228114912825
2019-01-08,1546905600,BTC/USD,4005.0,4112.0,3934.73,3994.9,11819.98676966,47219665.14611473,0,3867.2270000000003,3847.2470443600246,4123.219435013373,3611.2345649866274,3867.2270000000003,56.737032834061665,-0.2633911295859326,-0.0026373861431841132,70.55568238631842
2019-01-09,1546992000,BTC/USD,3994.75,4060.0,3948.44,4002.13,7390.13399203,29576276.953523025,0,3863.6449999999995,3861.997802040022,4109.2633587791015,3618.0266412208975,3863.6449999999995,56.10990968070221,0.18098075045682727,0.0018081717762380538,70.55954872591118
2019-01-10,1547078400,BTC/USD,4003.09,4036.22,3503.44,3627.51,16118.42088248,58469732.93540503,0,3852.9665,3839.665630417163,4120.323839453899,3585.6091605461006,3852.9665,51.03615851894707,-9.360515525482683,-0.09828025690016687,69.89266248340071
2019-01-11,1547164800,BTC/USD,3627.65,3704.6,3569.85,3632.02,10571.08164263,38394379.94766501,0,3835.5225,3819.889856091719,4113.065957300648,3557.9790426993527,3835.5225,41.21536677015829,0.1243277068843307,0.001242504839905101,67.1661358919421
2019-01-12,1547251200,BTC/USD,3631.0,3650.35,3557.09,3617.13,3184.35219414,11518215.851989618,0,3819.1875,3800.5793936067935,4108.1137829965255,3530.261217003475,3819.1875,45.8170222294287,-0.4099647028375397,-0.004108073619839863,65.69654849731955
2019-01-13,1547337600,BTC/USD,3617.75,3654.02,3476.0,3515.95,5908.52280454,20774070.75462241,0,3793.185,3773.471832310908,4093.341137229806,3493.028862770194,3793.185,37.564541213063755,-2.7972453298609756,-0.028371134695506905,66.19963874749305
2019-01-14,1547424000,BTC/USD,3517.03,3714.0,3506.0,3664.28,9925.99072165,36371609.28152766,0,3787.3994999999995,3763.07261018606,4093.0370761203435,3481.7619238796556,3787.3994999999995,48.87679588803567,4.218774442184903,0.04132210408958989,67.47897313069386
2019-01-15,1547510400,BTC/USD,3664.28,3687.02,3534.68,3576.93,8059.8173777,28829402.57281646,0,3775.7455,3745.3447425492923,4095.214770114118,3456.276229885882,3775.7455,40.13210039630118,-2.3838243802329573,-0.024126972492286496,64.21345459048588
2019-01-16,1547596800,BTC/USD,3576.92,3669.0,3570.48,3605.91,7675.06606371,27675597.469792526,0,3776.4565000000002,3732.0652432588836,4094.259974082374,3458.6530259176266,3776.4565000000002,38.484698914116485,0.8101919802735891,0.008069275453225395,64.21676279362323
2019-01-17,1547683200,BTC/USD,3609.5,3660.0,3534.25,3638.01,7499.52552971,27283348.87234028,0,3764.1085,3723.107601043752,4083.3471568926407,3444.869843107359,3764.1085,43.484917017501154,0.8902052463871879,0.008862662788212176,60.927440629968665
2019-01-18,1547769600,BTC/USD,3638.01,3641.9,3577.0,3609.21,5023.5102908,18130903.576658268,0,3758.2950000000005,3712.2602104681564,4084.6508661159664,3431.9391338840346,3758.2950000000005,40.92325909415432,-0.7916415842727287,-0.007947917023731783,53.96553527669442
2019-01-19,1547856000,BTC/USD,3609.29,3774.0,3602.6,3681.0,4080.88346413,15021732.03146253,0,3750.5555,3709.2830475664273,4076.5147366182073,3424.5962633817926,3750.5555,45.36024647120874,1.9890779422643723,0.019695542565406468,52.64410886188322
2019-01-20,1547942400,BTC/USD,3680.0,3703.27,3470.0,3536.72,5591.01583422,19773857.52120256,0,3742.7264999999998,3692.8484716077196,4081.7363050621907,3403.716694937809,3742.7264999999998,26.87843504271153,-3.919587068731334,-0.03998471043970503,53.168537851918884
2019-01-21,1548028800,BTC/USD,3537.42,3573.29,3485.58,3531.51,5821.89983137,20560097.473481476,0,3728.13,3677.482902883175,4077.488182116098,3378.7718178839023,3728.13,27.640542733671793,-0.14731163337781128,-0.0014742024364125983,51.711760548856866
2019-01-22,1548115200,BTC/USD,3531.51,3615.8,3401.36,3576.81,6877.0636755,24597950.125165157,0,3712.6769999999997,3667.895007370492,4059.992370967675,3365.3616290323243,3712.6769999999997,30.90163260458445,1.2827374126082036,0.012745800208083235,50.28750304752697
2019-01-23,1548201600,BTC/USD,3574.44,3620.23,3518.0,3552.32,6170.84267224,21920807.8414516,0,3700.9025,3656.8878638113974,4053.421096920257,3348.3839030797435,3700.9025,29.771637750375504,-0.6846883116519931,-0.0068704305667043625,49.80038748776258
2019-01-24,1548288000,BTC/USD,3553.2,3598.0,3524.0,3570.73,4488.01463801,16025488.508381449,0,3688.5535000000004,3648.6823529722164,4041.147017944862,3335.959982055139,3688.5535000000004,46.242820465313244,0.518252860102697,0.005169145518567335,49.28044590904866
2019-01-25,1548374400,BTC/USD,3570.67,3578.79,3511.0,3560.0,4961.79512299,17663990.6378444,0,3676.9615000000003,3640.23641459391,4030.5002447715315,3323.422755228469,3676.9615000000003,45.273285729287,-0.30049877756088694,-0.003009511816773439,49.1274335864775
2019-01-26,1548460800,BTC/USD,3560.94,3657.89,3536.51,3555.56,2697.88387935,9592488.006061686,0,3652.704,3632.1719941563947,3965.369160089161,3340.038839910839,3652.704,45.90292657607899,-0.12471910112359375,-0.0012479694012131565,49.11564674026543
2019-01-27,1548547200,BTC/USD,3555.31,3564.12,3456.0,3533.23,3852.6596409,13612332.623017106,0,3629.093,3622.748947093881,3897.833667725176,3360.3523322748238,3629.093,51.28468195200286,-0.6280304649619151,-0.006300108723484604,42.71937973246307
2019-01-28,1548633600,BTC/USD,3532.23,3536.77,3357.3,3429.5,10345.1009104,35478523.5722168,0,3600.8229999999994,3604.3442854658924,3822.344576577491,3379.301423422508,3600.8229999999994,31.305538745740023,-2.935840576469695,-0.02979798878200231,43.481210763261736
2019-01-29,1548720000,BTC/USD,3431.43,3438.76,3322.19,3390.5,7284.38686266,24697713.65784873,0,3570.2415,3583.9781630405696,3713.5666624873093,3426.916337512691,3570.2415,33.91707931468798,-1.1371920104971567,-0.011437074815479257,43.466807736038426
2019-01-30,1548806400,BTC/USD,3391.25,3465.05,3372.34,3437.35,5704.02340186,19606724.84038347,0,3560.7335,3570.013576084325,3713.012616209656,3408.454383790344,3560.7335,35.893616309041604,1.3818020940864262,0.013723422535199828,43.99186913472191
2019-01-31,1548892800,BTC/USD,3438.0,3474.2,3392.6,3413.11,5951.8181698,20314210.11352608,0,3549.7880000000005,3555.0703783620083,3711.6601178972555,3387.9158821027454,3549.7880000000005,30.927747625508772,-0.7051944084832784,-0.007076926561822838,29.00248689286637
2019-02-01,1548979200,BTC/USD,3413.69,3460.0,3364.53,3434.83,6659.84752495,22875444.07412401,0,3540.6730000000002,3543.6189137561028,3707.04670707289,3374.2992929271104,3540.6730000000002,35.03227357000614,0.6363697624746978,0.006343534795905431,29.1477805385715
2019-02-02,1549065600,BTC/USD,3434.83,3485.0,3406.38,3462.82,3051.95860768,10568383.305846458,0,3538.0165,3535.9237791126643,3707.7157525242274,3368.317247475773,3538.0165,29.75014850014847,0.8148874907928594,0.008115852104626474,29.377843736490373
2019-02-03,1549152000,BTC/USD,3470.5,3476.33,3384.67,3414.82,2813.89222442,9608935.445793904,0,3525.5435000000007,3524.3900858638394,3692.820839239578,3358.266160760423,3525.5435000000007,36.22412078473918,-1.3861534818442767,-0.013958503020424286,28.15104559141227
2019-02-04,1549238400,BTC/USD,3413.75,3439.46,3394.85,3410.87,3244.08497898,11065152.132253513,0,3517.2405,3513.5786491149024,3690.1680827133255,3344.3129172866743,3517.2405,36.32757604605824,-0.11567227555187021,-0.0011573922756345036,23.490400109596862
2019-02-05,1549324800,BTC/USD,3409.81,3435.0,3396.0,3431.39,4045.62530164,13882118.20379448,0,3508.5144999999998,3505.751158723007,3680.211248397993,3336.8177516020064,3508.5144999999998,32.53842459173869,0.6016060418602809,0.005998036180932003,22.437637683910314
2019-02-06,1549411200,BTC/USD,3431.81,3445.6,3328.7,3364.62,6137.40639817,20650040.315410744,0,3494.845,3492.3100959874823,3666.6639755494625,3323.026024450537,3494.845,29.5391122351094,-1.9458586753473117,-0.01965039737228514,22.923108817795875
2019-02-07,1549497600,BTC/USD,3364.0,3383.29,3350.0,3359.33,4293.5558141,14423470.852980552,0,3482.3509999999997,3479.6453249410556,3655.49002110253,3309.211978897469,3482.3509999999997,26.277044618008787,-0.15722429278789418,-0.0015734801988214581,22.506819420854836
2019-02-08,1549584000,BTC/USD,3358.39,3711.04,3337.91,3622.94,14388.64754224,52129206.72668298,0,3479.4479999999994,3493.2924368514314,3640.056459189046,3318.8395408109527,3479.4479999999994,54.50575568409599,7.84710046348529,0.0755443015852077,35.435769106600134
2019-02-09,1549670400,BTC/USD,3626.12,3639.74,3589.52,3622.62,4054.50461695,14687929.51545541,0,3483.743,3505.6093476274855,3655.038875530047,3312.447124469953,3483.743,54.82918539002188,-0.008832605563446894,-8.83299566102278e-05,34.71844624215903
2019-02-10,1549756800,BTC/USD,3622.74,3662.43,3576.16,3650.37,4155.50568273,15169133.279067112,0,3489.686,3519.396076424868,3675.5848414700863,3303.787158529914,3489.686,58.37025180781432,0.7660201732447858,0.007631011361803845,31.73000289382576
2019-02-11,1549843200,BTC/USD,3651.32,3652.56,3578.7,3588.7,7931.40887407,28463447.026375007,0,3490.2805,3525.9964500986903,3677.4243589341427,3303.136641065857,3490.2805,62.10315046831284,-1.6894177850464542,-0.01703851239148258,32.36591265445748
2019-02-12,1549929600,BTC/USD,3588.99,3619.93,3548.28,3585.94,10074.81670532,36127688.2162752,0,3491.9615,3531.705359613101,3682.0328100860165,3301.8901899139832,3491.9615,65.72476828012358,-0.07690807256108823,-0.0007693766199129322,32.07283764061197
2019-02-13,1550016000,BTC/USD,3585.7,3629.81,3541.0,3574.93,7992.74321134,28573497.488515705,0,3492.1714999999995,3535.8219920309007,3682.61815077522,3301.724849224779,3492.1714999999995,61.74692622950818,-0.30703246568543063,-0.0030750477737493554,31.995441374766198
2019-02-14,1550102400,BTC/USD,3575.01,3590.74,3531.01,3560.46,5910.24312876,21043184.250224832,0,3492.1945,3538.1684689803387,3682.675749525964,3301.713250474036,3492.1945,62.79457478769774,-0.4047631701879384,-0.004055845534949451,31.978211002249356
2019-02-15,1550188800,BTC/USD,3560.45,3620.53,3544.88,3566.29,6234.76805726,22234990.974925768,0,3492.7309999999998,3540.8467100298303,3684.0224312245055,3301.439568775494,3492.7309999999998,61.73875772404185,0.16374288715503837,0.0016360897465110642,31.966124749043512
2019-02-16,1550275200,BTC/USD,3566.29,3609.0,3561.96,3579.92,3442.47630393,12323789.769965086,0,3495.0654999999997,3544.567975741275,3689.5508994247202,3300.580100575279,3495.0654999999997,60.731698376040164,0.38218989482066146,0.003814614047956891,31.987643473281302
2019-02-17,1550361600,BTC/USD,3580.43,3663.34,3553.98,3625.6,5012.46127538,18173179.600017726,0,3504.8705,3552.285311384963,3705.125269678191,3304.6157303218088,3504.8705,69.3995508596252,1.2760061677355772,0.012679338057339944,32.16750380479213
2019-02-18,1550448000,BTC/USD,3625.6,3916.47,3614.82,3869.8,15567.08485429,60241504.96913145,0,3528.8355,3582.524805538776,3779.766765447058,3277.9042345529424,3528.8355,79.28679914742634,6.735436893203883,0.06518303426814116,37.07667520607485
2019-02-19,1550534400,BTC/USD,3870.97,4000.0,3840.08,3888.46,12525.13651013,48703492.3141801,0,3551.3909999999996,3611.6614907255594,3845.1420752802987,3257.6399247197005,3551.3909999999996,79.23751039467793,0.4821954622977964,0.00481036623730077,36.55105881244568
2019-02-20,1550620800,BTC/USD,3889.92,3967.52,3861.49,3936.53,9854.35493853,38791963.8461715,0,3577.5619999999994,3642.6013487516966,3910.1398221945897,3244.984177805409,3577.5619999999994,87.48017563405205,1.2362220519177347,0.012286432239460177,36.5187783932247
2019-02-21,1550707200,BTC/USD,3936.8,3989.99,3866.25,3900.4,8055.79892817,31420838.13943427,0,3600.8405,3667.1536012515353,3955.7762884995514,3245.9047115004482,3600.8405,84.0814321168067,-0.9178134041910035,-0.009220512617625255,36.62626684888342
2019-02-22,1550793600,BTC/USD,3900.64,3957.0,3882.59,3939.82,6593.85993401,25978621.24521128,0,3624.6904999999997,3693.12182970377,4003.8539029917983,3245.527097008201,3624.6904999999997,77.81601123595505,1.0106655727617708,0.010055925008223618,36.64869041014908
2019-02-23,1550880000,BTC/USD,3939.83,4157.87,3905.63,4113.53,7966.31721086,32769684.83638893,0,3659.6259999999993,3733.160703065316,4083.4908881261695,3235.761111873829,3659.6259999999993,83.03611084940579,4.4090846789954785,0.04314650367264159,38.7861799171225
2019-02-24,1550966400,BTC/USD,4113.56,4190.0,3714.42,3730.68,13737.01398845,51248403.34643064,0,3675.6165,3732.924445630524,4083.8081623247854,3267.424837675215,3675.6165,53.65680408709668,-9.307091476177398,-0.09769101798959319,53.04017022266255
2019-02-25,1551052800,BTC/USD,3733.78,3861.81,3732.6,3820.71,8835.36224921,33757356.89917914,0,3695.0824999999995,3741.284974618093,4091.188305902114,3298.9766940978852,3695.0824999999995,60.29828221403525,2.4132329762938776,0.02384574655218053,53.42698709954601
2019-02-26,1551139200,BTC/USD,3817.93,3830.0,3760.09,3795.06,6543.16453722,24831702.00862213,0,3716.6045000000004,3746.406405606846,4082.7509193459864,3350.4580806540143,3716.6045000000004,59.09739502671097,-0.6713411905117095,-0.006736048222987417,53.590980703624325
2019-02-27,1551225600,BTC/USD,3794.42,3822.85,3658.19,3798.47,7602.29984472,28877107.89117357,0,3738.5615000000007,3751.3648431680986,4065.0144938466838,3412.1085061533176,3738.5615000000007,59.7894441816876,0.08985365185267824,0.0008981330762428822,52.87786465660631
2019-02-28,1551312000,BTC/USD,3796.49,3897.62,3755.0,3791.36,6747.88027166,25583643.346760858,0,3746.9824999999996,3755.1739057235177,4069.5433003656262,3424.421699634373,3746.9824999999996,60.17736560940779,-0.18718062798968038,-0.0018735602984018599,52.88322134495479
2019-03-01,1551398400,BTC/USD,3791.02,3845.3,3789.5,3807.05,4761.41015902,18126926.545897093,0,3756.204,3760.1144861308017,4074.3093562925123,3438.098643707488,3756.204,60.52052017059359,0.41383566846724396,0.004129817238058051,46.39815460248269
2019-03-02,1551484800,BTC/USD,3805.0,3818.75,3760.0,3810.46,3259.74312485,12421120.787515933,0,3764.2084999999997,3764.909296975487,4079.141666396811,3449.2753336031883,3764.2084999999997,60.16472372621295,0.08957066495054455,0.0008953057436826084,46.392864420085814
2019-03-03,1551571200,BTC/USD,3810.47,3822.39,3756.0,3789.52,2508.08649072,9504443.918313254,0,3774.2495000000004,3767.253173454012,4078.2369569778793,3470.2620430221214,3774.2495000000004,57.38857637386413,-0.5495399505571541,-0.005510554761727364,46.42975969318014
2019-03-04,1551657600,BTC/USD,3789.7,3806.9,3670.0,3698.66,7293.71962839,26976989.04074096,0,3779.8854999999994,3760.7204902679155,4073.163809101356,3486.607190898643,3779.8854999999994,41.04860137665541,-2.3976651396482973,-0.024268770105683825,46.86455221405734
2019-03-05,1551744000,BTC/USD,3698.65,3877.1,3690.0,3844.07,7280.82397551,27987997.019538727,0,3793.3425,3768.6585388138283,4071.32351691318,3515.3614830868205,3793.3425,47.950013392568515,3.931423812948487,0.03856110924849073,48.58027378237521
2019-03-06,1551830400,BTC/USD,3844.07,3895.12,3808.8,3851.55,6402.67507493,24660223.184846643,0,3807.897,3776.5529636887018,4064.17236679554,3551.62163320446,3807.897,45.922656175031186,0.19458542638401966,0.0019439635417479344,48.52823965485313
2019-03-07,1551916800,BTC/USD,3851.26,3891.04,3826.13,3856.64,7964.50825371,30716241.11158813,0,3822.4145000000003,3784.180300480254,4052.633084324315,3592.1959156756857,3822.4145000000003,47.83593456372518,0.13215458711426376,0.0013206733979888063,48.45776651402288
2019-03-08,1552003200,BTC/USD,3856.78,3924.37,3760.1,3844.64,7707.39667049,29632165.535232674,0,3835.6505000000006,3789.938367101182,4035.6185975078806,3635.6824024921207,3835.6505000000006,45.16184783050707,-0.31115167607036476,-0.0031163675938923204,48.512504128917655
2019-03-09,1552089600,BTC/USD,3841.27,3950.25,3835.66,3916.43,5125.89830383,20075221.894068927,0,3850.192,3801.9851892820216,4026.776198330049,3673.607801669951,3850.192,38.822982352674316,1.8672749594240257,0.01850055407864966,48.78746877013295
2019-03-10,1552176000,BTC/USD,3916.42,3916.43,3862.0,3897.92,3000.60671855,11696124.940370416,0,3851.5979999999995,3811.121837921829,4029.283915873672,3673.912084126327,3851.5979999999995,66.16220186323402,-0.4726243032557642,-0.004737447034990262,48.78263160888176
2019-03-11,1552262400,BTC/USD,3898.14,3912.89,3812.64,3849.25,6612.11516125,25451684.28444156,0,3849.6375,3814.7530914530835,4026.4741401538968,3672.800859846103,3849.6375,52.997773202806606,-1.2486146457597935,-0.012564753401565975,43.53832240263868
2019-03-12,1552348800,BTC/USD,3848.86,3877.69,3791.07,3859.74,5794.61473428,22365706.274489887,0,3845.7980000000002,3819.037558933742,4017.9638355523703,3673.63216444763,3845.7980000000002,57.017315453716954,0.27252062090017404,0.002721499567275849,43.51371628994298
2019-03-13,1552435200,BTC/USD,3861.37,3874.68,3820.0,3848.48,4275.54000025,16454330.18016212,0,3843.2019999999998,3821.841600940052,4013.4563832494673,3672.9476167505322,3843.2019999999998,55.334855240980595,-0.2917294947327953,-0.002921558546369121,43.27537247828582
2019-03-14,1552521600,BTC/USD,3848.1,3903.98,3775.01,3854.77,5167.56617609,19919779.06860645,0,3838.9495,3824.9776389457616,4003.1850445209056,3674.7139554790947,3838.9495,56.776165338006784,0.16344115079200972,0.001633077310984873,43.18125891306636
2019-03-15,1552608000,BTC/USD,3857.33,3912.06,3843.09,3901.21,6411.98332751,25014493.47711529,0,3828.3335000000006,3832.23786380807,3935.302429733314,3721.364570266687,3828.3335000000006,59.44168137333546,1.2047411389006335,0.011975418966507232,43.24579159309108
2019-03-16,1552694400,BTC/USD,3899.19,4040.0,3899.12,3990.0,6959.47788339,27768316.7547261,0,3841.2995,3847.2628291596825,3960.5856925211096,3722.0133074788905,3841.2995,65.37104893668027,2.2759605353210866,0.02250446947548225,41.16371088755898
2019-03-17,1552780800,BTC/USD,3990.0,3992.42,3927.28,3965.5,2711.95016796,10754238.39104538,0,3848.5390000000007,3858.5235120968555,3979.5611429131377,3717.5168570868636,3848.5390000000007,64.97498213009294,-0.6140350877193002,-0.006159280360534849,21.9081567355257
2019-03-18,1552867200,BTC/USD,3965.63,4016.63,3929.83,3969.59,5420.23037801,21516092.30624472,0,3857.2655,3869.1012728495357,3996.294171256845,3718.236828743155,3857.2655,77.04918032786891,0.10313957886773917,0.0010308642654834018,20.543706553081122
2019-03-19,1552953600,BTC/USD,3969.94,4012.63,3947.15,3998.13,5317.45055524,21259858.5884217,0,3867.2484999999992,3881.3897230543416,4016.777800110186,3717.7191998898124,3867.2484999999992,70.06303068187742,0.7189659385478109,0.007163937000974724,20.377876336543025
2019-03-20,1553040000,BTC/USD,3999.5,4050.0,3962.6,4031.59,6244.95370182,25177092.89472049,0,3879.2599999999998,3895.69451133488,4041.2014102005915,3717.318589799408,3879.2599999999998,71.96038251366124,0.8368912466578227,0.008334087283012302,20.467650179982975
2019-03-21,1553126400,BTC/USD,4033.7,4055.35,3919.63,3974.21,7561.75989694,30052021.80001792,0,3887.618,3903.1721769220344,4051.1146226751366,3724.1213773248633,3887.618,62.71824495359255,-1.4232598056846069,-0.014334852874612931,21.26849566293058
2019-03-22,1553212800,BTC/USD,3974.5,4000.81,3958.94,3982.07,3453.36892821,13751556.807957197,0,3896.1985,3910.6862553104124,4060.6550311047777,3731.7419688952223,3896.1985,65.00098238260532,0.1977751553138951,0.001975798377376256,21.257503340065988
2019-03-23,1553299200,BTC/USD,3980.4,4001.17,3957.11,3982.52,2259.5645261,8998760.916483771,0,3905.8485,3917.5275643284685,4066.555434615596,3745.141565384404,3905.8485,58.544721123264324,0.011300655186863295,0.0001130001671092589,21.265002612623256
2019-03-24,1553385600,BTC/USD,3979.19,3980.97,3942.04,3969.99,2204.06560941,8750118.428701606,0,3919.415,3922.5239867733762,4049.340463250695,3789.489536749305,3919.415,59.46421536441231,-0.3146249108604615,-0.0031512089563411876,21.17407817600297
2019-03-25,1553472000,BTC/USD,3970.23,3980.22,3850.45,3910.51,6913.36709721,27034791.16731068,0,3922.737,3921.379797556864,4047.85983633909,3797.61416366091,3922.737,57.82255593012569,-1.4982405497242945,-0.015095775530232378,19.930330932639777
2019-03-26,1553558400,BTC/USD,3910.0,3936.36,3879.5,3922.58,4315.60487708,16928305.378736466,0,3926.2884999999997,3921.4941025514486,4046.8528418169262,3805.724158183073,3926.2884999999997,57.99206389581323,0.3086553927748481,0.003081800299216102,15.07376582483993
2019-03-27,1553644800,BTC/USD,3922.58,4037.11,3912.19,4025.5,8151.67504888,32814567.90926644,0,3934.7314999999994,3931.3994261179773,4058.3703506981433,3811.0926493018555,3934.7314999999994,68.25701320132013,2.623783326280149,0.0258995261846757,17.37832105328398
2019-03-28,1553731200,BTC/USD,4025.5,4025.56,3992.6,4012.23,3927.54682157,15758221.1839078,0,3943.111,3939.0975760115034,4063.7203340058095,3822.5016659941903,3943.111,66.00919110171216,-0.32964849087070425,-0.0033019302854450988,17.478048174289338
2019-03-29,1553817600,BTC/USD,4011.0,4102.57,4005.0,4090.0,8391.03462414,34319331.612732604,0,3951.7895000000003,3953.4692354389795,4088.2520105250424,3815.3269894749583,3951.7895000000003,68.04496186270575,1.9383235756673889,0.019197773582256963,18.360781834003948
2019-03-30,1553904000,BTC/USD,4090.0,4130.36,4040.0,4094.92,3923.1364664,16064929.978990689,0,3961.6395,3966.9407368257434,4109.678290577463,3813.600709422538,3961.6395,61.94335670703945,0.12029339853301124,0.0012022110399558734,17.47057192599243
2019-03-31,1553990400,BTC/USD,4094.92,4101.7,4074.29,4096.08,2402.58820541,9841193.496415792,0,3973.9810000000007,3979.2397142709106,4123.714196111421,3824.24780388858,3973.9810000000007,65.69848521279154,0.028327781739312385,0.00028323770180793516,17.307998653826647
2019-04-01,1554076800,BTC/USD,4092.02,4150.0,4052.56,4136.32,7232.98731201,29917950.0784132,0,3987.81,3994.199741483205,4144.064355798998,3831.555644201002,3987.81,68.44154407698262,0.9824026874475145,0.009776084855864647,16.59603312592132
2019-04-02,1554163200,BTC/USD,4133.93,5080.0,4130.64,4899.63,30686.17351442,150350896.33645767,0,4040.3675000000003,4080.4311946752805,4469.008021693564,3611.7269783064366,4040.3675000000003,87.97964307982677,18.453843029552843,0.16935318840912145,59.81484354008424
2019-04-03,1554249600,BTC/USD,4899.01,5345.0,4800.5,4978.23,29321.27268405,145968039.31391823,0,4096.5405,4165.935842801444,4686.770041128601,3506.3109588713987,4096.5405,88.42007857397968,1.6042027663313307,0.015914714111096354,59.603702085055396
2019-04-04,1554336000,BTC/USD,4972.83,5077.35,4778.59,4907.94,15898.11514808,78026995.25986774,0,4146.8769999999995,4236.602905391783,4831.182519336615,3462.5714806633837,4146.8769999999995,87.50311277482791,-1.4119476199372039,-0.014220104337492157,60.2096548158517
2019-04-05,1554422400,BTC/USD,4911.14,5067.62,4883.83,5039.73,13023.7465161,65636166.029584646,0,4199.3634999999995,4313.091200116375,4986.333858681965,3412.3931413180344,4199.3634999999995,88.6345704266511,2.6852406508637072,0.026498207384641113,60.43380116673786
2019-04-06,1554508800,BTC/USD,5041.0,5240.0,4900.0,5041.39,10049.84478829,50665187.01723733,0,4253.157999999999,4382.4529905814825,5116.227267979912,3390.0887320200877,4253.157999999999,88.6446084335151,0.03293827248682657,0.00032932849028750736,60.4452996689667
2019-04-07,1554595200,BTC/USD,5041.92,5253.49,5028.3,5190.85,10872.51935616,56437617.09992314,0,4314.221,4459.443181954674,5261.51657919085,3366.925420809149,4314.221,90.50791670537649,2.964658556469546,0.02921562255115477,60.41197942974167
2019-04-08,1554681600,BTC/USD,5192.92,5347.37,5127.68,5287.88,13344.98151487,70566660.85285078,0,4378.708500000001,4538.34192653042,5407.497048481222,3349.9199515187793,4378.708500000001,94.5897998692125,1.8692507007522785,0.01851994914118852,60.28552244988051
2019-04-09,1554768000,BTC/USD,5287.97,5288.95,5136.01,5192.6,9410.35350033,48864201.58581356,0,4436.759,4600.652219241809,5513.005775437084,3360.5122245629163,4436.759,89.01271733120356,-1.8018563204913796,-0.018182874273669613,61.26092055675695
2019-04-10,1554854400,BTC/USD,5184.03,5466.06,5161.0,5323.47,10723.93474696,57088544.90739916,0,4504.222,4669.492007885446,5626.5540195982785,3381.889980401721,4504.222,89.19820010267873,2.520317374725578,0.024890811237727538,61.389176475524124
2019-04-11,1554940800,BTC/USD,5323.47,5344.31,4966.87,5040.2,15052.95606333,75869909.15039587,0,4557.1285,4704.797530943974,5675.57538094074,3438.68161905926,4557.1285,76.69150676394983,-5.321153307898808,-0.05467958253076564,65.1480475606633
2019-04-12,1555027200,BTC/USD,5037.82,5122.48,4912.0,5076.35,8057.03847684,40900347.27190673,0,4611.82,4740.183480377881,5718.876705189964,3504.7632948100354,4611.82,76.1766001602947,0.7172334431173377,0.007146735570091557,65.07923435611475
2019-04-13,1555113600,BTC/USD,5075.74,5122.01,5033.73,5063.63,4520.43702971,22889820.55675045,0,4666.502,4770.987910818083,5747.813407516841,3585.19059248316,4666.502,75.60245899472996,-0.2505737390053886,-0.0025088820041375996,65.14365524932954
2019-04-14,1555200000,BTC/USD,5064.0,5185.26,5012.73,5162.72,3443.44728316,17777554.157715797,0,4729.1125,4808.295728835408,5770.384001617002,3687.840998382999,4729.1125,76.80323255065937,1.956896534699415,0.01937995498968125,64.97527775055968
2019-04-15,1555286400,BTC/USD,5160.54,5192.01,4948.57,5027.31,7423.01375858,37317791.29864682,0,4784.349,4829.154230851083,5760.655225922741,3808.0427740772593,4784.349,71.36738403687414,-2.6228422227043025,-0.02657852258394707,65.70760437448993
2019-04-16,1555372800,BTC/USD,5027.33,5231.96,5014.77,5202.43,7675.40412015,39930752.65679197,0,4843.1955,4864.704304103361,5767.402981683473,3918.988018316527,4843.1955,60.11531728957602,3.4833738122375557,0.03424077431813742,66.06255744658051
2019-04-17,1555459200,BTC/USD,5201.47,5275.07,5170.01,5233.72,6741.07720986,35280910.61478848,0,4904.2699999999995,4899.848656093518,5755.851971899304,4052.688028100695,4904.2699999999995,58.81346460332684,0.6014497071560765,0.005996482181628936,65.94951236620304
2019-04-18,1555545600,BTC/USD,5227.6,5325.0,5218.23,5281.58,6375.89568714,33674803.14328488,0,4963.849,4936.20402217985,5738.852615473199,4188.845384526801,4963.849,63.09180098107919,0.9144547281856763,0.009102989071245066,65.7146144754449
2019-04-19,1555632000,BTC/USD,5283.0,5357.96,5180.37,5289.91,5285.60637017,27960381.993625987,0,5023.5985,4969.890305781769,5693.692520529322,4353.504479470678,5023.5985,59.59617656535281,0.15771795561176916,0.0015759371146388866,65.79170712406905
2019-04-20,1555718400,BTC/USD,5289.91,5362.97,5253.82,5318.89,3665.56962108,19496761.601866204,0,5084.739,5003.128371897791,5604.863837238426,4564.614162761573,5084.739,60.425589468464004,0.5478354074077041,0.005463402474311203,65.71806446448402
2019-04-21,1555804800,BTC/USD,5318.94,5346.91,5212.8,5295.65,4631.03916752,24524362.56747729,0,5142.7055,5030.987574574192,5419.07265392405,4866.33834607595,5142.7055,54.34984725727184,-0.436933269911588,-0.0043789061297467785,65.8465662450815
2019-04-22,1555891200,BTC/USD,5295.96,5439.12,5249.0,5386.8,7127.11186779,38392326.20941117,0,5167.064,5064.874472233792,5439.065940273018,4895.062059726983,5167.064,54.12593012779872,1.721224023490997,0.017065787756218375,65.86073936519585
2019-04-23,1555977600,BTC/USD,5388.22,5627.0,5363.24,5531.32,10132.40317154,56045564.31080263,0,5194.718500000001,5109.297855830574,5496.697146947566,4892.739853052436,5194.718500000001,63.570512820512775,2.6828543847924546,0.026474968467506046,33.80254161010619
2019-04-24,1556064000,BTC/USD,5531.29,5623.3,5372.0,5440.95,10521.03763127,57244439.6998585,0,5221.369000000001,5140.8837743229005,5510.593298601884,4932.144701398117,5221.369000000001,54.8645962732919,-1.6337872334270975,-0.01647280708691762,34.434371801040534
2019-04-25,1556150400,BTC/USD,5440.95,5510.0,4991.42,5132.55,9893.93590864,50781120.74789024,0,5226.01,5140.090081530243,5505.786644600396,4946.233355399604,5226.01,53.74605518282049,-5.66812780856284,-0.058351066269629895,40.30683223906187
2019-04-26,1556236800,BTC/USD,5132.5,5291.48,5046.31,5155.19,15033.1017793,77498495.96162955,0,5231.7,5141.528169003553,5500.063272098147,4963.336727901853,5231.7,53.23347988713168,0.44110627271043423,0.004401362504977571,39.33886120654434
2019-04-27,1556323200,BTC/USD,5154.11,5218.31,5113.0,5168.91,4041.33355341,20889289.417556483,0,5230.603,5144.1359624317865,5499.847287833974,4961.358712166026,5230.603,54.31432973805854,0.2661395603265948,0.002657860361050314,39.341542408577745
2019-04-28,1556409600,BTC/USD,5171.51,5213.23,5099.0,5160.98,3957.25435637,20423310.58813844,0,5224.258,5145.740156485902,5493.799848297916,4954.716151702084,5224.258,49.92293792517004,-0.15341725818402985,-0.0015353506296356537,38.0006648336885
2019-04-29,1556496000,BTC/USD,5152.98,5191.96,5071.58,5149.11,5753.61513714,29625997.238798942,0,5222.0835,5146.061093963434,5493.396588460864,4950.770411539135,5222.0835,56.0571701378528,-0.22999507845409273,-0.0023025997337612274,37.38259693937437
2019-04-30,1556582400,BTC/USD,5150.21,5287.4,5127.05,5269.0,5055.2728357,26636232.571303297,0,5219.36,5157.769561205012,5487.462434627757,4951.257565372242,5219.36,53.502983613803536,2.3283635424374394,0.02301670701980962,37.75599242120561
2019-05-01,1556668800,BTC/USD,5267.86,5357.96,5263.03,5318.42,4209.28441353,22386742.410606224,0,5233.271,5173.069602995011,5490.899499560822,4975.642500439178,5233.271,54.37355419695967,0.9379388878345107,0.009335675534200432,36.874211544121664
2019-05-02,1556755200,BTC/USD,5322.28,5422.94,5304.99,5385.0,5908.52172325,31817389.47970125,0,5248.7035,5193.25345032882,5503.717784866471,4993.689215133528,5248.7035,55.23889609337008,1.2518755570263274,0.012441043847002724,31.24453737869617
2019-05-03,1556841600,BTC/USD,5385.0,5796.56,5363.1,5658.22,12700.58899257,71862726.64953943,0,5278.432999999999,5237.535978868933,5577.4412047891265,4979.424795210872,5278.432999999999,64.70968824135535,5.073723305478195,0.04949204451262517,35.12882614760482
2019-05-04,1556928000,BTC/USD,5659.82,5846.13,5510.0,5764.65,8525.45570755,49146268.2445281,0,5308.5295,5287.737314214749,5672.594139286186,4944.464860713813,5308.5295,66.76571033113177,1.8809802376012152,0.018635085568841876,35.30978281384735
2019-05-05,1557014400,BTC/USD,5766.46,5782.55,5624.25,5709.32,5162.56182988,29474717.50657048,0,5342.629999999999,5327.888046194296,5723.17566866215,4962.084331337848,5342.629999999999,65.19203507973,-0.9598154267821957,-0.009644513430583495,35.37347824828419
2019-05-06,1557100800,BTC/USD,5714.4,5755.79,5562.44,5685.46,6826.98087533,38814526.6874537,0,5366.7815,5361.942517985316,5770.470214901188,4963.092785098812,5366.7815,61.53858041385279,-0.41791316654171684,-0.004187888642377846,33.681394985521806
2019-05-07,1557187200,BTC/USD,5686.88,5970.0,5686.88,5751.54,10741.56186069,61780522.70423297,0,5392.6725,5399.047040081952,5825.778445706056,4959.566554293943,5392.6725,59.05703522134669,1.1622630358845143,0.011555606420354187,32.15490786838095
2019-05-08,1557273600,BTC/USD,5751.54,5986.0,5658.66,5940.89,6320.4135454,37548881.627731405,0,5425.638,5450.651131502719,5919.276480740753,4931.999519259247,5425.638,69.01317390775225,3.2921617514613644,0.03239130876353314,33.550619129192654
2019-05-09,1557360000,BTC/USD,5945.32,6172.0,5932.83,6156.7,9081.24077807,55910475.098343566,0,5468.977499999999,5517.893880883413,6055.840404025903,4882.114595974095,5468.977499999999,91.90020701562028,3.6326207016120327,0.035681965912802587,35.085120069920336
2019-05-10,1557446400,BTC/USD,6151.66,6426.8,6105.0,6342.84,13821.71360689,87668917.93432617,0,5520.175,5596.4601779421355,6219.742393345514,4820.6076066544865,5520.175,92.85595721801637,3.023372910812605,0.029785697962963313,35.85754695891246
2019-05-11,1557532800,BTC/USD,6338.93,7445.0,6338.93,7217.47,22331.43531269,161176464.42628068,0,5616.2660000000005,5750.84206575717,6639.198141648451,4593.33385835155,5616.2660000000005,95.59366848576033,13.789248979952195,0.12917785830589662,54.983953681931794
2019-05-12,1557619200,BTC/USD,7214.4,7585.0,6762.57,6974.35,27398.21436403,191084736.34977263,0,5695.6435,5867.366630923154,6877.61999333274,4513.6670066672605,5695.6435,86.5343933465768,-3.3684933917286775,-0.034265342581590245,57.20899090726763
2019-05-13,1557705600,BTC/USD,6968.84,8167.5,6863.75,7810.05,27299.34473923,213209247.38062328,0,5809.58,6052.384094644758,7318.860564772705,4300.299435227294,5809.58,90.24945848812305,11.982478653924744,0.11317223247894007,66.91036509334174
2019-05-14,1557792000,BTC/USD,7810.72,8335.56,7618.99,7986.0,18881.44115957,150787189.10032603,0,5936.8324999999995,6236.537990392876,7719.62800585607,4154.036994143929,5936.8324999999995,90.4120632314182,2.2528664989340585,0.02227864276127237,66.85670243258672
2019-05-15,1557878400,BTC/USD,7991.72,8300.0,7838.0,8208.69,16613.07123458,136371551.7125845,0,6090.639499999999,6424.36199130784,8097.918014758241,4083.3609852417576,6090.639499999999,90.88203593322567,2.7885048835462056,0.02750334058166195,65.768726291608
2019-05-16,1557964800,BTC/USD,8203.97,8390.95,7654.93,7880.0,17078.7037596,134580185.62564802,0,6226.88,6562.994182611856,8334.213519687986,4119.546480312013,6226.88,82.85488543587043,-4.0041711893128,-0.04086544535290388,63.39407585290695
2019-05-17,1558051200,BTC/USD,7879.28,7942.09,6178.0,7351.71,27307.57969969,200757406.754008,0,6336.02,6638.10997474406,8438.738560700964,4233.301439299036,6336.02,70.89660346440215,-6.704187817258878,-0.06939496464334444,70.49912140387931
2019-05-18,1558137600,BTC/USD,7352.39,7493.85,7205.57,7260.12,7564.89968988,54922079.53649158,0,6440.977000000001,6697.349024768435,8505.95783399402,4375.996166005982,6440.977000000001,68.52099087740852,-1.2458326022109167,-0.012536581600719911,71.08001879401013
2019-05-19,1558224000,BTC/USD,7257.82,8299.99,7247.86,8200.0,15595.26745165,127881193.10353,0,6593.5215,6840.458641457155,8706.864466255742,4480.178533744259,6593.5215,75.30263441275311,12.94579152961659,0.12173779664448406,79.53404424902106
2019-05-20,1558310400,BTC/USD,8193.45,8199.97,7581.03,8005.64,13426.78750889,107490027.15267016,0,6730.3535,6951.428294651711,8836.974609562461,4623.732390437539,6730.3535,72.78134745143629,-2.3702439024390176,-0.02398786098613228,80.7165568699549
2019-05-21,1558396800,BTC/USD,8007.67,8117.48,7676.27,7955.16,7518.5556769,59811313.37864781,0,6862.1905,7047.021790399167,8926.359721648121,4798.021278351877,6862.1905,71.70335731225919,-0.630555458401838,-0.006325518560199212,81.26302973774068
2019-05-22,1558483200,BTC/USD,7949.18,8049.22,7505.69,7624.95,8396.82203697,64025348.19079439,0,6974.188,7102.062572265913,8941.693271337666,5006.682728662334,6974.188,66.13844838755429,-4.150890742612345,-0.04239500962894956,84.01696708342284
2019-05-23,1558569600,BTC/USD,7622.9,7980.0,7468.31,7880.22,8370.35625318,65960248.7534341,0,7085.2880000000005,7176.172803478683,8989.8461735749,5180.729826425099,7085.2880000000005,66.39261936465664,3.3478252316408774,0.0329300571668654,84.17178163955732
2019-05-24,1558656000,BTC/USD,7880.4,8188.87,7795.95,7999.02,9358.97181211,74862602.70450413,0,7197.0065,7254.539203147379,9036.404267546244,5357.6087324537575,7197.0065,65.95653665172671,1.507572123620915,0.014963211914306412,83.39707248470972
2019-05-25,1558742400,BTC/USD,7999.02,8158.45,7939.76,8064.64,3361.65325124,27110523.276080158,0,7314.772500000001,7331.691659990486,9051.876857218882,5577.66814278112,7314.772500000001,59.669455446109595,0.8203504929353844,0.008170039083038478,83.44187602239052
2019-05-26,1558828800,BTC/USD,8066.15,8802.29,7888.91,8733.26,8526.81164447,74466863.06218408,0,7467.1625,7465.1743590390115,9135.837876041021,5798.48712395898,7467.1625,68.29853416976165,8.290760653916362,0.0796496518579855,85.68884347713387
2019-05-27,1558915200,BTC/USD,8733.27,8939.18,8653.68,8770.73,8948.02467376,78480708.44688703,0,7618.122,7589.512991511486,9175.881553577656,6060.362446422344,7618.122,61.98477015509291,0.4290494042316295,0.004281316115282179,85.43447982443293
2019-05-28,1559001600,BTC/USD,8774.45,8817.41,8540.94,8717.96,6144.01124571,53563244.27964995,0,7756.975499999999,7696.984135177059,9173.966454344456,6339.984545655541,7756.975499999999,59.420965109634096,-0.6016602950951633,-0.006034775635033975,85.88634563443321
2019-05-29,1559088000,BTC/USD,8715.35,8762.39,8421.12,8663.41,7584.25785894,65705535.37771939,0,7882.311,7789.024693731624,9137.524385757806,6627.097614242193,7882.311,56.117419146531766,-0.6257197784802826,-0.006276856093716074,86.21630770879638
2019-05-30,1559174400,BTC/USD,8663.07,9096.79,8000.0,8277.76,15259.58792555,126315206.54660076,0,7979.057000000001,7835.570913376231,9013.528768526427,6944.585231473575,7979.057000000001,55.27035478434158,-4.451480421681531,-0.04553600910767268,88.66897882160937
2019-05-31,1559260800,BTC/USD,8277.76,8589.99,8109.74,8547.2,9957.91006545,85112248.91141425,0,8045.543500000002,7903.3451121023045,9044.22566909837,7046.861330901633,8045.543500000002,67.00695078683592,3.254986856347619,0.03203134353752323,88.72244012189844
2019-06-01,1559347200,BTC/USD,8545.8,8624.72,8457.33,8556.27,5167.05130706,44210686.08705827,0,8124.6395,7965.528434759228,9010.285426006467,7238.993573993533,8124.6395,68.88225884930614,0.1061166229876509,0.0010606035909932036,78.29016851055856
2019-06-02,1559433600,BTC/USD,8560.1,8833.97,8546.01,8734.49,4263.0361653,37235446.7554512,0,8170.861499999999,8038.762869544063,9083.46021481694,7258.262785183059,8170.861499999999,60.00718958409005,2.0829169719982943,0.020615208552768636,76.84287630601875
2019-06-03,1559520000,BTC/USD,8735.84,8745.96,8049.22,8103.64,9955.03261894,80672000.53214695,0,8176.7435,8044.9416438732,9085.83511894327,7267.651881056729,8176.7435,51.57707385211554,-7.222516712481209,-0.07496621262499692,72.76555220043744
2019-06-04,1559606400,BTC/USD,8103.63,8103.63,7432.84,7665.53,15485.70215021,118706114.40349926,0,8149.585499999999,8008.807201599561,9086.679944456264,7212.491055543734,8149.585499999999,45.85609431559669,-5.406335918179983,-0.05557968805252413,74.96412358184664
2019-06-05,1559692800,BTC/USD,7673.41,7924.48,7570.9,7785.94,9193.71188764,71581689.13445178,0,8144.8825000000015,7987.581753828174,9088.594413375922,7201.170586624082,8144.8825000000015,52.45049241213449,1.57079810528431,0.015585887619601724,74.48629256575998
2019-06-06,1559779200,BTC/USD,7784.62,7878.62,7449.68,7806.07,8738.66635896,68214641.30468687,0,8167.600499999999,7970.294920130253,9050.855482353252,7284.345517646745,8167.600499999999,48.78431063937226,0.25854296334162363,0.0025820931597960875,73.17698063313107
2019-06-07,1559865600,BTC/USD,7801.97,8134.99,7758.93,8001.25,9012.09615945,72108034.39579931,0,8204.657,7973.24302297499,8983.637430187433,7425.6765698125655,8204.657,50.035667559155364,2.500361897856407,0.02469614329493277,69.15539636226553
2019-06-08,1559952000,BTC/USD,8002.68,8061.12,7777.67,7932.27,4870.11556741,38631071.61189933,0,8191.2705000000005,7969.340830310705,8979.731886151436,7402.809113848565,8191.2705000000005,47.885091629519565,-0.8621152944852328,-0.0086585300615096,69.0512992802456
2019-06-09,1560038400,BTC/USD,7933.17,7966.58,7511.41,7632.99,3895.84810538,29736969.629884485,0,8172.638000000001,7937.307417900162,8996.392432100052,7348.88356789995,8172.638000000001,30.068366840452,-3.772942675930102,-0.038459606697969176,55.70776523432226
2019-06-10,1560124800,BTC/USD,7629.98,8090.0,7523.16,8021.1,7150.59429755,57355631.92007831,0,8175.935,7945.287663814433,8996.546282001189,7355.323717998812,8175.935,37.95097645262397,5.0846391780940525,0.049595926865881775,58.0651843902981
2019-06-11,1560211200,BTC/USD,8017.99,8057.32,7713.34,7919.1,5552.68803771,43972291.83942926,0,8190.6425,7942.79360059401,8979.608138312027,7401.676861687972,8190.6425,37.359730124874226,-1.2716460335864155,-0.012798006574881619,58.198453600390685
2019-06-12,1560297600,BTC/USD,7915.7,8266.0,7821.73,8176.27,8577.16249687,70129196.40828328,0,8205.445,7965.029448156485,8980.88095313268,7430.00904686732,8205.445,42.756497948016424,3.2474649897084262,0.03195849339385397,57.09788132024119
2019-06-13,1560384000,BTC/USD,8171.12,8335.56,8049.22,8238.0,7237.80039095,59624999.6206461,0,8217.394,7991.026643570153,8986.778214890302,7448.009785109699,8217.394,49.34576855739992,0.7549897447124421,0.00752153961443765,56.10770983881327
2019-06-14,1560470400,BTC/USD,8235.44,8737.37,8174.92,8697.54,8678.2503063,75479429.16905652,0,8249.039,8058.313629896806,9043.619406898903,7454.458593101099,8249.039,52.328123935356395,5.578295702840497,0.05428263104220326,58.82949750072641
2019-06-15,1560556800,BTC/USD,8694.74,8911.98,8623.52,8857.19,5275.7530691,46728347.32610183,0,8255.2355,8134.3970937161575,9067.45278219359,7443.018217806412,8255.2355,54.45232233322286,1.8355764963426502,0.018189331500166342,59.02133864947835
2019-06-16,1560643200,BTC/USD,8857.19,9391.85,8805.0,8974.19,15018.85335613,134782043.60004827,0,8265.408500000001,8214.377370505095,9109.29069857067,7421.526301429333,8265.408500000001,53.61196332885292,1.320960711015573,0.013123121048866085,52.479951400045834
2019-06-17,1560729600,BTC/USD,8973.02,9477.7,8973.02,9333.48,12760.96069746,119104171.45052896,0,8296.1845,8320.958573314134,9247.602517542478,7344.76648245752,8296.1845,70.183943963395,4.003592524784949,0.03925525606421566,54.103957504621924
2019-06-18,1560816000,BTC/USD,9333.48,9361.87,8918.0,9078.84,11327.45394298,102840141.95568456,0,8316.956,8393.137756808026,9318.927542728707,7314.984457271294,8316.956,74.68137794216779,-2.7282428418981874,-0.02766150452125156,55.067161301324596
2019-06-19,1560902400,BTC/USD,9076.51,9325.85,9036.19,9278.27,4687.25984305,43489662.38397553,0,8366.9815,8477.436065683452,9456.770024754003,7277.192975245997,8366.9815,75.36138783806291,2.1966462675848453,0.021728675857409268,55.39476456396607
2019-06-20,1560988800,BTC/USD,9280.17,9600.0,9211.08,9534.99,7870.31583938,75043382.82532991,0,8416.371,8578.155487999315,9623.739960341463,7209.002039658536,8416.371,77.1952232345095,2.7668951216121007,0.02729308327863636,53.0040196088088
2019-06-21,1561075200,BTC/USD,9534.99,10229.49,9534.97,10222.12,12553.09963424,128319290.8331574,0,8499.663499999999,8734.723536761285,9952.54948386696,7046.777516133037,8499.663499999999,80.2515617039941,7.206405040802366,0.06958580937868626,56.7281408304785
2019-06-22,1561161600,BTC/USD,10222.13,11200.0,10085.5,10661.3,13709.30032222,146158963.52528408,0,8596.004,8918.207009450685,10340.68421647045,6851.323783529551,8596.004,83.76785197247128,4.296369050647009,0.042066362858944426,57.8166277083406
2019-06-23,1561248000,BTC/USD,10665.66,11247.62,10483.33,10831.95,7270.6458116,78755271.89896064,0,8732.4195,9100.468246645858,10724.161211108036,6740.677788891963,8732.4195,90.88399484694192,1.6006490765666515,0.015879737684767824,57.735185285725585
2019-06-24,1561334400,BTC/USD,10827.23,11099.0,10551.51,11029.63,8247.39381098,90965702.19939934,0,8900.6245,9284.19793744149,11073.010086279013,6728.238913720987,8900.6245,90.4175656468224,1.8249714963602948,0.018085187618629497,48.725569555451585
2019-06-25,1561420800,BTC/USD,11030.0,11796.37,11000.02,11751.01,12133.57175867,142581723.07184875,0,9098.878,9519.13241958992,11548.907767910274,6648.8482320897265,9098.878,94.13432722364146,6.540382587629878,0.06335390651768437,44.33784870437793
2019-06-26,1561507200,BTC/USD,11760.0,13880.0,11647.07,12920.54,37487.80242579,484362650.7545168,0,9354.6015,9843.075998676595,12261.52338806234,6447.679611937661,9354.6015,95.15299178650628,9.952591309172586,0.09487909880382926,51.237446463352896
2019-06-27,1561593600,BTC/USD,12927.44,13355.61,10300.0,11153.74,36106.96055323,402727650.2009835,0,9512.226,9967.901141659775,12451.859167242776,6572.592832757226,9512.226,70.95056203672567,-13.674351072014023,-0.1470434254743069,78.25518274380539
2019-06-28,1561680000,BTC/USD,11153.73,12447.46,10739.1,12354.43,18718.10158772,231251475.7983756,0,9733.333999999999,10195.189604358844,12833.450896359005,6633.217103640992,9733.333999999999,73.74674827949406,10.764909348792418,0.10223983553599643,83.64176533717503
2019-06-29,1561766400,BTC/USD,12354.45,12386.76,11317.03,11858.62,12265.99736052,145457801.61940968,0,9944.6155,10353.611546800857,13017.88020955717,6871.35079044283,9944.6155,68.67506312274995,-4.01321631188164,-0.04095967391306153,85.79052398528316
2019-06-30,1561852800,BTC/USD,11867.35,12200.06,10651.3,10760.1,12642.61772277,136035830.95877746,0,10081.5655,10392.324732819823,13035.72538315122,7127.4056168487805,10081.5655,59.90252233170131,-9.263472478247891,-0.09721018092455422,92.8822051872838
2019-07-01,1561939200,BTC/USD,10759.24,11200.41,9950.0,10577.43,22917.43710404,242407586.74738583,0,10214.482,10409.953805884603,12992.964227347951,7435.999772652049,10214.482,57.03525573956292,-1.6976608024088957,-0.017122362601408255,92.74864832720738
2019-07-02,1562025600,BTC/USD,10581.78,10942.63,9614.08,10828.9,20285.24655295,219666906.39724025,0,10347.113500000001,10449.8534434194,12964.512996585756,7729.714003414246,10347.113500000001,59.901150304492354,2.377420602168945,0.023496000371246873,92.31924578014528
2019-07-03,1562112000,BTC/USD,10830.1,12009.0,10830.1,11967.43,19389.85475767,232046729.5225827,0,10533.585000000001,10594.384544046125,13047.664887794042,8019.505112205959,10533.585000000001,63.75281790695485,10.513810266970802,0.09997030695198363,96.80003968267347
2019-07-04,1562198400,BTC/USD,11970.0,12061.04,11052.74,11146.34,11185.29420376,124675092.19513825,0,10656.025,10646.951730327446,13028.117807561326,8283.932192438673,10656.025,57.79097642133887,-6.861038669121111,-0.07107760019371223,101.59684215524211
2019-07-05,1562284800,BTC/USD,11144.82,11440.0,10769.15,10997.84,11893.4379497,130802127.62072866,0,10763.057499999999,10680.369660772452,12981.607352701309,8544.50764729869,10763.057499999999,53.95674572813058,-1.3322758860756068,-0.013412303018715958,100.95261467018703
2019-07-06,1562371200,BTC/USD,10996.82,11735.0,10982.89,11240.0,7892.17866812,88708088.2296688,0,10876.348,10733.667788317933,12935.988175540107,8816.707824459892,10876.348,53.0123429542303,2.2018869159762255,0.021779954585401138,100.99170781983045
2019-07-07,1562457600,BTC/USD,11233.21,11627.0,11083.76,11469.96,6683.05546715,76654378.88599181,0,10983.172,10803.790856097177,12924.07602441313,9042.26797558687,10983.172,53.300692513753525,2.045907473309594,0.020252599311327245,101.03770998947887
2019-07-08,1562544000,BTC/USD,11478.43,12398.0,11332.19,12286.14,11901.90089462,146228420.65742654,0,11143.537,10944.966965040303,12947.081558579872,9339.992441420129,11143.537,56.10947469146547,7.115805111787665,0.0687403539837751,102.55632264533894
2019-07-09,1562630400,BTC/USD,12299.94,12883.48,12030.43,12567.23,15115.5523839,189960623.3855196,0,11307.985,11099.468206465037,12991.183053399633,9624.786946600369,11307.985,54.146195265671025,2.287862583366307,0.02262083460668871,101.51277908076368
2019-07-10,1562716800,BTC/USD,12574.88,13200.0,11550.0,12098.95,19838.38994897,240023688.0730906,0,11436.183,11194.65694870646,12930.798552062552,9941.56744793745,11436.183,45.50638553887384,-3.7261990112379517,-0.03797396038947424,103.14363086516111
2019-07-11,1562803200,BTC/USD,12101.44,12104.97,10966.81,11349.24,18468.68600043,209605549.90352017,0,11492.539,11209.379144067749,12875.213713260642,10109.86428673936,11492.539,51.203127269325726,-6.1964881250025865,-0.0639678906448175,106.30640697290194
2019-07-12,1562889600,BTC/USD,11352.74,11942.39,11083.52,11808.91,9176.67942993,108366581.48689468,0,11549.9195,11266.477320823202,12881.660060453389,10218.178939546611,11549.9195,46.305887069250396,4.050227151774033,0.039703549951274175,104.62629527461793
2019-07-13,1562976000,BTC/USD,11811.08,11846.61,10810.0,11378.79,9391.35341435,106862238.31767164,0,11577.2615,11277.173766459087,12868.783227938697,10285.739772061304,11577.2615,46.72155453371504,-3.6423344745619923,-0.037103235128517396,104.8648466842977
2019-07-14,1563062400,BTC/USD,11382.03,11467.3,10090.0,10191.87,12170.40823763,124039218.60485408,0,11535.3735,11173.811502986793,12950.141625532226,10120.605374467774,11535.3735,46.163899896710255,-10.430986071453995,-0.11016075250938132,111.79049398372274
2019-07-15,1563148800,BTC/USD,10191.87,11080.37,9855.0,10850.0,16048.02718406,174121094.947051,0,11490.323,11142.972312226148,12933.280402896045,10047.365597103955,11490.323,51.72910790795515,6.457401831067311,0.06257473634004884,113.88551607714325
2019-07-16,1563235200,BTC/USD,10848.27,11042.11,9366.0,9412.81,20761.02748001,195419607.0741129,0,11314.9365,10978.19494915699,12873.980061503045,9755.892938496954,11314.9365,42.19142368428888,-13.245990783410145,-0.14209355247584063,121.30317936970938
2019-07-17,1563321600,BTC/USD,9427.45,9993.0,9049.54,9699.35,16992.78525932,164818971.70498544,0,11242.217,10856.40019209442,12960.46597653148,9523.968023468522,11242.217,36.19640340135889,3.0441494091562493,0.029987345444139744,116.17002190288765
2019-07-18,1563408000,BTC/USD,9712.15,10797.0,9280.33,10648.6,18289.54217585,194758018.81375635,0,11156.925500000001,10836.609697609236,12810.863284503814,9502.987715496189,11156.925500000001,47.01727051547874,9.786738286586205,0.09336955516058704,111.1309184538069
2019-07-19,1563494400,BTC/USD,10638.44,10776.99,10102.58,10535.43,13787.45646718,145256782.48802218,0,11090.766,10807.925916884547,12732.332217634827,9449.199782365173,11090.766,47.21720385587064,-1.0627688146798597,-0.010684565365635413,104.4417251830736
2019-07-20,1563580800,BTC/USD,10533.71,11120.0,10359.17,10750.11,9964.67388282,107121340.3544421,0,11090.266500000002,10802.41963908602,12732.262386875715,9448.270613124289,11090.266500000002,47.04204499757876,2.037695661211747,0.020172124329739766,104.1267075112025
2019-07-21,1563667200,BTC/USD,10757.15,10839.09,10325.0,10600.24,5628.16176664,59659865.48520799,0,11091.407000000001,10783.164435363542,12731.934098839023,9450.879901160979,11091.407000000001,44.697346600331684,-1.394125269415858,-0.014039344708318859,98.65582769457642
2019-07-22,1563753600,BTC/USD,10605.03,10686.89,10052.25,10328.83,9371.30644231,96794631.1205248,0,11066.403499999999,10739.894489138442,12738.711943927898,9394.0950560721,11066.403499999999,37.21720003709495,-2.5604137264816584,-0.025937627996947765,98.88756464315523
2019-07-23,1563840000,BTC/USD,10315.87,10327.33,9801.88,9847.02,9040.84882621,89025419.2086664,0,10960.383,10654.85882350621,12660.795594712463,9259.970405287537,10960.383,32.68870716263088,-4.664710330211641,-0.04777014303513555,99.72917465582188
2019-07-24,1563926400,BTC/USD,9841.42,9911.5,9514.96,9763.67,9433.34520017,92104069.53054383,0,10891.2495,10569.983697458,12670.434256850565,9112.064743149434,10891.2495,34.37274987887824,-0.846448976441605,-0.008500517003420402,92.20327651660621
2019-07-25,1564012800,BTC/USD,9781.52,10187.0,9734.19,9883.96,6377.95751785,63039476.98812868,0,10835.5555,10504.648107223904,12669.581934102946,9001.529065897055,10835.5555,39.29264585525546,1.2320162397950751,0.012244886837981405,89.69737588863221
2019-07-26,1564099200,BTC/USD,9886.08,9897.46,9650.0,9846.94,5570.10914746,54848530.568489775,0,10765.9025,10442.009239869247,12640.61544699663,8891.18955300337,10765.9025,34.719264768877295,-0.37454623450517976,-0.00375249415287981,89.65545465610106
2019-07-27,1564185600,BTC/USD,9846.94,10235.0,9299.0,9481.37,9614.10207519,91154858.99264422,0,10666.473000000002,10350.519788453128,12594.149991976003,8738.796008024001,10666.473000000002,35.07190961732124,-3.712523890670605,-0.037831926427128106,89.7678916410397
2019-07-28,1564272000,BTC/USD,9467.84,9634.5,9111.0,9533.19,3860.8348169,36806071.86812291,0,10528.8255,10272.678856219498,12360.292025561292,8697.35897443871,10528.8255,43.690925461198056,0.5465454886793841,0.005450573486026302,89.32412413131208
2019-07-29,1564358400,BTC/USD,9538.73,9725.17,9360.0,9495.39,5068.6543093,48128849.441984124,0,10375.2335,10198.651346103356,11989.24235280654,8761.224647193461,10375.2335,35.2752420229707,-0.396509458009342,-0.003972976409305749,84.80744725617724
2019-07-30,1564444800,BTC/USD,9508.21,9775.0,9373.48,9593.62,5533.97118529,53090816.64262185,0,10249.967,10141.029313141133,11678.97135791903,8820.96264208097,10249.967,52.772470643797114,1.0345020057101584,0.010291876536732383,84.27420681304305
2019-07-31,1564531200,BTC/USD,9592.26,10143.2,9574.09,10085.34,7917.5084772,79850764.94544426,0,10186.772,10135.725569032453,11519.64248141813,8853.901518581872,10186.772,55.568250341172366,5.125489648328774,0.049984590066623064,86.45121489258285
2019-08-01,1564617600,BTC/USD,10096.01,10499.0,9878.09,10407.71,7681.73235986,79949242.6990385,0,10116.712000000001,10161.628848172219,11217.706431643272,9015.717568356731,10116.712000000001,45.75764940421468,3.1964217368973147,0.031463993366165156,85.06934159904182
2019-08-02,1564704000,BTC/USD,10416.79,10670.0,10318.47,10529.51,9286.86172741,97786103.42738087,0,10074.248,10196.665148346294,11025.634134760621,9122.861865239378,10074.248,49.89605792663656,1.1702862589368923,0.011634913710106096,83.79337363443915
2019-08-03,1564790400,BTC/USD,10529.51,10919.0,10502.8,10821.52,6996.11722818,75708622.50709444,0,10105.730500000001,10256.175134218076,11113.505698793972,9097.955301206031,10105.730500000001,51.22065454843815,2.7732534562387112,0.02735495279340155,83.70141213380906
2019-08-04,1564876800,BTC/USD,10812.58,11085.99,10564.96,10986.96,7556.32923024,83021086.99947765,0,10112.5785,10325.773692863975,11143.249409206852,9081.907590793147,10112.5785,56.575439360139285,1.528805565207092,0.015172370902516184,74.07526099379751
2019-08-05,1564963200,BTC/USD,10986.55,11959.36,10986.55,11800.0,17260.45577332,203673378.125176,0,10231.938,10466.1761983055,11456.134711482355,9007.741288517645,10231.938,71.12372102105812,7.40004514442576,0.07139041642574438,75.01690844355129
2019-08-06,1565049600,BTC/USD,11800.0,12325.0,11200.0,11470.0,16420.57916354,188344043.0058038,0,10320.4705,10561.778465133548,11635.245726889007,9005.695273110992,10320.4705,74.36570323618959,-2.79661016949152,-0.0283646003303397,54.70596095015002
2019-08-07,1565136000,BTC/USD,11471.58,12145.42,11388.01,11971.57,15480.45524249,185325353.567336,0,10386.619,10696.044325597019,11890.435836619752,8882.80216338025,10386.619,79.44903272618629,4.372885789014824,0.04279974106414397,55.487578910618105
2019-08-08,1565222400,BTC/USD,11973.46,12061.1,11450.93,11983.43,10144.46210884,121565451.56893653,0,10459.019,10818.652485063969,12123.811357969504,8794.226642030497,10459.019,78.83689307053089,0.09906804203625441,0.0009901900203746186,46.50443652604425
2019-08-09,1565308800,BTC/USD,11985.6,12040.0,11650.0,11859.32,7336.91484905,87010821.00763565,0,10514.4795,10917.763676962639,12290.3040619901,8738.654938009899,10514.4795,76.99485423921615,-1.0356801016069728,-0.010410805881753379,46.492435399880655
2019-08-10,1565395200,BTC/USD,11859.32,11976.68,11200.0,11273.2,7447.24834124,83954320.00046676,0,10548.127499999999,10951.61475534715,12356.00699830005,8740.248001699947,10548.127499999999,72.69351476358257,-4.942273250068297,-0.05068582893277506,50.04498534715013
2019-08-11,1565481600,BTC/USD,11273.03,11589.73,11080.37,11528.73,4361.39069182,50281295.71050599,0,10608.122500000001,11006.578111980754,12464.351626100593,8751.89337389941,10608.122500000001,74.03338471914441,2.2667033317957497,0.02241395336156607,50.141891784588935
2019-08-12,1565568000,BTC/USD,11527.44,11551.57,11194.04,11385.11,3417.70935664,38910996.97337563,0,10685.027,11042.628767982587,12535.926224873072,8834.127775126928,10685.027,72.19325319089967,-1.2457573384058729,-0.012535819468059118,49.34228251975414
2019-08-13,1565654400,BTC/USD,11380.61,11446.94,10738.58,10862.28,9003.17888634,97795049.95351326,0,10739.9575,11025.45269484139,12540.241420647533,8939.673579352468,10739.9575,63.54821209648827,-4.592226162066071,-0.047010124082921184,49.241171608989426
2019-08-14,1565740800,BTC/USD,10862.25,10862.25,9888.57,10022.99,12678.9411947,127080900.80506615,0,10746.909,10929.980057237448,12534.303436189743,8959.514563810257,10746.909,49.38016816480071,-7.726646707689366,-0.08041478288490181,57.30639750081231
2019-08-15,1565827200,BTC/USD,10022.5,10444.66,9467.57,10301.44,15083.17326332,155378404.3816952,0,10769.634,10870.11909940531,12520.02460612074,9019.24339387926,10769.634,48.93424554773984,2.7781131179418495,0.027402236951955563,57.91024073260312
2019-08-16,1565913600,BTC/USD,10294.9,10540.0,9736.96,10354.34,11080.39966131,114730225.4290886,0,10813.2825,10820.997280414327,12469.410558433741,9157.154441566257,10813.2825,48.21864760808417,0.5135204398608373,0.00512206420236492,57.881336774493356
2019-08-17,1566000000,BTC/USD,10351.18,10472.93,9974.51,10210.89,3907.52839849,39899342.64885756,0,10847.1675,10762.891825136772,12418.582333110908,9275.752666889091,10847.1675,43.59686339318108,-1.3854094032067832,-0.013950957672011233,56.36145619101498
2019-08-18,1566086400,BTC/USD,10221.94,10515.0,10065.41,10318.99,3398.41986671,35068260.620381825,0,10888.3475,10720.615460838031,12349.935674279835,9426.759325720164,10888.3475,42.910332910906064,1.0586736317794054,0.010531089227693005,56.41072838577723
2019-08-19,1566172800,BTC/USD,10318.99,10940.0,10267.56,10927.3,8044.02134828,87899434.47906004,0,10955.031500000001,10740.299702662982,12283.537018801178,9626.525981198824,10955.031500000001,40.31654586852604,5.8950536825793876,0.0572783580929322,59.2691751815111
2019-08-20,1566259200,BTC/USD,10927.3,10955.48,10549.74,10772.22,5883.59995275,63379433.0830126,0,10989.375499999998,10743.339730980792,12257.351041163289,9721.399958836708,10989.375499999998,41.94476383097602,-1.4191977890238183,-0.014293647079371143,59.69123703129784
2019-08-21,1566345600,BTC/USD,10778.75,10807.54,9853.45,10134.75,9812.62171129,99448467.88849632,0,10975.727499999999,10685.378804220716,12275.540766343698,9675.9142336563,10975.727499999999,29.440668708250513,-5.917721695249445,-0.06100048545634901,61.623911031582665
2019-08-22,1566432000,BTC/USD,10123.56,10238.29,9755.53,10112.01,6710.30664788,67854687.92642905,0,10954.8525,10630.772251437791,12297.542381110588,9612.162618889413,10954.8525,29.10428762840553,-0.2243765263080011,-0.0022462862761048375,60.56866384089147
2019-08-23,1566518400,BTC/USD,10112.45,10479.0,10051.0,10401.6,5557.29144342,57804722.67787748,0,10933.8565,10608.94632272943,12298.282015342176,9569.430984657824,10933.8565,34.3035826578342,2.863822326125076,0.028235814140004017,61.286617635752094
2019-08-24,1566604800,BTC/USD,10401.87,10432.0,9885.48,10149.7,5106.55673687,51830018.91220944,0,10891.9935,10565.20857770758,12300.232557700276,9483.754442299725,10891.9935,36.964119129502514,-2.4217428087986437,-0.024515492067323577,60.9404695306862
2019-08-25,1566691200,BTC/USD,10149.38,10355.89,9907.86,10136.75,3953.39528117,40074579.6164,0,10808.831,10524.402998878288,12187.426686645591,9430.23531335441,10808.831,32.88554791623635,-0.12758997802891914,-0.0012767144334314333,60.58602389600636
2019-08-26,1566777600,BTC/USD,10136.75,10650.0,10136.75,10360.97,7166.67534085,74253708.20628662,0,10753.3795,10508.83795136607,12109.025508063252,9397.733491936746,10753.3795,37.65287127948919,2.2119515623843844,0.021878427824700515,55.01132295961435
2019-08-27,1566864000,BTC/USD,10355.11,10375.53,10019.1,10167.29,4781.3350218,48613219.75379692,0,10663.1655,10476.309575045492,11913.52780226491,9412.803197735087,10663.1655,40.89881696013494,-1.869323046008231,-0.018870157250818437,54.62614118412935
2019-08-28,1566950400,BTC/USD,10171.39,10280.71,9555.0,9711.78,9303.15591906,90350203.59160854,0,10549.583,10403.49723456497,11703.997346522427,9395.168653477574,10549.583,45.469157191317144,-4.480151544806931,-0.04583612286941862,53.315641427736594
2019-08-29,1567036800,BTC/USD,9720.2,9720.2,9320.0,9490.0,7717.10637568,73235339.5052032,0,10431.117,10316.497497939734,11502.9394085046,9359.2945914954,10431.117,37.988204921721405,-2.2836184509945734,-0.023100969049939434,53.34524582272139
2019-08-30,1567123200,BTC/USD,9490.56,9700.0,9350.1,9579.75,5317.3097001,50938497.59953297,0,10346.444500000001,10246.331069564521,11405.654623052966,9287.234376947037,10346.444500000001,38.65744333773608,0.9457323498419434,0.009412882987022399,53.81784008823678
2019-08-31,1567209600,BTC/USD,9569.3,9682.73,9443.19,9594.15,1572.15542709,15083494.990815524,0,10249.7155,10184.218586748853,11202.292826613377,9297.138173386624,10249.7155,40.61415683553088,0.15031707508024184,0.0015020421205238375,51.86794684534873
2019-09-01,1567296000,BTC/USD,9593.5,9832.0,9538.75,9767.53,1799.36720121,17575373.11883471,0,10168.8365,10144.533959439439,10979.647771187854,9358.025228812145,10168.8365,41.77112058159941,1.8071428943679413,0.017910081623278496,51.56124974348772
2019-09-02,1567382400,BTC/USD,9767.56,10471.0,9753.24,10384.48,6144.79883515,63810540.60763847,0,10144.9465,10167.38596330235,10895.657664227489,9394.235335772511,10144.9465,41.92087872834434,6.316335859731148,0.061248764502211506,56.79399285703119
2019-09-03,1567468800,BTC/USD,10384.07,10783.0,10286.0,10617.61,11443.53849727,121503028.78399892,0,10174.6775,10210.26444298784,10951.68975304638,9397.66524695362,10174.6775,47.75109456137545,2.244984823505858,0.022201559551046596,55.28899909569556
2019-09-04,1567555200,BTC/USD,10617.72,10834.15,10378.7,10586.26,10088.7236301,106801851.41638242,0,10188.9185,10246.073543655664,10985.89680622988,9391.940193770119,10188.9185,57.973461235532426,-0.2952641884567231,-0.002957009531132696,47.20560561589453
2019-09-05,1567641600,BTC/USD,10586.26,10664.13,10461.97,10573.66,4555.62463429,48169625.9706068,0,10199.8845,10277.272253783696,11012.331769076907,9387.437230923093,10199.8845,58.181831071285515,-0.11902220425343835,-0.001190930919325998,46.344270730967565
2019-09-06,1567728000,BTC/USD,10573.04,10949.0,10204.18,10311.09,10701.50994422,110344232.1707474,0,10204.894499999999,10280.492991518582,11018.861876055793,9390.927123944204,10204.894499999999,48.380377715028075,-2.483246103998049,-0.02514598791541412,47.20312235353576
2019-09-07,1567814400,BTC/USD,10309.04,10580.0,10297.58,10484.39,3148.50895336,33010195.785518046,0,10213.1645,10299.911754231098,11035.332470736033,9390.996529263968,10213.1645,56.16242630460638,1.6807146480148916,0.016667469271387004,47.27079278239051
2019-09-08,1567900800,BTC/USD,10497.57,10594.88,10229.49,10400.18,3130.86103548,32561518.323978387,0,10186.808500000001,10309.461110970993,10943.79745600023,9429.819543999773,10186.808500000001,54.72633781034366,-0.8031940818683747,-0.008064370621575256,47.25009892499074
2019-09-09,1567987200,BTC/USD,10387.33,10542.93,10060.0,10307.45,6059.76274364,62460701.49193213,0,10163.57,10309.269576592802,10871.859342779304,9455.280657220696,10163.57,48.99221945212292,-0.8916191835141252,-0.008956178939474896,42.53473478514757
2019-09-10,1568073600,BTC/USD,10317.62,10390.09,9910.0,10096.0,4658.92141056,47036470.561013766,0,10161.6325,10288.958188345869,10870.465573894955,9452.799426105044,10161.6325,48.66653448604807,-2.051428820901391,-0.020727628951526033,42.811653411363935
2019-09-11,1568160000,BTC/USD,10093.39,10243.01,9855.11,10154.46,4614.34849343,46856217.2025952,0,10163.755000000001,10276.148837074834,10872.216565826006,9455.293434173997,10163.755000000001,59.724699700359366,0.5790412044373916,0.005773712044128841,37.32801145788765
2019-09-12,1568246400,BTC/USD,10163.81,10465.0,10027.52,10420.34,4719.04668642,49174070.94836978,0,10164.692,10289.881328781994,10874.526311656044,9454.857688343955,10164.692,70.04904834149369,2.618356859941362,0.02584664750844354,38.36050841020097
2019-09-13,1568332800,BTC/USD,10423.99,10458.13,10153.87,10368.65,3755.41742244,38938608.8571825,0,10175.639500000001,10297.383106993233,10891.230490660684,9460.048509339318,10175.639500000001,67.28451864510757,-0.49604907325481173,-0.004972834805394057,37.14218718014302
2019-09-14,1568419200,BTC/USD,10365.81,10441.47,10217.01,10355.37,2656.15453049,27505462.940400235,0,10186.5705,10302.905668231973,10906.327130988266,9466.813869011734,10186.5705,66.6862488930197,-0.12807839014721267,-0.0012816048061824836,36.078630323560766
2019-09-15,1568505600,BTC/USD,10362.52,10383.2,10258.49,10305.74,2297.72276878,23679733.4471268,0,10183.809,10303.175604590833,10901.168089963794,9466.449910036205,10183.809,62.4745622858944,-0.47926824439881166,-0.004804204174563724,36.12678836381439
2019-09-16,1568592000,BTC/USD,10320.36,10378.07,10060.95,10269.98,5496.03749388,56444195.14139772,0,10188.9435,10300.014118439325,10907.274109392725,9470.612890607274,10188.9435,46.367477982792316,-0.3469910942833776,-0.003475945046387735,35.320371563808365
2019-09-17,1568678400,BTC/USD,10257.2,10280.53,10130.59,10195.73,5078.59865576,51780020.6724919,0,10213.141,10290.08229763558,10895.496868965436,9530.785131034563,10213.141,35.11530102458434,-0.7229809600408199,-0.007256071328590424,34.78097474977833
2019-09-18,1568764800,BTC/USD,10182.96,10263.65,10080.0,10152.09,3952.00683587,40121129.07836747,0,10246.2455,10276.940174051239,10839.278992778305,9653.212007221697,10246.2455,34.81338976529433,-0.42802231914732536,-0.004289409569293847,30.587012879857106
2019-09-19,1568851200,BTC/USD,10161.59,10380.07,9600.0,10271.53,7455.91141166,76583617.74220805,0,10280.8345,10276.424919379693,10784.090532545735,9777.578467454267,10280.8345,40.166895573101456,1.1765065124521135,0.011696394828061922,29.32204361082823
2019-09-20,1568937600,BTC/USD,10284.72,10308.04,10055.0,10169.02,4463.38202069,45388221.03603703,0,10309.578,10266.19587943877,10700.921063099086,9918.234936900913,10309.578,44.83843543593731,-0.9980012714756237,-0.01003014688028623,29.622462496908962
2019-09-21,1569024000,BTC/USD,10169.02,10180.43,9913.35,9985.28,4148.89981496,41427926.34432379,0,10320.4655,10239.441986158889,10656.5237726082,9984.407227391801,10320.4655,32.00328845363357,-1.8068604447626146,-0.01823383503109118,30.510620968778625
2019-09-22,1569110400,BTC/USD,9973.0,10093.24,9842.35,10020.58,3213.9540957,32205684.132289503,0,10302.2705,10218.59798747709,10662.286382308996,9942.254617691005,10302.2705,35.81210381533309,0.3535203820022925,0.0035289696753261542,29.961723390422712
2019-09-23,1569196800,BTC/USD,10022.38,10048.06,9606.0,9682.19,5447.96313246,52748214.161472894,0,10255.499500000002,10167.51151247927,10680.250725293597,9830.748274706406,10255.499500000002,30.256028091093953,-3.3769502364134563,-0.03435286284345568,23.414245648208652
2019-09-24,1569283200,BTC/USD,9685.69,9782.0,7998.0,8536.82,28154.41355726,240349160.7438883,0,10153.0275,10012.207558909815,11010.36869177287,9295.68630822713,10153.0275,19.031199599577334,-11.82965837274419,-0.12589954225386057,47.19381524625843
2019-09-25,1569369600,BTC/USD,8536.71,8746.83,8216.0,8432.16,17435.8678913,147022027.7983042,0,10045.9525,9861.726839013641,11174.20809401508,8917.696905984918,10045.9525,16.40777986690283,-1.2259834458264285,-0.012335606164666429,47.119542264559236
2019-09-26,1569456000,BTC/USD,8443.44,8467.89,7733.99,8055.03,16662.32021152,134215489.17339994,0,9933.1495,9689.660473393295,11361.106998018176,8505.192001981823,9933.1495,5.785127056703516,-4.472519496783745,-0.0457562259342575,48.479773556334905
2019-09-27,1569542400,BTC/USD,8055.25,8294.04,7866.0,8187.72,10165.85293694,83235157.40884238,0,9818.315999999999,9546.618523546313,11418.610106053477,8218.021893946521,9818.315999999999,10.430040024820471,1.6472936786082748,0.01633872981259181,49.288608805596
2019-09-28,1569628800,BTC/USD,8199.96,8356.4,8009.84,8218.07,6315.48953894,51901135.11527664,0,9709.2105,9420.090092732378,11435.088593291714,7983.332406708286,9709.2105,11.460369438053121,0.37067706272320144,0.003699917483125107,48.57157709414452
2019-09-29,1569715200,BTC/USD,8218.07,8244.07,7902.66,8047.6,5366.5707177,43188014.50776252,0,9596.218,9289.37675056739,11448.461306714162,7743.974693285841,9596.218,10.981788022255245,-2.0743313211009307,-0.020961477979560682,48.65875783424941
2019-09-30,1569801600,BTC/USD,8060.13,8368.5,7714.7,8298.45,9518.99210777,78992880.05672397,0,9506.340500000002,9195.002774322877,11429.560686299134,7583.120313700871,9506.340500000002,18.29103927894778,3.1170783836174776,0.030694840042266365,50.880940724040805
2019-10-01,1569888000,BTC/USD,8304.47,8531.25,8195.42,8319.01,10224.59198253,85058482.9485869,0,9414.568,9111.574891054031,11382.224177096856,7446.911822903143,9414.568,19.285457104513753,0.24775711126776567,0.002474506993373904,50.91797155320611
2019-10-02,1569974400,BTC/USD,8326.41,8393.39,8170.91,8373.42,4952.5341152,41469648.21089798,0,9312.222,9041.274425239362,11272.531009804336,7351.912990195664,9312.222,20.992409984767775,0.6540441711213152,0.006519145828210925,50.94627417132881
2019-10-03,1570060800,BTC/USD,8377.68,8419.23,8029.14,8239.92,8701.12039607,71696535.97398512,0,9205.7855,8964.954956168947,11155.715113061391,7255.85588693861,9205.7855,17.01856860383188,-1.5943306319281758,-0.016071768060409275,49.35933391218328
2019-10-04,1570147200,BTC/USD,8243.39,8244.93,7986.65,8152.07,6278.78141904,51185065.64271341,0,9095.6205,8887.537341295714,11020.888295086963,7170.352704913039,9095.6205,17.09996183044231,-1.0661511276808588,-0.010718752402976527,49.30840366779901
2019-10-05,1570233600,BTC/USD,8157.89,8195.0,8016.26,8145.17,4445.10406787,36206128.30049269,0,8987.592,8816.83568974374,10868.92300731876,7106.260992681242,8987.592,18.146882562499314,-0.08464107889161188,-0.0008467691967823768,49.31993450165725
2019-10-06,1570320000,BTC/USD,8150.73,8176.46,7772.71,7854.12,6454.53572694,50694698.14367399,0,8866.799,8725.148481196718,10711.312972267655,7022.285027732347,8866.799,15.548092030354496,-3.573283307776265,-0.036386878658721394,49.99399141430687
2019-10-07,1570406400,BTC/USD,7863.75,8313.7,7763.54,8205.53,9363.32718459,76831062.11296879,0,8767.289,8675.66100679703,10522.508302932069,7012.069697067932,8767.289,26.614405169137214,4.474212260571542,0.04377008233729004,53.66467070210026
2019-10-08,1570492800,BTC/USD,8211.04,8344.12,8109.74,8178.54,3577.72287319,29260549.627299342,0,8668.6115,8628.316149006838,10314.530338048595,7022.692661951407,8668.6115,41.213545089806864,-0.32892451797751354,-0.0032946666383033936,53.714099907150825
2019-10-09,1570579200,BTC/USD,8185.85,8707.8,8110.0,8586.34,11634.19484623,99895152.5759785,0,8584.352,8624.318420529997,10047.111433912161,7121.592566087841,8584.352,53.291687304650814,4.986220034382671,0.04865891778921855,57.48449339617301
2019-10-10,1570665600,BTC/USD,8586.57,8666.84,8450.61,8582.11,7435.43199033,63811695.238531,0,8505.0065,8620.29857095571,9763.771785261742,7246.241214738257,8505.0065,63.38405127319637,-0.04926429654543707,-0.000492764353869146,57.11276015331607
2019-10-11,1570752000,BTC/USD,8589.08,8820.0,8222.88,8265.55,7824.58718752,64674516.62780593,0,8419.02,8586.512992769452,9469.792540161747,7368.247459838254,8419.02,51.80753670579161,-3.6886033854145572,-0.037583529278788295,57.99309469504146
2019-10-12,1570838400,BTC/USD,8265.16,8427.76,8254.68,8303.43,1828.83312447,15185587.830717932,0,8333.1625,8559.552707743791,9065.213739416786,7601.111260583215,8333.1625,51.975505216481686,0.4582877122514706,0.004572407715638699,58.11660689932246
2019-10-13,1570924800,BTC/USD,8303.43,8474.48,8132.91,8282.96,4445.28381368,36820108.01735889,0,8263.201,8533.210545101525,8627.466142583153,7898.935857416846,8263.201,55.8533867871034,-0.24652462897863936,-0.0024682900128013153,57.99352405969211
2019-10-14,1571011200,BTC/USD,8278.39,8416.67,8215.41,8362.99,4294.6073892,35915758.64980571,0,8254.5095,8516.999064615666,8599.046669607467,7909.972330392533,8254.5095,51.754147550607705,0.9662004887141862,0.009615626219228691,57.57677534189477
2019-10-15,1571097600,BTC/USD,8353.33,8420.85,8086.0,8155.13,5044.66127938,41139868.539310224,0,8240.658,8482.535344176078,8577.307792958527,7904.008207041472,8240.658,45.95745310665338,-2.485474692663747,-0.02516884156919621,38.908683018360406
2019-10-16,1571184000,BTC/USD,8162.45,8179.1,7912.66,7995.89,8644.40011646,69119672.44720134,0,8237.701000000001,8436.188168540262,8582.164239863,7893.237760137002,8237.701000000001,41.14515168146661,-1.952635948170045,-0.019719517421235507,39.23427955391363
2019-10-17,1571270400,BTC/USD,7995.73,8130.71,7936.71,8073.32,5395.88599206,43562714.29741784,0,8231.981000000002,8401.629295345952,8583.66253416059,7880.299465839413,8231.981000000002,45.986895986895995,0.968372501372583,0.009637138262721978,36.112825107678155
2019-10-18,1571356800,BTC/USD,8069.26,8120.77,7811.62,7955.08,5611.09353737,44636697.97726134,0,8218.8315,8359.100791027291,8591.729677962083,7845.9333220379185,8218.8315,45.323324264395175,-1.464577150416435,-0.014754079620430308,35.95794250330695
2019-10-19,1571443200,BTC/USD,7950.48,8096.76,7875.0,7960.49,3461.12529207,27552253.27627031,0,8214.475999999999,8321.137858548502,8597.6875505567,7831.264449443296,8214.475999999999,45.612467927397134,0.06800685851053867,0.0006798374432541007,35.91946044331647
2019-10-20,1571529600,BTC/USD,7965.39,8314.77,7874.68,8235.74,6358.92499072,52370452.903072335,0,8211.3405,8313.00472916293,8592.68068162965,7830.000318370349,8211.3405,59.13490999617003,3.457701724391349,0.033992664193926166,37.19299373146879
2019-10-21,1571616000,BTC/USD,8236.49,8352.0,8156.0,8213.65,4919.73416831,40408974.55153944,0,8206.0725,8303.542374004555,8584.04608949099,7828.09891050901,8206.0725,50.230749994316476,-0.26822119202403183,-0.002685815495777377,35.610182685959
2019-10-22,1571702400,BTC/USD,8206.53,8314.77,7989.15,8025.9,5678.93483059,45578563.05683229,0,8188.6965,8277.100243146979,8566.22937752413,7811.163622475869,8188.6965,46.02549681289838,-2.285829077206847,-0.023123592188280986,36.43623409932184
2019-10-23,1571788800,BTC/USD,8021.57,8052.04,7293.55,7470.77,13306.18266092,99407430.23772132,0,8150.239,8200.30688665679,8644.466227940717,7656.0117720592825,8150.239,23.0221951372868,-6.916732079891341,-0.07167573944545132,43.579970018406435
2019-10-24,1571875200,BTC/USD,7470.77,7512.0,7356.0,7435.0,4997.4230935,37155840.7001725,0,8114.385499999999,8127.420516499,8703.066743618727,7525.704256381272,8114.385499999999,22.676277088861497,-0.47879937409397444,-0.004799492902931379,43.407798662684975
2019-10-25,1571961600,BTC/USD,7427.0,8784.29,7393.14,8662.66,19113.79549622,165576311.69328514,0,8140.259999999999,8178.3957054038565,8778.078498881821,7502.441501118177,8140.259999999999,56.59605143827176,16.511903160726284,0.15282325485179746,69.6687726767623
2019-10-26,1572048000,BTC/USD,8677.09,10350.0,8642.46,9252.75,38751.80025476,358560719.8072306,0,8210.191499999999,8280.71516203206,9003.626229827136,7416.756770172862,8210.191499999999,63.32408868128967,6.811879953732447,0.06589896987363057,72.97559131363577
2019-10-27,1572134400,BTC/USD,9262.72,9819.92,9092.66,9557.08,17783.02515594,169953794.05733103,0,8277.769,8402.273718029006,9273.873118060415,7281.664881939586,8277.769,66.56301673305117,3.289076220583076,0.03236143643912645,71.81245042902879
2019-10-28,1572220800,BTC/USD,9547.32,9950.0,9177.84,9216.44,14722.01859796,135684601.08698246,0,8329.664,8479.813363931005,9408.694388126827,7250.633611873175,8329.664,60.39046577824097,-3.564268584128205,-0.03629339520724543,72.33039471007318
2019-10-29,1572307200,BTC/USD,9216.39,9573.35,9051.48,9426.94,9059.61157854,85404414.77420187,0,8371.694,8570.015900699482,9553.419578713323,7189.968421286676,8371.694,65.47391064184957,2.283962137224349,0.02258270182718442,72.48779474041879
2019-10-30,1572393600,BTC/USD,9426.94,9437.06,8985.25,9159.94,8814.43804818,80739723.65504591,0,8400.585500000001,8626.199148251912,9631.213954690435,7169.9570453095685,8400.585500000001,63.800924290243266,-2.8323082569741587,-0.028731919250366476,71.80639969393012
2019-10-31,1572480000,BTC/USD,9169.55,9438.61,8961.53,9150.07,10113.15940929,92536116.51616214,0,8444.8115,8676.091610323158,9717.851294892556,7171.771705107444,8444.8115,62.97373564063204,-0.10775179750086572,-0.001078098914854802,71.81035481209244
2019-11-01,1572566400,BTC/USD,9158.08,9303.53,9054.6,9250.45,6640.55238456,61428097.80575306,0,8492.1625,8730.79240934,9812.626241280663,7171.698758719338,8492.1625,65.67534796593311,1.097040787666126,0.010910669458284748,70.30183128188128
2019-11-02,1572652800,BTC/USD,9250.7,9396.91,9201.19,9304.75,2701.13696278,25133404.154427204,0,8543.252,8785.455037021904,9907.961057570448,7178.542942429553,8543.252,66.07674202776529,0.5869984703446685,0.005852823467948598,70.30142135381739
2019-11-03,1572739200,BTC/USD,9304.75,9384.32,9067.0,9207.0,2539.21833111,23378583.17452977,0,8585.452500000001,8825.602176353152,9978.593270532949,7192.311729467054,8585.452500000001,62.130863346372706,-1.0505387033504343,-0.010560958151915253,70.4715497890666
2019-11-04,1572825600,BTC/USD,9207.0,9586.5,9122.33,9410.76,4962.44231548,46700353.64482656,0,8648.234,8881.331492890948,10072.543281292103,7223.924718707899,8648.234,64.30262871780413,2.2130987292277693,0.02188965117371533,70.6999394260246
2019-11-05,1572912000,BTC/USD,9410.76,9485.0,9165.2,9320.14,4979.57899177,46410373.34435525,0,8714.4465,8923.122779282287,10134.182834828662,7294.710165171339,8714.4465,65.83052008415284,-0.9629402938763798,-0.009676065435517857,70.05052541934545
2019-11-06,1572998400,BTC/USD,9319.1,9448.19,9254.68,9344.78,4670.23465673,43642315.415517375,0,8778.019499999999,8963.28060982683,10190.727991753594,7365.311008246402,8778.019499999999,76.3402683488366,0.26437371112453256,0.00264024858543273,69.42715527697794
2019-11-07,1573084800,BTC/USD,9346.02,9373.48,9080.0,9199.36,3975.97661681,36576440.24961724,0,8840.2335,8985.764361271895,10209.265186462366,7471.201813537636,8840.2335,74.0575299430591,-1.5561629059218096,-0.015683982211507453,69.87805765860016
2019-11-08,1573171200,BTC/USD,9209.3,9253.39,8661.0,8767.37,9699.74677043,85041268.84266487,0,8880.577500000001,8964.96489829362,10186.55441203703,7574.600587962971,8880.577500000001,51.82339645246563,-4.695870147488524,-0.04809704098344494,72.05946231970974
2019-11-09,1573257600,BTC/USD,8760.38,8876.94,8720.0,8812.21,2271.51792167,20017092.944519587,0,8909.401,8950.416812741847,10180.432688766457,7638.369311233542,8909.401,40.53025743323415,0.5114418577064628,0.005101384361108472,72.04520063149936
2019-11-10,1573344000,BTC/USD,8806.85,9142.33,8750.85,9024.49,2663.27825012,24034727.93542544,0,8949.943,8957.471402004528,10178.55199774976,7721.334002250238,8949.943,38.07984816404729,2.408930336430948,0.02380373313142593,71.61087140593104
2019-11-11,1573430400,BTC/USD,9029.88,9075.32,8593.0,8720.36,6392.97505953,55749043.99012303,0,8984.666000000001,8934.889363718383,10140.408594077206,7828.9234059227965,8984.666000000001,38.712525256202575,-3.3700519364529113,-0.034281471454540254,72.82837568885728
2019-11-12,1573516800,BTC/USD,8720.36,8872.47,8549.0,8813.91,4721.90610684,41618455.45413814,0,9051.823,8923.367519554728,9968.54998600372,8135.096013996281,9051.823,35.26745588864375,1.0727768119664693,0.010670633867371673,72.24830846131745
2019-11-13,1573603200,BTC/USD,8817.0,8839.46,8700.0,8755.24,3185.82098874,27892627.353455994,0,9117.835000000001,8907.35537483523,9656.554323913662,8579.11567608634,9117.835000000001,39.19185984403374,-0.6656523608704834,-0.006678777070753523,66.93076744192388
2019-11-14,1573689600,BTC/USD,8765.53,8791.78,8555.0,8636.9,3412.80581524,29476062.545646355,0,9116.547,8881.597720089017,9659.95126688375,8573.14273311625,9116.547,37.04554519430294,-1.3516476989779869,-0.013608656132122506,67.20465438790998
2019-11-15,1573776000,BTC/USD,8632.07,8799.03,8363.0,8463.49,5213.70141434,44126109.78325245,0,9077.084,8841.777937223396,9689.139132996585,8465.028867003417,9077.084,30.840434338024025,-2.0077805694172612,-0.020282104034837652,41.917171025810276
2019-11-16,1573862400,BTC/USD,8459.38,8539.53,8423.0,8484.63,1180.57339029,10016728.40445624,0,9023.4615,8807.763847964025,9646.273914042431,8400.649085957568,9023.4615,29.705425282350234,0.24977875557246065,0.002494673269193934,34.18827606691303
2019-11-17,1573948800,BTC/USD,8485.61,8631.6,8375.0,8499.31,2074.00770126,17627634.39539613,0,8987.605,8778.38729101507,9645.237598004382,8329.972401995617,8987.605,31.73674947224987,0.17301874094686198,0.0017286923594620667,31.619174878827465
2019-11-18,1574035200,BTC/USD,8499.53,8508.4,8010.7,8170.65,4825.65562506,39428743.13289648,0,8924.7905,8720.507549013635,9642.941636841273,8206.639363158725,8924.7905,19.934832256093685,-3.866902136761685,-0.03943651865993618,32.019999602642955
2019-11-19,1574121600,BTC/USD,8176.9,8197.77,7989.15,8121.63,4412.39464174,35835836.69419484,0,8872.874999999998,8663.471591964717,9665.68972336167,8080.060276638326,8872.874999999998,20.345214942818814,-0.5999522681793934,-0.006017592126275831,30.320658094316244
2019-11-20,1574208000,BTC/USD,8124.08,8231.04,8027.28,8088.44,2996.00619203,24233016.32386313,0,8819.7935,8608.706678444269,9674.229037879028,7965.357962120973,8819.7935,19.04529596120861,-0.40866180803608154,-0.0040949911234331605,29.289251568441422
2019-11-21,1574294400,BTC/USD,8085.54,8116.92,7394.09,7611.51,9374.99957046,71357902.980552,0,8737.8465,8513.73556621148,9722.781784975932,7752.911215024067,8737.8465,16.3709373398338,-5.89643985737669,-0.060774306503255965,34.82237585060702
2019-11-22,1574380800,BTC/USD,7612.23,7714.7,6785.0,7285.85,20120.14646602,146592369.1294518,0,8636.9015,8396.79408371515,9778.560458778426,7495.242541221574,8636.9015,17.143047238855544,-4.2785202936079685,-0.04372746437128921,36.05417414261756
2019-11-23,1574467200,BTC/USD,7276.21,7356.49,7102.16,7320.39,5550.47222776,40631621.39137203,0,8542.571,8294.27940907561,9792.522995842908,7292.619004157093,8542.571,16.762766241867922,0.47406960066429527,0.004729494295981757,35.98860804036275
2019-11-24,1574553600,BTC/USD,7330.98,7349.68,6861.96,6908.36,6047.01776023,41774975.61406252,0,8417.451,8162.2870844017425,9795.863368700073,7039.038631299925,8417.451,6.7067656866956895,-5.62852525616806,-0.05793133282431074,39.423038734578576
2019-11-25,1574640000,BTC/USD,6900.9,7380.0,6515.0,7122.14,18716.60131311,133302254.87615326,0,8307.551,8063.2254573158625,9732.628732497084,6882.473267502916,8307.551,16.04733174711079,3.0945115772774034,0.030475969643813584,40.49669014385806
2019-11-26,1574726400,BTC/USD,7127.12,7344.91,7018.78,7159.22,7643.84956815,54724000.70529085,0,8198.273,7977.129699476257,9623.64516147188,6772.900838528118,8198.273,13.983535977502385,0.5206300353545412,0.005192794428844966,40.987483436151514
2019-11-27,1574812800,BTC/USD,7168.74,7676.27,6847.72,7527.84,15156.9919345,114099410.16420648,0,8114.697,7934.3402042880425,9487.984550999645,6741.409449000356,8114.697,26.460254384215304,5.148884934392295,0.050207111581253495,46.1919814241711
2019-11-28,1574899200,BTC/USD,7517.82,7659.92,7372.19,7436.72,6925.58489749,51503635.71886183,0,8048.164499999999,7886.947803879657,9417.240493484605,6679.088506515393,8048.164499999999,26.739435473242736,-1.2104401793874509,-0.012178256649576048,46.15640501680566
2019-11-29,1574985600,BTC/USD,7429.32,7870.35,7411.17,7753.69,7658.87160206,59384516.1521766,0,7995.2384999999995,7874.256584462547,9321.108985558376,6669.368014441623,7995.2384999999995,36.96859096283348,4.262228509342814,0.04173896766154118,47.32148841436155
2019-11-30,1575072000,BTC/USD,7753.69,7815.0,7452.08,7550.67,5446.27351349,41123014.03010354,0,7921.547500000001,7843.438814513733,9168.00393558262,6675.091064417381,7921.547500000001,33.92661687261213,-2.618366223049917,-0.026532558038578378,47.66654432176417
2019-12-01,1575158400,BTC/USD,7560.2,7560.2,7233.87,7412.66,5477.97290774,40606350.65428799,0,7856.1625,7802.4122607505205,9062.742349306582,6649.582650693419,7856.1625,32.06037053056993,-1.8277848190955237,-0.01844695179438399,46.41699769074073
2019-12-02,1575244800,BTC/USD,7411.75,7431.07,7140.08,7309.64,4324.30016255,31609077.440181985,0,7780.948999999999,7755.481569250471,8921.907146580528,6639.990853419468,7780.948999999999,34.64122240892762,-1.3897845038083445,-0.013995324308125114,45.569360561578506
2019-12-03,1575331200,BTC/USD,7317.94,7415.0,7238.04,7300.43,2552.20229834,18632174.224870287,0,7708.208500000001,7712.14332455995,8770.412072327012,6646.004927672989,7708.208500000001,35.14030935371564,-0.1259979971653835,-0.0012607744138092372,45.12538268981302
2019-12-04,1575417600,BTC/USD,7299.2,7772.71,7087.09,7197.78,7737.39153487,55692042.04185659,0,7636.2525000000005,7663.156341268526,8626.077478763551,6646.427521236451,7636.2525000000005,34.27862347492092,-1.4060815595793752,-0.014160605384974842,45.1519110218509
2019-12-05,1575504000,BTC/USD,7199.58,7500.0,7150.06,7390.42,4641.75678879,34304532.2070094,0,7582.598999999999,7637.181451623905,8497.086701989794,6668.111298010204,7582.598999999999,45.66209508113093,2.6763807729605515,0.02641192175982743,46.773042296337294
2019-12-06,1575590400,BTC/USD,7397.35,7618.99,7305.56,7541.79,4167.2401632,31428450.19042013,0,7535.457,7628.096551469247,8345.385513079393,6725.528486920609,7535.457,55.39034396771775,2.0481921189864805,0.0202749874713137,47.472794112624804
2019-12-07,1575676800,BTC/USD,7535.46,7638.88,7486.7,7502.65,2034.573719,15264694.51285535,0,7485.624000000001,7616.149260853128,8156.573377379815,6814.674622620187,7485.624000000001,53.83114862990085,-0.5189749383104014,-0.005203262907245963,47.38445679461613
2019-12-08,1575763200,BTC/USD,7505.86,7580.0,7382.69,7524.26,1798.77041268,13534416.265311616,0,7453.3045,7607.39790267664,8042.6240338238495,6863.984966176151,7453.3045,65.48857280811171,0.28803156218137893,0.0028761754608480827,47.409264025940594
2019-12-09,1575849600,BTC/USD,7516.8,7666.0,7268.03,7340.52,6582.47031165,48318754.97207306,0,7414.249000000001,7581.980959564579,7913.768329878381,6914.72967012162,7414.249000000001,55.57603921969156,-2.4419677150975594,-0.024722782125217325,46.35630827746813
2019-12-10,1575936000,BTC/USD,7332.05,7400.0,7150.23,7216.07,4090.62092926,29518206.96900521,0,7370.630500000001,7547.132296748905,7763.168223321678,6978.092776678324,7370.630500000001,51.38958823213088,-1.6953839782467783,-0.01709920142524662,46.54246280608415
2019-12-11,1576022400,BTC/USD,7224.5,7271.0,7122.28,7207.42,3419.93896517,24648936.49634556,0,7350.4259999999995,7514.778744677581,7732.210770582142,6968.641229417857,7350.4259999999995,40.4953725676317,-0.11987134271147504,-0.0011994324587209196,46.56529488580804
2019-12-12,1576108800,BTC/USD,7208.95,7296.19,7072.2,7188.42,4376.88899274,31462916.37319207,0,7345.5545,7483.696959470192,7733.249281332776,6957.859718667224,7345.5545,42.30545157051838,-0.2636172167016726,-0.002639652987571073,41.99995440777515
2019-12-13,1576195200,BTC/USD,7185.15,7302.35,7179.65,7257.47,3178.07849595,23064809.34200225,0,7342.4085000000005,7462.151534758745,7731.979677809701,6952.8373221903,7342.4085000000005,31.830897214329696,0.9605726988684671,0.009559885321096789,39.422340238129564
2019-12-14,1576281600,BTC/USD,7255.94,7269.0,7007.48,7059.03,2012.34890643,14205231.300956562,0,7349.942,7423.759007638864,7708.787308622027,6991.096691377973,7349.942,31.938015253714255,-2.734286190642199,-0.02772363495520756,40.50070342322298
2019-12-15,1576368000,BTC/USD,7066.35,7225.23,7007.0,7115.08,1848.34572822,13151127.723943558,0,7349.589,7394.361006911354,7709.390467005049,6989.787532994951,7349.589,38.366874638395046,0.7940184416272533,0.007908827031566083,35.04342862904517
2019-12-16,1576454400,BTC/USD,7115.08,7147.91,6820.0,6882.19,5923.05547919,40763593.18832663,0,7335.7375,7345.582815776939,7744.408102750759,6927.066897249241,7335.7375,34.83025644301543,-3.273188776514113,-0.03327956008202057,35.33740864779143
2019-12-17,1576540800,BTC/USD,6882.08,6938.77,6550.0,6612.3,7107.25638535,46995311.3968498,0,7289.960499999999,7275.746357131517,7800.451113078328,6779.469886921671,7289.960499999999,29.391999137502495,-3.9215714765212684,-0.04000536426728831,37.63168438039049
2019-12-18,1576627200,BTC/USD,6619.53,7449.68,6425.0,7286.91,12873.63439214,93809015.1884289,0,7282.470000000001,7276.80956121423,7788.268371852319,6776.671628147683,7282.470000000001,51.98815095046687,10.202350165600471,0.09714803686992947,48.158361522133106
2019-12-19,1576713600,BTC/USD,7286.91,7372.12,7000.0,7149.57,5936.55634536,42443825.15009549,0,7252.264,7264.691507765256,7709.387279348294,6795.140720651706,7252.264,44.49165915754517,-1.8847495028757044,-0.01902737281294102,48.40664131207329
2019-12-20,1576800000,BTC/USD,7157.53,7218.11,7072.61,7194.11,3201.66392251,23033122.44156841,0,7234.436,7257.9694594066605,7669.854016860061,6799.017983139938,7234.436,41.63989612388189,0.6229745285380783,0.0062104206391085165,45.871459465069734
2019-12-21,1576886400,BTC/USD,7194.13,7194.13,7109.73,7147.4,1689.08199513,12072544.65199216,0,7221.173,7247.439034701264,7649.840546908631,6792.5054530913685,7221.173,41.488857051131546,-0.6492811480502847,-0.0065139814658660864,45.1267758073088
2019-12-22,1576972800,BTC/USD,7147.4,7530.0,7124.52,7509.7,3796.22608082,28508518.999133952,0,7231.176000000001,7272.4162694916195,7677.508559959537,6784.843440040466,7231.176000000001,49.70012275195043,5.06897613118058,0.049446864029923196,48.152667097897584
2019-12-23,1577059200,BTC/USD,7521.88,7692.98,7247.86,7316.17,6710.7673604,49097114.83913767,0,7231.962999999999,7276.583291444798,7678.864863245906,6785.061136754091,7231.962999999999,49.50050257441177,-2.5770669933552592,-0.026108551240428993,48.79445391309317
2019-12-24,1577145600,BTC/USD,7317.47,7431.1,7156.0,7251.52,4194.58980335,30417151.850788597,0,7234.65,7274.196311307198,7681.332663149049,6787.96733685095,7234.65,50.745483986288995,-0.8836590729848992,-0.008875864935616134,48.89129281145588
2019-12-25,1577232000,BTC/USD,7247.45,7266.81,7110.73,7195.79,1504.52751296,10826264.032482438,0,7224.9185,7266.729043563655,7665.754409860049,6784.08259013995,7224.9185,49.7601794839013,-0.7685285291911259,-0.007714969281342194,48.71204087774316
2019-12-26,1577318400,BTC/USD,7195.8,7432.0,7150.0,7188.3,3116.74715162,22404113.549990047,0,7207.244000000001,7259.259610843307,7622.171521960199,6792.316478039802,7207.244000000001,49.99751369539453,-0.10408864071907997,-0.0010414285056550667,47.75447705492783
2019-12-27,1577404800,BTC/USD,7195.17,7255.37,7052.0,7246.0,4024.57086599,29162040.49496354,0,7194.4115,7257.9967907629925,7586.095285417495,6802.7277145825055,7194.4115,49.76122771007589,0.8026932654452423,0.007994888195459947,47.24147755231677
2019-12-28,1577491200,BTC/USD,7247.7,7349.65,7231.0,7296.24,1579.70272647,11525890.220979473,0,7183.010499999999,7261.639001166517,7546.530208086643,6819.490791913356,7183.010499999999,55.26274920463067,0.693348054098819,0.0069095544949669485,47.321207163491934
2019-12-29,1577577600,BTC/USD,7297.43,7524.46,7274.43,7385.54,2583.85134193,19083137.439877693,0,7185.2615000000005,7273.439096293516,7553.415890398246,6817.107109601755,7185.2615000000005,55.91319329053924,1.2239180728704113,0.012164887533871342,47.53411652619129
2019-12-30,1577664000,BTC/USD,7372.79,7384.9,7199.0,7220.24,3722.91334933,26880327.88136644,0,7185.469999999999,7268.372515694134,7553.702570788494,6817.237429211505,7185.469999999999,57.61603727251018,-2.238157264059226,-0.022635841152228605,47.40758327864427
2019-12-31,1577750400,BTC/USD,7222.74,7302.35,7112.55,7168.36,2638.69130899,18915089.231711555,0,7183.517000000002,7258.847514199454,7551.673714291518,6815.360285708485,7183.517000000002,63.8923310614994,-0.7185356719444203,-0.007211295723723385,47.10164345133888
2020-01-01,1577836800,BTC/USD,7160.69,7237.35,7150.0,7178.68,1119.10969318,8033730.372237403,0,7183.030000000001,7251.212512847125,7551.1851742633435,6814.874825736658,7183.030000000001,45.95259642640781,0.14396598385126858,0.0014386245218374768,47.104273302583046
2020-01-02,1577923200,BTC/USD,7174.7,7184.94,6900.0,6950.56,3972.70795427,27612544.99863089,0,7167.6845,7222.578940195019,7548.154542667485,6787.214457332516,7167.6845,43.030935488615455,-3.1777429833896975,-0.03229329027737427,48.400792793765355
2020-01-03,1578009600,BTC/USD,6945.7,7402.31,6853.53,7338.91,8072.72908749,59245032.22747123,0,7181.6785,7233.658088747874,7565.891608150629,6797.465391849371,7181.6785,54.08665515178198,5.587319582882522,0.05436809836637257,52.053914676401
2020-01-04,1578096000,BTC/USD,7332.58,7396.1,7256.03,7344.48,3256.73735349,23919042.35796023,0,7193.1485,7244.212556486172,7582.650580112045,6803.646419887956,7193.1485,55.69437381535759,0.07589682936566255,0.0007586804228685627,51.03094636320139
2020-01-05,1578182400,BTC/USD,7356.05,7495.0,7310.0,7356.7,2707.27385549,19916601.57268328,0,7216.874000000001,7254.925646344632,7583.774904986663,6849.973095013338,7216.874000000001,44.45812807881774,0.16638346077599842,0.0016624519684020128,50.9839362026539
2020-01-06,1578268800,BTC/USD,7352.12,7817.0,7342.46,7762.74,6728.28277831,52229909.85449817,0,7274.395999999999,7303.288918121334,7600.68668753915,6948.105312460848,7274.395999999999,64.01742722438806,5.519322522326586,0.053723902028167826,52.37554941784612
2020-01-07,1578355200,BTC/USD,7768.17,8220.0,7697.03,8159.01,12158.32281238,99199877.40943654,0,7318.000999999999,7384.78616401454,7831.004348502496,6804.997651497502,7318.000999999999,73.576925275262,5.104769707603252,0.04978747343026358,51.727791508831075
2020-01-08,1578441600,BTC/USD,8151.79,8463.57,7872.09,8044.44,11913.23248192,95835283.90685652,0,7362.744500000001,7447.610338870299,7962.6346780361555,6762.854321963846,7362.744500000001,71.39414229316768,-1.4042144819040647,-0.014141668517198428,41.45118214298228
2020-01-09,1578528000,BTC/USD,8048.94,8048.94,7737.97,7806.78,5957.24423978,46506895.186229706,0,7393.378,7481.816973263604,8019.028949655038,6767.727050344962,7393.378,63.97038228358194,-2.9543386488058765,-0.029988582666622365,42.40501303118415
2020-01-10,1578614400,BTC/USD,7812.7,8200.0,7667.0,8200.0,8999.98825687,73799903.706334,0,7446.008,7550.215356762308,8155.9481476210885,6736.067852378911,7446.008,68.71278039747985,5.036903819500482,0.049141567367719,45.18007217897465
2020-01-11,1578700800,BTC/USD,8200.0,8286.0,8000.0,8016.22,3788.3273136,30368065.17782659,0,7471.334,7594.596751356375,8225.596029198454,6717.071970801546,7471.334,63.41944382315665,-2.241219512195114,-0.02266716519452806,46.091579400113616
2020-01-12,1578787200,BTC/USD,8008.1,8190.0,7960.0,8180.76,2056.08675369,16820352.271117005,0,7514.563500000001,7650.421822655768,8328.153572709609,6700.973427290393,7514.563500000001,64.41744263626606,2.0525883770655007,0.02031806675860516,43.62784457001404
2020-01-13,1578873600,BTC/USD,8180.75,8196.81,8039.0,8105.01,4011.43909644,32512753.991037164,0,7557.237999999999,7693.7159347837905,8401.684222515114,6712.791777484884,7557.237999999999,66.57934482383848,-0.9259530899329627,-0.00930266684111372,42.537613700116616
2020-01-14,1578960000,BTC/USD,8105.01,8895.0,8105.01,8813.04,17009.43193382,149904804.01003304,0,7638.1005000000005,7800.318226709143,8633.119027867195,6643.081972132806,7638.1005000000005,74.73619617138526,8.73570791399394,0.08375005386362715,50.1797188344452
2020-01-15,1579046400,BTC/USD,8813.2,8903.2,8555.0,8809.17,8606.88339936,75819499.03514013,0,7719.144,7896.39934797494,8818.475489921346,6619.812510078655,7719.144,74.57044777109031,-0.04391220282673469,-0.00043921847057953097,49.93179483312849
2020-01-16,1579132800,BTC/USD,8810.62,8852.35,8573.91,8710.15,6713.2584764,58473488.31821546,0,7792.3515,7973.899410072565,8952.347605134593,6632.355394865406,7792.3515,77.5893806308778,-1.1240559553283735,-0.011304212085711078,50.3331902671347
2020-01-17,1579219200,BTC/USD,8715.39,9015.22,8661.52,8892.63,9363.15892644,83263107.96402813,0,7872.171,8061.397561494226,9105.789569743867,6638.552430256133,7872.171,76.04273521464822,2.095027066123989,0.020733831494114684,50.489734138743295
2020-01-18,1579305600,BTC/USD,8898.03,9000.1,8798.9,8908.53,3678.00926615,32765655.88777526,0,7948.3205,8142.076841351918,9242.019847151441,6654.621152848558,7948.3205,76.1254113284447,0.17879974765622197,0.0017864009118932311,50.557209187980014
2020-01-19,1579392000,BTC/USD,8901.02,9188.1,8461.38,8696.6,8785.449927,76403543.8351482,0,8022.138499999999,8194.888570746974,9309.380722088537,6734.896277911462,8022.138499999999,70.9814410001691,-2.378955899570412,-0.024077100027696686,51.85919505348734
2020-01-20,1579478400,BTC/USD,8698.97,8740.54,8507.93,8625.17,4420.19825219,38124961.35884162,0,8094.978999999999,8235.867754485358,9343.077262931529,6846.88073706847,8094.978999999999,65.08562332732774,-0.8213554722535266,-0.008247471810710014,51.02872152976017
2020-01-21,1579564800,BTC/USD,8629.66,8778.66,8480.0,8717.89,3394.68916005,29594526.68150829,0,8171.939499999999,8281.774635010563,9370.997457994774,6972.881542005223,8171.939499999999,60.93741438021055,1.0749933044797988,0.010692563295652198,50.711552513354064
2020-01-22,1579651200,BTC/USD,8728.47,8792.98,8567.68,8655.93,3143.81212331,27212617.67252273,0,8257.208,8317.40847929527,9326.032195648793,7188.383804351208,8257.208,62.218607755296155,-0.7107224339834461,-0.007132600968489261,50.96566307330465
2020-01-23,1579737600,BTC/USD,8661.63,8665.95,8280.0,8378.44,8611.0107876,72146837.22325934,0,8309.1845,8323.221005076673,9287.230281480965,7331.138718519034,8309.1845,61.243765046496634,-3.205779159489508,-0.03258289554864103,50.99525449847897
2020-01-24,1579824000,BTC/USD,8382.08,8530.7,8212.9,8422.13,6430.43023326,54157919.38044604,0,8363.067000000001,8332.640909355086,9229.731483519296,7496.402516480705,8363.067000000001,55.06547051660364,0.5214574550870932,0.005201025737451887,48.24120670243215
2020-01-25,1579910400,BTC/USD,8435.83,8437.47,8252.72,8329.5,2812.78995216,23429133.906516723,0,8411.707,8332.341775130793,9138.458244783089,7684.955755216912,8411.707,57.45393634840871,-1.099840539151009,-0.011059335016447808,48.59257768338395
2020-01-26,1579996800,BTC/USD,8320.0,8600.0,8276.22,8590.48,6340.58577579,54468675.29520848,0,8453.094000000001,8356.926367975479,9115.678883790339,7790.509116209663,8453.094000000001,59.320800043678446,3.133201272585384,0.030851182996347426,49.31148288275952
2020-01-27,1580083200,BTC/USD,8600.0,9004.35,8546.55,8894.54,9619.7747426,85563471.23904541,0,8489.8705,8408.127666263528,9165.253886154691,7814.487113845312,8489.8705,66.27098454778893,3.5394995390246153,0.03478299197026043,47.47086638320549
2020-01-28,1580169600,BTC/USD,8894.57,9413.24,8876.0,9400.0,9565.55935515,89916257.93841,0,8557.6485,8502.591698047954,9312.245379853975,7803.051620146023,8557.6485,63.19829827038791,5.682812152174255,0.05527208394171598,48.13468199685293
2020-01-29,1580256000,BTC/USD,9386.57,9443.96,9215.5,9289.18,6481.91594603,60211683.96754296,0,8631.7685,8577.504869662434,9366.785504580304,7896.751495419697,8631.7685,60.298124493149764,-1.1789361702127632,-0.011859407299681511,48.01626498773337
2020-01-30,1580342400,BTC/USD,9280.83,9570.0,9166.07,9500.0,7945.15877894,75479008.39993,0,8696.7685,8665.361548742203,9497.96357918917,7895.573420810829,8696.7685,66.16974496083725,2.269522175261973,0.022441516630218494,46.354007142584244
2020-01-31,1580428800,BTC/USD,9510.84,9529.35,9195.93,9327.85,5009.62230695,46729005.43588356,0,8762.35,8728.455686957232,9543.467731108913,7981.232268891088,8762.35,58.94763244025595,-1.8121052631578927,-0.018287249745148792,44.92337422769509
2020-02-01,1580515200,BTC/USD,9339.26,9464.16,9280.33,9377.17,1669.00246242,15650519.820530953,0,8822.170499999998,8790.238002485114,9598.98927337815,8045.351726621847,8822.170499999998,59.50410876672102,0.5287392057119256,0.005273462877518969,43.69189834248773
2020-02-02,1580601600,BTC/USD,9379.6,9474.28,9135.0,9329.39,3015.79158859,28135495.88867566,0,8883.389500000001,8841.585811772246,9613.835982191833,8152.943017808169,8883.389500000001,63.74847369541696,-0.5095353928744051,-0.0051083795100437795,43.637380249184815
2020-02-03,1580688000,BTC/USD,9309.69,9615.0,9211.07,9288.09,4758.13350441,44193972.22097547,0,8907.142,8884.110020174889,9658.550798726978,8155.733201273023,8907.142,64.59417571482669,-0.4426870352723933,-0.004436697957697542,43.450930478491884
2020-02-04,1580774400,BTC/USD,9281.0,9348.6,9075.0,9159.37,4867.22545881,44580718.85066056,0,8924.651999999998,8910.32525634871,9682.739700456394,8166.564299543603,8924.651999999998,59.5675239903259,-1.3858608174554643,-0.013955535242927874,33.63362468961256
2020-02-05,1580860800,BTC/USD,9168.49,9775.0,9142.52,9618.42,8063.96793828,77562630.49691112,0,8970.0655,8977.762850982166,9781.02539617185,8159.105603828151,8970.0655,67.7957452473311,5.011807580652383,0.04890261099612093,37.35091428226979
2020-02-06,1580947200,BTC/USD,9617.84,9859.57,9521.0,9754.63,7554.48867469,73691241.86079131,0,9013.1655,9051.750198507674,9895.299130609155,8131.031869390844,9013.1655,76.84735406692967,1.4161369538863822,0.014062034064382056,37.05795770802452
2020-02-07,1581033600,BTC/USD,9754.63,9878.0,9706.94,9803.42,4013.49096731,39345937.6187462,0,9057.91,9123.3377986498,10006.01292101766,8109.8070789823405,9057.91,76.8933331775756,0.5001727384841947,0.0049892603004494645,36.63567175731573
2020-02-08,1581120000,BTC/USD,9803.71,9948.97,9658.58,9902.0,3268.73554695,32367019.3858989,0,9118.18,9197.496103540294,10121.234756442125,8115.125243557876,9118.18,80.54536837034394,1.0055674448304686,0.010005452550082686,36.66553767223535
2020-02-09,1581206400,BTC/USD,9907.7,10178.54,9885.04,10173.97,4830.33787739,49143712.65442954,0,9195.619999999999,9290.493617488837,10274.679932290048,8116.560067709951,9195.619999999999,80.62807781727875,2.746616845081795,0.027095740764248283,35.82162327875888
2020-02-10,1581292800,BTC/USD,10173.51,10199.85,9731.2,9850.01,7560.66789084,74472654.3314529,0,9252.226,9343.780892013709,10344.464130723532,8159.987869276468,9252.226,68.33964828229551,-3.1842043961206823,-0.03236002729157103,38.058801825557886
2020-02-11,1581379200,BTC/USD,9851.99,10383.9,9706.94,10268.98,8127.59636283,83462124.49797401,0,9332.8785,9431.895092774308,10476.722241560201,8189.0347584398,9332.8785,67.25234669080862,4.253498219798746,0.04165523019304309,39.9700755903231
2020-02-12,1581465600,BTC/USD,10270.98,10495.0,10247.35,10348.78,6553.40942709,67819792.41088045,0,9431.3955,9519.217464891042,10568.500681534568,8294.290318465433,9431.3955,71.29917746098371,0.7770976280020214,0.007740937762558591,39.6004177566109
2020-02-13,1581552000,BTC/USD,10348.78,10500.5,10068.0,10228.67,9347.45128374,95611994.52245285,0,9521.7225,9586.784372996657,10607.093099931133,8436.351900068867,9521.7225,65.20146367311858,-1.1606198991572003,-0.011674076631149596,37.47207924371294
2020-02-14,1581638400,BTC/USD,10229.19,10398.0,10093.26,10364.04,6190.37749036,64157319.92519066,0,9623.4495,9660.808718425547,10615.711773467277,8631.187226532724,9623.4495,71.95382913899991,1.3234369668783996,0.013147560469756328,37.45827641156971
2020-02-15,1581724800,BTC/USD,10364.04,10408.04,9739.0,9899.78,5762.30634481,57045565.10622314,0,9688.9145,9683.567888099304,10559.533786508857,8818.295213491145,9688.9145,59.41683754554269,-4.479527288586304,-0.045829587534712134,41.61335461170943
2020-02-16,1581811200,BTC/USD,9909.71,10051.24,9598.49,9912.89,4133.47675014,40974700.3416953,0,9739.831999999999,9705.408089232704,10530.258609252796,8949.4053907472,9739.831999999999,60.64703306328007,0.13242718525057207,0.0013233957778913926,40.84031089892184
2020-02-17,1581897600,BTC/USD,9925.96,9973.45,9467.57,9697.15,5913.20492551,57341235.1434093,0,9754.6895,9704.621604543874,10529.23162290001,8980.147377099991,9754.6895,57.0173331869459,-2.1763582567747575,-0.02200390254486582,40.67820139809259
2020-02-18,1581984000,BTC/USD,9725.57,10288.0,9602.6,10185.17,6754.35394103,68794243.12956053,0,9799.489,9750.388118396839,10564.248761105704,9034.729238894295,9799.489,65.66613926950401,5.0326126748580835,0.0491007128476096,39.745768172997906
2020-02-19,1582070400,BTC/USD,10190.3,10300.0,9312.0,9595.72,9936.8206814,95350948.9489236,0,9804.275,9735.657821406663,10562.311676838079,9046.23832316192,9804.275,49.66660204327416,-5.787335901118984,-0.0596155750248122,45.18960833085918
2020-02-20,1582156800,BTC/USD,9589.1,9706.27,9396.91,9612.76,6608.4910792,63525838.70649059,0,9818.5205,9723.953266986982,10549.069197248664,9087.971802751337,9818.5205,47.8407510113632,0.1775791707136154,0.0017742168531753506,44.54806628263108
2020-02-21,1582243200,BTC/USD,9610.4,9773.2,9562.6,9696.13,4271.47074293,41416735.61464585,0,9834.468499999999,9721.30343203584,10537.871363088565,9131.065636911433,9834.468499999999,48.38406506514044,0.867284734040985,0.008635454247433545,44.08659309268925
2020-02-22,1582329600,BTC/USD,9696.13,9722.39,9568.51,9668.13,2096.56353593,20269848.818630908,0,9851.405499999999,9716.239295651474,10519.00307939955,9183.807920600448,9851.405499999999,46.40108089142765,-0.2887750061106864,-0.002891927655819229,44.09729723394234
2020-02-23,1582416000,BTC/USD,9664.08,10024.08,9664.08,9965.21,3329.22433648,33176419.65013386,0,9885.2615,9739.950791303714,10499.087044400922,9271.43595559908,9885.2615,46.8121235813675,3.072776224564633,0.03026511802884557,45.12447424263611
2020-02-24,1582502400,BTC/USD,9969.79,10027.66,9480.0,9652.58,5877.00770771,56728287.0592874,0,9909.922,9731.629763560502,10434.029853609234,9385.814146390767,9909.922,46.97467016043764,-3.1372143687890097,-0.03187479007066596,46.67917303678813
2020-02-25,1582588800,BTC/USD,9664.87,9682.73,9234.21,9305.4,6280.00295543,58437939.50145832,0,9894.270999999999,9691.036452745217,10471.076596545712,9317.465403454285,9894.270999999999,34.90235525639581,-3.596758586823423,-0.03663036031887195,48.27897370527001
2020-02-26,1582675200,BTC/USD,9305.4,9369.99,8627.78,8779.36,11564.19794381,101526256.85996775,0,9845.5075,9604.21012391234,10607.266773672764,9083.748226327236,9845.5075,28.426623412327487,-5.653061663120329,-0.05819136475961565,49.06845248248355
2020-02-27,1582761600,BTC/USD,8778.37,8974.75,8520.0,8816.5,9273.9036636,81763371.65012941,0,9796.1615,9529.190112111164,10686.424758575582,8905.898241424418,9796.1615,30.135070883376514,0.4230376701718441,0.004221453814131644,48.72046290957777
2020-02-28,1582848000,BTC/USD,8816.5,8900.94,8421.49,8703.84,6546.98122765,56983877.08846918,0,9736.2535,9450.585339529149,10749.314134383763,8723.192865616238,9736.2535,26.495871699908236,-1.2778313389667062,-0.01286065827415298,48.66021053835185
2020-02-29,1582934400,BTC/USD,8710.0,8805.06,8525.0,8527.74,2338.06785643,19938434.78199237,0,9653.942,9362.69530719304,10778.621300920993,8529.262699079005,9653.942,28.849782337924978,-2.023244912590305,-0.02043992843784001,48.56766925235549
2020-03-01,1583020800,BTC/USD,8525.0,8756.11,8410.0,8528.95,4156.57173933,35451192.53615861,0,9587.889,9283.290992222273,10814.625889422343,8361.152110577656,9587.889,28.58778460605386,0.014188987938190678,0.00014187981396508053,47.04921368818605
2020-03-02,1583107200,BTC/USD,8516.0,8980.34,8486.72,8917.34,6186.86088929,55170342.08250129,0,9520.306999999999,9248.438516772534,10737.94929532846,8302.664704671537,9520.306999999999,38.54672459323623,4.553784463503696,0.04453143687374415,49.58636899880972
2020-03-03,1583193600,BTC/USD,8917.34,8921.8,8660.04,8755.45,4629.97228611,40537490.852421805,0,9440.6405,9201.487229460865,10638.384370458174,8242.896629541825,9440.6405,26.776536784723447,-1.8154516929936415,-0.018321332224178966,46.78990961152309
2020-03-04,1583280000,BTC/USD,8755.45,8850.0,8663.76,8753.28,3353.2325223,29351783.172798146,0,9366.871000000001,9158.800826655068,10541.7787887921,8191.963211207902,9366.871000000001,33.0896463125778,-0.024784562758051187,-0.0002478763463838528,46.54121124811918
2020-03-05,1583366400,BTC/USD,8757.79,9169.0,8757.79,9066.65,6448.68567336,58467975.96036944,0,9302.0015,9150.024557449824,10384.743154218644,8219.259845781356,9302.0015,40.203356020134656,3.5800294289683343,0.03517435912586367,48.844316809651914
2020-03-06,1583452800,BTC/USD,9059.0,9187.85,8990.01,9153.79,4136.42339429,37863951.10241786,0,9264.702000000001,9150.383171026031,10311.538591694043,8217.86540830596,9264.702000000001,40.28412755284846,0.9611047079130852,0.00956515478053722,48.68525490589156
2020-03-07,1583539200,BTC/USD,9154.1,9219.13,8859.49,8893.93,2805.5915714,24952735.0446216,0,9213.754,9125.959059499743,10226.387643388482,8201.12035661152,9213.754,37.194246508273636,-2.838824137324547,-0.02879897959434019,47.26255094163812
2020-03-08,1583625600,BTC/USD,8901.12,8901.12,7995.48,8033.7,9068.89040196,72856744.82222605,0,9130.581499999998,9021.934387166433,10244.255383065514,8016.907616934483,9130.581499999998,23.06881464357322,-9.672102209034705,-0.10172382764264568,57.80259893877723
2020-03-09,1583712000,BTC/USD,8035.79,8191.13,7636.0,7936.25,12177.39425093,96642845.1239432,0,9018.1355,8918.535874102963,10137.596740615845,7898.6742593841545,9018.1355,24.541433415508948,-1.2130151735812889,-0.012204322437886942,57.645842162353
2020-03-10,1583798400,BTC/USD,7937.2,8158.42,7733.99,7885.92,8274.9537573,65255623.33376721,0,8932.6455,8820.191505140776,10125.14894902474,7740.142050975261,8932.6455,26.911365721312436,-0.6341786108048475,-0.006361980658523247,53.596124870928286
2020-03-11,1583884800,BTC/USD,7893.63,7988.78,7591.99,7934.57,7289.61145281,57839932.34512264,0,8848.736,8735.846599889273,10075.420804664955,7622.051195335046,8848.736,33.73270327621995,0.6169223121715639,0.006150271369869626,51.04381453593526
2020-03-12,1583971200,BTC/USD,7956.29,7969.9,4776.59,4841.67,58513.38918903,283302521.0348509,0,8606.012999999999,8364.972637995057,10723.996220947425,6488.029779052573,8606.012999999999,14.839137703786918,-38.980058150599206,-0.4939694596760823,175.34086438109262
2020-03-13,1584057600,BTC/USD,4841.67,5990.35,3850.0,5622.74,54419.64133553,305987494.122938,0,8403.7435,8103.807624852671,10842.956817887356,5964.530182112645,8403.7435,25.627139774330942,16.13224362668253,0.14955938704060256,185.9947200886464
2020-03-14,1584144000,BTC/USD,5623.16,5663.01,5051.0,5169.37,15370.8681496,79457704.68649775,0,8163.9515,7824.337374866702,10883.640255019604,5444.262744980397,8163.9515,24.550206652591754,-8.063150705883604,-0.08406826534974021,186.85058948147395
2020-03-15,1584230400,BTC/USD,5167.38,5965.77,5092.34,5343.64,16589.30386378,88647267.69864936,0,7948.5045,7588.080482022255,10848.382967133819,5048.626032866181,7948.5045,26.47860241113321,3.3712038410870226,0.03315624446709302,186.97036383694322
2020-03-16,1584316800,BTC/USD,5353.04,5353.04,4435.89,5033.42,34905.46359769,175693858.5818848,0,7734.905500000001,7344.779483734421,10836.287651231603,4633.523348768398,7734.905500000001,20.98486161496028,-5.805406052802963,-0.05980739514816401,187.26191001779765
2020-03-17,1584403200,BTC/USD,5051.41,5569.9,4936.0,5324.99,17517.84242049,93282335.71068504,0,7562.187,7152.418580521618,10800.39271946939,4323.981280530609,7562.187,24.859584322692214,5.792681715414161,0.05631116011187519,189.66251073974826
2020-03-18,1584489600,BTC/USD,5340.95,5452.43,5006.87,5406.92,22559.23112903,121975957.97617488,0,7391.7080000000005,6986.18062047194,10709.887598835872,4073.5284011641293,7391.7080000000005,25.75930551289703,1.5385944386750117,0.015268780995670621,189.82689611680752
2020-03-19,1584576000,BTC/USD,5413.0,6433.98,5266.38,6181.18,24783.73487365,153192726.3263079,0,7265.575,6909.513894712707,10565.47921767536,3965.6707823246397,7265.575,30.406274403286602,14.319797592714533,0.13382957709936516,197.33679374553944
2020-03-20,1584662400,BTC/USD,6192.94,7139.0,5670.0,6210.14,30082.50248252,186816551.9667968,0,7149.6950000000015,6842.906857121021,10425.662236250926,3873.727763749077,7149.6950000000015,29.85200689384223,0.46851895592749937,0.0046742482201938525,197.47557152982773
2020-03-21,1584748800,BTC/USD,6207.66,6461.91,5866.44,6187.78,11796.72656887,72995548.72832242,0,7032.6365000000005,6780.513823109495,10268.153170542588,3797.119829457413,7032.6365000000005,30.855159552717552,-0.36005629502717795,-0.0036070605784862533,197.51478039547516
2020-03-22,1584835200,BTC/USD,6199.17,6419.0,5705.0,5813.15,10813.38456907,62859826.50768927,0,6877.427000000001,6688.383935194305,10028.999334679953,3725.854665320049,6877.427000000001,33.13157003146475,-6.054352287896469,-0.06245378677801253,198.08863502499014
2020-03-23,1584921600,BTC/USD,5816.57,6629.79,5686.34,6493.51,19053.80456405,123726070.47470433,0,6764.33,6669.824512794848,9792.04555726513,3736.6144427348695,6764.33,39.93186208282623,11.703809466468273,0.11068062395017808,202.01685228416136
2020-03-24,1585008000,BTC/USD,6494.7,6893.0,6400.01,6768.64,19719.09402414,133471448.57555497,0,6665.098000000001,6679.235511576291,9544.816508967233,3785.3794910327697,6665.098000000001,42.440268049496055,4.236999712020162,0.04149696391254893,202.95739654358366
2020-03-25,1585094400,BTC/USD,6768.64,6989.04,6457.17,6692.22,16675.73512097,111597688.09125786,0,6546.3765,6680.472129521407,9195.789006264067,3896.963993735933,6546.3765,41.62549124025104,-1.1290303517397904,-0.01135452282199079,202.91106047433846
2020-03-26,1585180800,BTC/USD,6695.47,6798.89,6528.07,6760.72,7393.70723365,49986784.36868223,0,6426.723,6688.114783852701,8779.910547468779,4073.5354525312214,6426.723,71.84188661635991,1.0235766307742367,0.010183735600024533,202.3507158986777
2020-03-27,1585267200,BTC/USD,6765.15,6872.67,6210.0,6376.03,10816.28556504,68964961.25126198,0,6300.8279999999995,6658.392423485777,8347.728282368957,4253.9277176310425,6300.8279999999995,59.42397045540412,-5.690074429942382,-0.05858374663780903,202.7285348149125
2020-03-28,1585353600,BTC/USD,6376.03,6376.03,6030.51,6253.08,11613.49398164,72620106.94671345,0,6211.7970000000005,6619.791240296655,8089.222884007426,4334.371115992575,6211.7970000000005,64.77954312990111,-1.9283158956278412,-0.019471504258867973,202.6871546012348
2020-03-29,1585440000,BTC/USD,6275.11,6278.24,5869.0,5870.9,9298.9390511,54593141.27510299,0,6108.5295,6548.468265030307,7805.06757542518,4411.99142457482,6108.5295,56.80482995023436,-6.111868071414417,-0.06306619829872588,201.08175806196243
2020-03-30,1585526400,BTC/USD,5878.47,6630.0,5856.0,6407.77,14974.444163,95952794.07434651,0,6034.622,6535.068430265516,7520.898050205594,4548.345949794407,6034.622,66.75705531346244,9.144594525541239,0.08750337242415285,204.19471828974153
2020-03-31,1585612800,BTC/USD,6408.95,6527.24,6337.42,6421.14,6342.29832651,40724785.476286426,0,5958.9505,6524.218103573562,7165.764365741654,4752.136634258346,5958.9505,64.33771690023309,0.2086529322993691,0.002084355543929826,204.23561288975995
2020-04-01,1585699200,BTC/USD,6428.74,6710.21,6137.71,6652.07,11319.14793815,75295764.42492947,0,6049.4705,6536.394474661794,7172.072751696806,4926.868248303194,6049.4705,65.67563280382512,3.5964018850235258,0.03533241239462049,204.77197810260233
2020-04-02,1585785600,BTC/USD,6669.95,7236.39,6575.13,6801.99,17212.82067331,117081434.0916479,0,6108.433,6561.689286598767,7260.161702870056,4956.704297129944,6108.433,59.27337800655459,2.2537345518011787,0.022287132001841285,103.64597899515522
2020-04-03,1585872000,BTC/USD,6789.63,7047.96,6610.0,6742.57,10570.10640235,71269682.32529303,0,6187.093,6578.916021208408,7282.280345532601,5091.905654467399,6187.093,57.88147661299155,-0.8735678823403203,-0.008774058544408918,91.8113213144849
2020-04-04,1585958400,BTC/USD,6737.36,7014.0,6655.54,6879.61,6018.51563233,41405040.32933379,0,6263.8915,6607.553542998083,7324.926190504366,5202.856809495634,6263.8915,59.904764904464244,2.0324594331241563,0.02012080640834828,85.42610376249854
2020-04-05,1586044800,BTC/USD,6887.22,6914.01,6678.51,6775.2,3981.97692417,26978690.056636583,0,6350.9805,6623.51987223636,7262.105982154099,5439.8550178459,6350.9805,64.92851135407906,-1.517673240198203,-0.01529307766677374,85.67762663863722
2020-04-06,1586131200,BTC/USD,6780.57,7376.59,6773.75,7352.43,13683.03789416,100603578.3041588,0,6452.3525,6692.939884404325,7333.491685776314,5571.213314223686,6452.3525,63.76889190974203,8.519748494509404,0.08176198420420579,84.90457395997745
2020-04-07,1586217600,BTC/USD,7335.85,7469.0,7077.0,7202.73,11669.01426524,84048759.1186721,0,6542.142999999999,6741.491323984866,7336.44114898306,5747.844851016938,6542.142999999999,57.250227984086195,-2.0360615469987575,-0.020570750006296774,84.71537933602579
2020-04-08,1586304000,BTC/USD,7204.78,7428.95,7152.0,7367.36,8720.21050049,64244930.03289001,0,6601.452,6801.097864557736,7457.041426882841,5745.86257311716,6601.452,60.95352127300573,2.285661131265515,0.02259931225070732,84.76307948284142
2020-04-09,1586390400,BTC/USD,7370.85,7376.59,7107.38,7293.93,8324.9217727,60721396.66554971,0,6655.6415,6848.0342584093805,7543.551960285996,5767.731039714004,6655.6415,58.637021870758105,-0.9966935238674313,-0.010016937662413409,73.14783064446684
2020-04-10,1586476800,BTC/USD,7299.12,7306.1,6750.15,6877.03,10727.86685616,73775862.20581801,0,6690.104000000001,6850.795757608487,7554.754082881738,5825.453917118264,6690.104000000001,58.03147182732816,-5.7157115574183015,-0.058855622715959746,76.72218503030558
2020-04-11,1586563200,BTC/USD,6866.03,6955.59,6771.24,6883.18,3326.67476213,22898101.189197976,0,6743.6055,6853.879971169584,7506.173971651478,5981.037028348522,6743.6055,60.494040996875604,0.08942813976382524,0.000893881766266692,76.67544647121251
2020-04-12,1586649600,BTC/USD,6882.75,7201.76,6790.74,6908.24,7264.51928043,50185042.67383774,0,6764.342,6859.057116772481,7520.80640930926,6007.877590690739,6764.342,69.60900697904773,0.3640759067756294,0.003634147546905297,72.65437857537809
2020-04-13,1586736000,BTC/USD,6908.21,6914.01,6542.91,6864.22,10837.57453223,74391495.85562383,0,6769.121000000001,6859.548819937007,7526.906246259421,6011.335753740581,6769.121000000001,60.60421613132547,-0.6372100563964089,-0.006392489054586258,62.45411642896125
2020-04-14,1586822400,BTC/USD,6864.66,6991.0,6766.96,6879.75,7275.68657382,50054904.70623815,0,6778.4975,6861.472741847768,7536.9168277260615,6020.078172273939,6778.4975,60.64371486791963,0.22624566228937049,0.002259901121656427,60.83660123814363
2020-04-15,1586908800,BTC/USD,6868.88,6940.0,6598.55,6619.0,8109.73234254,53678318.37527226,0,6771.4115,6838.380099767028,7533.171042009936,6009.651957990064,6771.4115,49.242968789345255,-3.7901086522039273,-0.0386380129389518,62.23999394407206
2020-04-16,1586995200,BTC/USD,6619.0,7224.18,6472.67,7111.67,15726.69637377,111843074.80044892,0,6808.193499999999,6864.407709313025,7560.552541535377,6055.834458464622,6808.193499999999,56.12756931308223,7.443269376038675,0.07179279554833976,67.04877934839563
2020-04-17,1587081600,BTC/USD,7121.35,7158.22,6995.39,7024.19,8539.61835086,59983901.823927306,0,6846.748999999999,6879.625070330832,7557.194755339583,6136.303244660415,6846.748999999999,55.511154598825826,-1.2300908225494234,-0.012377190604262582,63.573038460470045
2020-04-18,1587168000,BTC/USD,7020.13,7306.15,7020.13,7262.26,5102.50261952,37055700.67363531,0,6916.317,6916.066492204087,7482.198994657836,6350.435005342164,6916.317,57.20342014209178,3.38928759045527,0.03333116907951924,63.68412762409859
2020-04-19,1587254400,BTC/USD,7265.94,7276.21,7057.46,7126.4,4662.19209244,33224645.727564417,0,6952.2485,6936.098254851317,7471.509090344868,6432.987909655131,6952.2485,56.534002113504094,-1.8707675021274461,-0.018884877079470914,59.231949454512325
2020-04-20,1587340800,BTC/USD,7124.27,7220.0,6757.75,6841.0,11365.00931766,77748028.74211206,0,6973.241499999999,6927.04127819881,7432.585604991633,6513.8973950083655,6973.241499999999,39.325861457224555,-4.00482712168837,-0.04087227830205049,54.349022852878036
2020-04-21,1587427200,BTC/USD,6833.0,6950.98,6774.48,6854.98,5570.95619043,38188793.26627384,0,6983.387,6920.1782993227325,7421.327589294505,6545.446410705495,6983.387,42.30617762497068,0.2043560882911688,0.0020414756527505342,54.34912737556677
2020-04-22,1587513600,BTC/USD,6850.6,7171.26,6819.59,7137.79,6273.40631495,44778256.86078696,0,7000.177000000001,6940.903223196758,7434.569289749398,6565.784710250603,7000.177000000001,45.17326784715594,4.12561378734877,0.04042780919797639,54.756860919223286
2020-04-23,1587600000,BTC/USD,7138.29,7756.69,7031.07,7484.58,14779.54814354,110618710.4441766,0,7037.277499999999,6992.681963844686,7504.534917969378,6570.020082030621,7037.277499999999,53.595175506417185,4.858506624599501,0.04744169944320518,56.51767752589674
2020-04-24,1587686400,BTC/USD,7494.2,7612.91,7391.57,7505.53,7357.10670681,55218985.101163656,0,7068.5735,7041.524633954716,7573.67956920573,6563.4674307942705,7068.5735,63.93248563524154,0.2799088258793381,0.0027951781061286225,56.315653980357816
2020-04-25,1587772800,BTC/USD,7518.81,7723.77,7432.8,7547.56,3800.82773036,28686975.34455592,0,7107.191499999999,7089.718478339981,7635.428035665247,6578.954964334751,7107.191499999999,64.49725058915946,0.5599871028428405,0.005584250040539571,56.05178957556433
2020-04-26,1587859200,BTC/USD,7565.0,7718.0,7485.0,7701.73,5247.54081807,40415142.54475426,0,7124.6565,7148.005289926648,7707.326273814368,6541.9867261856325,7124.6565,66.39096719286431,2.04264689515552,0.020220646729131337,55.82827128682732
2020-04-27,1587945600,BTC/USD,7708.87,7813.68,7637.03,7786.41,6878.02253788,53555103.469174206,0,7153.8405,7208.805738505062,7807.161154163702,6500.519845836298,7153.8405,68.7347887386893,1.0994932307416772,0.010934927471287565,48.66611182576997
2020-04-28,1588032000,BTC/USD,7794.22,7798.42,7650.0,7767.79,7248.9559695,56308367.69032241,0,7173.861999999999,7262.042334837914,7877.3508423789135,6470.373157621085,7173.861999999999,68.0183909165429,-0.2391345947619028,-0.002394209781862893,47.97190712272312
2020-04-29,1588118400,BTC/USD,7762.07,8970.0,7717.14,8790.32,26396.09715679,232030140.75927427,0,7248.681500000001,7407.592588662874,8257.831179415429,6239.531820584573,7248.681500000001,83.65302352109705,13.163718380646227,0.1236654194021106,63.33248851024722
2020-04-30,1588204800,BTC/USD,8789.79,9485.26,8407.0,8627.32,24057.73933525,207553815.72178903,0,7336.195999999999,7523.757104028315,8501.181938969154,6171.210061030844,7336.195999999999,76.16464747252594,-1.8543124709908154,-0.01871720378557347,63.72194283066784
2020-05-01,1588291200,BTC/USD,8629.72,9075.0,8616.17,8832.44,11379.68574201,100510391.5351588,0,7433.659,7648.393570311333,8754.75941965662,6112.558580343379,7433.659,79.99741208556044,2.3775633684620656,0.02349739487984786,59.050686293678076
2020-05-02,1588377600,BTC/USD,8836.0,9022.0,8760.0,8983.79,5524.26706572,49628855.22234468,0,7537.436500000001,7775.5741826626345,9002.945257779165,6071.927742220836,7537.436500000001,79.40484202111851,1.7135695232574522,0.01699053513985216,58.93525727391846
2020-05-03,1588464000,BTC/USD,8982.56,9207.82,8723.78,8915.98,9218.274909,82189954.72314581,0,7640.0244999999995,7884.184260504288,9191.819819282277,6088.229180717723,7640.0244999999995,81.29467970509644,-0.754803930189829,-0.007576669911514618,59.279088491626894
2020-05-04,1588550400,BTC/USD,8924.14,8974.34,8528.42,8882.87,10018.97499887,88997252.44821237,0,7740.1804999999995,7979.297188075308,9343.09557614263,6137.265423857369,7740.1804999999995,89.16204760352136,-0.3713557006632895,-0.003720469377749465,59.18092735010577
2020-05-05,1588636800,BTC/USD,8889.24,9120.0,8760.1,9034.85,9592.13446226,86663496.04634978,0,7860.973,8079.8260273062315,9472.22660549646,6249.71939450354,7860.973,89.70691633727391,1.710933515856916,0.016964618818452303,59.08648707095288
2020-05-06,1588723200,BTC/USD,9040.0,9417.95,8921.03,9154.32,15110.94181329,138330396.8602369,0,7963.1055,8182.1587866104,9632.289157158597,6293.921842841403,7963.1055,89.05566681257045,1.3223241116343765,0.013136577212686339,56.030892526822406
2020-05-07,1588809600,BTC/USD,9163.63,10074.0,9030.03,10000.0,25012.90031203,250129003.1203,0,8111.895999999999,8355.286521218934,9950.598718679692,6273.193281320307,8111.895999999999,90.82811231942867,9.23804280383469,0.0883591939779168,58.37502853365494
2020-05-08,1588896000,BTC/USD,10008.19,10048.38,9725.0,9801.35,19203.48379461,188220065.89030075,0,8238.8505,8493.006852531416,10178.408566901648,6299.292433098353,8238.8505,85.23141611932971,-1.986499999999991,-0.020064961702841333,58.90805606884166
2020-05-09,1588982400,BTC/USD,9809.04,9914.0,9515.4,9546.56,11278.63371513,107672153.47951144,0,8359.8585,8593.345247528425,10309.144760787753,6410.572239212249,8359.8585,78.79606794661994,-2.5995398593051,-0.026339251113647162,60.28917727948843
2020-05-10,1589068800,BTC/USD,9527.31,9565.2,8109.0,8731.17,31639.42874341,276249231.0615991,0,8454.367000000002,8606.47141443048,10272.460817069814,6636.27318293019,8454.367000000002,62.45637895735423,-8.541191801025704,-0.08928149868745032,69.24967051521449
2020-05-11,1589155200,BTC/USD,8740.88,9182.97,8181.0,8571.98,34465.18657226,295434889.99368125,0,8540.217,8603.186517818052,10195.152136170189,6885.281863829811,8540.217,59.33715106176115,-1.8232378936614557,-0.018400637059286296,67.60099149984296
2020-05-12,1589241600,BTC/USD,8574.19,8984.87,8534.97,8825.46,14010.2612055,123646999.85869202,0,8624.600499999999,8624.355420883,10145.092077414534,7104.108922585463,8624.600499999999,61.90654163523994,2.9570764280831163,0.029141981675989994,67.81307689635344
2020-05-13,1589328000,BTC/USD,8816.99,9418.46,8804.47,9315.5,12762.85161682,118892344.23648672,0,8716.146499999999,8690.178714132238,10166.4881295956,7265.804870404398,8716.146499999999,56.71747171954383,5.552571763964731,0.05403895337146099,68.68947473300946
2020-05-14,1589414400,BTC/USD,9323.73,9945.34,9254.85,9793.5,19936.18545561,195245032.2595165,0,8830.545,8795.25693183393,10239.160551742441,7421.929448257558,8830.545,63.8040179353513,5.131232891417525,0.0500392208343893,68.86078605456186
2020-05-15,1589500800,BTC/USD,9809.91,9844.66,9112.0,9306.21,17324.14460144,161222127.73136693,0,8918.4775,8843.919128802128,10204.06592646804,7632.889073531962,8918.4775,55.25683331742941,-4.975647112880999,-0.05103698105841853,72.28641831837227
2020-05-16,1589587200,BTC/USD,9307.43,9590.0,9216.08,9389.07,6170.09609719,57931464.16324372,0,9002.8445,8895.838259392402,10168.053369398709,7837.63563060129,9002.8445,54.566288245818804,0.8903732024100108,0.00886432752744639,72.26872713968471
2020-05-17,1589673600,BTC/USD,9377.79,9894.88,9326.53,9665.7,9515.79358021,91976806.0082358,0,9096.809,8969.158425164555,10146.341085734126,8047.276914265873,9096.809,58.06747357184671,2.9462981956679624,0.029037289536342513,72.48396112595728
2020-05-18,1589760000,BTC/USD,9672.95,9966.12,9451.2,9721.91,12362.32763823,120185436.6893846,0,9194.515000000001,9040.849051339359,10072.999233366689,8316.030766633314,9194.515000000001,58.98395172239519,0.581540912711942,0.005798564907929197,72.50473577098282
2020-05-19,1589846400,BTC/USD,9730.0,9903.89,9455.05,9787.65,12149.68534917,118916867.80780376,0,9244.3815,9111.972951211801,10139.331222557917,8349.431777442082,9244.3815,58.21220835096935,0.6762045729697075,0.00673928564402225,72.36784309666018
2020-05-20,1589932800,BTC/USD,9776.3,9843.87,9100.0,9516.51,12351.42817701,117542489.76079744,0,9288.841,9150.500289191628,10142.094508448798,8435.587491551203,9288.841,53.82453131830652,-2.7702257436667543,-0.028093201918339045,60.76471213333171
2020-05-21,1590019200,BTC/USD,9505.61,9573.29,8800.0,9062.47,16879.82890788,152972943.08279526,0,9300.3425,9142.11645212576,10133.660993200956,8467.024006799045,9300.3425,39.20754239141696,-4.7710767918070935,-0.04888647512115731,63.02864333988758
2020-05-22,1590105600,BTC/USD,9062.25,9272.97,8924.91,9171.96,7261.28419694,66600208.2029658,0,9309.751,9144.95869478045,10132.199182515038,8487.302817484962,9309.751,42.60287850616671,1.208169516699087,0.012009294056665037,62.66742148005833
2020-05-23,1590192000,BTC/USD,9171.96,9316.12,9084.83,9183.46,3477.27850858,31933448.092404086,0,9323.125,9148.625485753739,10127.104097672895,8519.145902327105,9323.125,45.47369733233607,0.12538214296617944,0.0012530360519867477,62.423292405191674
2020-05-24,1590278400,BTC/USD,9183.93,9310.91,8669.0,8718.77,8855.47763284,77208872.72087641,0,9314.920000000002,9107.686868062907,10140.866399509887,8488.973600490117,9314.920000000002,49.83061497691446,-5.060075396419206,-0.051925867013319894,65.03126284958269
2020-05-25,1590364800,BTC/USD,8710.12,8984.16,8630.0,8903.56,8919.92378955,79419076.65568578,0,9308.355500000001,9088.246213961676,10145.682877602898,8471.028122397105,9308.355500000001,54.49795165359885,2.119450335311046,0.020973023833602847,65.46536201483028
2020-05-26,1590451200,BTC/USD,8903.22,9012.0,8690.0,8840.91,5923.00523696,52364756.22949203,0,9292.685000000001,9064.690384060563,10153.55035054479,8431.819649455212,9292.685000000001,50.22102561608209,-0.703651123820126,-0.00706138423147766,65.21457704196546
2020-05-27,1590537600,BTC/USD,8835.79,9230.21,8810.99,9210.0,6867.67101935,63251250.0882135,0,9253.185000000001,9078.529395102414,10047.30957870629,8459.060421293712,9253.185000000001,48.43662940262942,4.174796485882104,0.04090003773927209,66.66765567839413
2020-05-28,1590624000,BTC/USD,9209.99,9625.01,9105.79,9577.38,11523.40889483,110364065.88116692,0,9241.986499999999,9126.038976521233,10009.43204734396,8474.540952656038,9241.986499999999,46.6888310096522,3.9889250814332256,0.039114217881257504,60.354401431260484
2020-05-29,1590710400,BTC/USD,9581.49,9610.0,9330.0,9421.04,7226.77389995,68083725.98238495,0,9235.7105,9154.134312090639,9994.674828833198,8476.7461711668,9235.7105,51.957852381033604,-1.632387980846517,-0.016458582257179995,60.231619807864334
2020-05-30,1590796800,BTC/USD,9428.52,9758.27,9326.28,9705.1,6781.84196225,65818454.42783248,0,9284.407,9206.607234748672,10031.959631968002,8536.854368031996,9284.407,55.042361388113314,3.0151660538539238,0.029706034643622568,60.492912671983
2020-05-31,1590883200,BTC/USD,9705.1,9711.7,9373.96,9446.19,5697.99838373,53824375.35240649,0,9328.1175,9229.424640963083,9998.525907492798,8657.709092507203,9328.1175,46.47772967525986,-2.6677726143986114,-0.0270400349291708,52.073061808527996
2020-06-01,1590969600,BTC/USD,9444.61,10429.26,9416.5,10203.64,12109.14149664,123557320.54077578,0,9397.0265,9322.207056109457,10130.26465131108,8663.78834868892,9397.0265,56.309875906079476,8.018576801864018,0.07713303376921425,57.21524185775585
2020-06-02,1591056000,BTC/USD,10203.64,10241.26,9135.68,9525.73,22725.11942099,216473351.82210705,0,9407.538,9341.590193622842,10141.881899663385,8673.194100336616,9407.538,47.043418581129885,-6.643805543903936,-0.06874796087897363,62.52421585412639
2020-06-03,1591142400,BTC/USD,9522.52,9699.95,9380.99,9668.99,6928.76322878,66994142.37144153,0,9401.3125,9372.771127563523,10123.896302457459,8678.728697542541,9401.3125,51.77238025274551,1.5039267331742545,0.014927298771774287,59.96720487897247
2020-06-04,1591228800,BTC/USD,9668.0,9888.0,9430.0,9791.92,8938.7688887,87527709.85663931,0,9425.598,9412.69006779557,10167.124014494993,8684.071985505007,9425.598,59.18598647508472,1.2713840845838043,0.012633698534196078,57.52394982799862
2020-06-05,1591315200,BTC/USD,9791.0,9856.48,9592.74,9619.99,7157.37095675,68853837.03022543,0,9437.144,9432.432918481705,10183.450935006029,8690.837064993972,9437.144,55.55470146718608,-1.7558354234920248,-0.017714330625920337,54.89757699629033
2020-06-06,1591401600,BTC/USD,9616.17,9744.39,9525.76,9669.85,4047.26924742,39136486.53216428,0,9437.3515,9455.044069102496,10183.92825913126,8690.774740868741,9437.3515,55.97347252072461,0.5182957570642133,0.005169572276406258,54.850697331269785
2020-06-07,1591488000,BTC/USD,9673.08,9829.31,9356.0,9750.04,6762.65158822,65936123.49120854,0,9438.758,9483.138919664163,10187.694237229838,8689.821762770162,9438.758,63.98616667796842,0.8292786341049796,0.008258590113001486,53.99732258944011
2020-06-08,1591574400,BTC/USD,9759.04,9813.67,9645.0,9783.0,5379.07801648,52623520.23522384,0,9438.5255,9511.697117791386,10187.00844444527,8690.04255555473,9438.5255,62.43931970171887,0.3380498951799149,0.0033747979098488713,53.97338965660295
2020-06-09,1591660800,BTC/USD,9786.64,9897.46,9566.81,9776.84,6922.79788471,67683087.27114812,0,9451.542,9536.948820858872,10214.646937851165,8688.437062148834,9451.542,63.453339581362876,-0.06296637023407436,-0.0006298620237846792,53.92292851555611
2020-06-10,1591747200,BTC/USD,9782.3,10011.4,9578.0,9894.32,7107.20140335,70320924.98919398,0,9493.1345,9570.984171253265,10257.628148632317,8728.640851367683,9493.1345,60.603628339975586,1.2016152458258489,0.011944531665032454,53.076632843695336
2020-06-11,1591833600,BTC/USD,9894.32,9981.24,9078.91,9264.26,16389.44455357,151836075.5998564,0,9497.7495,9541.77234541962,10255.161238418339,8740.33776158166,9497.7495,45.513397334861736,-6.367895924126166,-0.06579686904933528,55.38655516774785
2020-06-12,1591920000,BTC/USD,9265.95,9555.0,9230.0,9463.07,6934.13533535,65618208.067890525,0,9511.73,9534.276883951085,10254.903885213524,8768.556114786476,9511.73,50.59499372871229,2.14598899426397,0.02123286866285394,55.70776979597824
2020-06-13,1592006400,BTC/USD,9465.92,9500.0,9345.71,9473.46,2938.68222067,27839488.47022841,0,9549.464499999998,9528.484799765267,10193.08279876443,8905.846201235567,9549.464499999998,46.44538563054351,0.10979523558420912,0.0010973500469848797,55.707878603598196
2020-06-14,1592092800,BTC/USD,9478.93,9479.59,9235.01,9329.99,3477.25235863,32442729.73349431,0,9570.786,9509.580533120956,10149.267815149931,8992.304184850069,9570.786,48.15136531694061,-1.5144413973352866,-0.015260261729726348,52.64248600320276
2020-06-15,1592179200,BTC/USD,9329.99,9505.4,8900.0,9435.15,11765.1135339,111005610.95937656,0,9600.498,9502.491910918961,10072.351643660833,9128.644356339166,9600.498,34.57200560514259,1.1271180354962773,0.011208133898013091,52.335492903269184
2020-06-16,1592265600,BTC/USD,9435.41,9596.31,9374.9,9530.3,6864.21822439,65418058.94390401,0,9616.513,9505.140300355251,10052.976613150544,9180.049386849458,9616.513,50.11977083671853,1.008463034503948,0.010034119763610452,52.266213292462716
2020-06-17,1592352000,BTC/USD,9530.62,9566.53,9230.32,9461.29,5902.36636044,55843999.82236737,0,9610.7085,9500.9640812738,10052.419586870623,9168.997413129378,9610.7085,44.33615480267896,-0.7241115180004698,-0.007267459305465425,50.56794880306652
2020-06-18,1592438400,BTC/USD,9459.82,9478.69,9250.0,9374.78,3997.01284654,37471116.09348626,0,9608.3955,9488.946549723914,10054.748527168318,9162.042472831683,9608.3955,38.39433766985321,-0.9143573445058784,-0.009185632489013735,48.75021549489245
2020-06-19,1592524800,BTC/USD,9374.83,9429.99,9225.15,9304.32,5305.9077191,49367863.30897651,0,9588.3565,9471.363068797828,10052.07744309447,9124.63555690553,9588.3565,40.69187990587789,-0.7515909706681256,-0.007544296480437287,48.491585274802176
2020-06-20,1592611200,BTC/USD,9287.6,9400.0,9138.0,9355.46,3071.79384829,28738044.47592316,0,9583.82,9460.324681293274,10055.110313121668,9112.529686878332,9583.82,40.73661569286065,0.5496371577933701,0.005481321649154438,47.29572863836763
2020-06-21,1592697600,BTC/USD,9355.93,9421.26,9271.52,9283.03,1435.21189641,13323115.090730924,0,9537.7895,9443.439473551058,9926.841197145495,9148.737802854506,9537.7895,36.17651063527483,-0.7742003065589365,-0.007772127956719329,46.461022185904305
2020-06-22,1592784000,BTC/USD,9287.89,9798.76,9267.2,9683.12,6615.64540882,64060088.37105312,0,9545.659,9466.26619035572,9940.014637406002,9151.303362593997,9545.659,47.57138966697792,4.309907433241089,0.042196161279598694,40.233143179721296
2020-06-23,1592870400,BTC/USD,9688.26,9725.3,9571.0,9622.81,4866.11470545,46825697.24875131,0,9543.35,9481.175124607556,9935.19794666487,9151.50205333513,9543.35,46.350812852113485,-0.6228364411470788,-0.006247841589181533,32.310145324954945
2020-06-24,1592956800,BTC/USD,9617.88,9666.35,9193.99,9286.06,10072.57541802,93534539.6862588,0,9518.056999999999,9462.59273178779,9907.646323700304,9128.467676299693,9518.056999999999,36.94575360340636,-3.4994975480135193,-0.03562197090036965,34.15513843241516
2020-06-25,1593043200,BTC/USD,9286.3,9343.49,8989.0,9239.48,8701.2461746,80394990.0052932,0,9499.031500000001,9441.343900188953,9904.50189890815,9093.561101091851,9499.031500000001,49.29048366222668,-0.5016120938266644,-0.005028743902803936,33.75222010316252
2020-06-26,1593129600,BTC/USD,9237.98,9289.71,9024.61,9158.26,7912.38375487,72463667.64687572,0,9473.452000000001,9414.383528742386,9897.663888396646,9049.240111603356,9473.452000000001,40.642364628807556,-0.8790537995644665,-0.0088294027035306,33.39482830234993
2020-06-27,1593216000,BTC/USD,9158.13,9189.0,8830.63,9009.3,4399.67602419,39638001.204734966,0,9436.414999999999,9375.804145052634,9887.446815822801,8985.383184177197,9436.414999999999,36.86765804305016,-1.6265098392052701,-0.016398827162002992,33.618589907364935
2020-06-28,1593302400,BTC/USD,9008.33,9191.72,8933.06,9118.01,3231.85728086,29468107.00545429,0,9403.1655,9351.25232171429,9844.56067239054,8961.770327609458,9403.1655,43.88218045807168,1.2066420254625898,0.011994201374218645,33.80577408667006
2020-06-29,1593388800,BTC/USD,9118.8,9240.36,9014.92,9188.88,4942.72533003,45418109.93060606,0,9373.767499999998,9335.788291074834,9787.846531860483,8959.688468139513,9373.767499999998,42.74904457098439,0.7772529312865206,0.007742478818696236,33.94623251332227
2020-06-30,1593475200,BTC/USD,9187.85,9201.95,9060.0,9132.96,2781.63125132,25404526.953055505,0,9335.699499999999,9316.471310972469,9682.859938049201,8988.539061950796,9335.699499999999,38.024424940926835,-0.608561652780315,-0.006104209363020882,33.95137820785053
2020-07-01,1593561600,BTC/USD,9136.89,9300.0,9089.8,9233.38,4321.56559235,39902657.30909264,0,9334.1555,9308.557852784616,9682.924690906339,8985.386309093663,9334.1555,43.258576524666154,1.0995339955501837,0.010935330685972282,33.89624675105902
2020-07-02,1593648000,BTC/USD,9230.97,9268.54,8939.0,9092.92,6866.04897352,62432434.03229948,0,9315.648,9288.020914424176,9674.744768227976,8956.551231772022,9315.648,41.920633828655276,-1.5212197483478351,-0.015329089935427464,25.6840014937192
2020-07-03,1593734400,BTC/USD,9091.68,9127.11,9027.17,9063.08,3510.00353809,31811442.86599272,0,9295.129,9266.597970193303,9663.047813293007,8927.210186706994,9295.129,42.92011504372836,-0.3281674093690512,-0.0032870705957274513,24.39516294264761
2020-07-04,1593820800,BTC/USD,9053.87,9196.0,9045.94,9138.52,2180.37237178,19925376.526958965,0,9285.555499999999,9254.400068270132,9659.568799537225,8911.542200462773,9285.555499999999,43.72280092592597,0.8323881064715266,0.008289428620061864,24.638329072169725
2020-07-05,1593907200,BTC/USD,9142.16,9147.37,8905.0,9076.82,3067.87780852,27846574.649930507,0,9267.639,9237.487680815833,9645.786904558918,8889.49109544108,9267.639,43.99599364106981,-0.6751640309371809,-0.00677453574549695,24.22232395798984
2020-07-06,1593993600,BTC/USD,9077.18,9376.34,9060.5,9348.22,5361.35284949,50119105.93465941,0,9258.535,9248.03361597623,9618.381478815598,8898.688521184402,9258.535,39.459139608958914,2.9900339546228727,0.029462039838106004,26.15891462101989
2020-07-07,1594080000,BTC/USD,9346.9,9385.81,9201.78,9257.16,4702.82565367,43534809.528127775,0,9248.3285,9248.902795407066,9595.310652508082,8901.346347491917,9248.3285,38.70983678434909,-0.9740891848929456,-0.009788644692498615,26.059859224628656
2020-07-08,1594166400,BTC/USD,9257.21,9479.57,9228.91,9437.16,6275.54666358,59223337.95167063,0,9251.447499999998,9266.832052987345,9604.287618131926,8898.60738186807,9251.447499999998,55.16552940693844,1.9444408436280591,0.019257781283054325,26.911418494166305
2020-07-09,1594252800,BTC/USD,9441.76,9448.5,9157.11,9234.9,4575.44853951,42253809.7175209,0,9247.9765,9263.790905083788,9599.99147254518,8895.961527454821,9247.9765,49.85848998306824,-2.1432295309182003,-0.021665302213861495,27.774426400583263
2020-07-10,1594339200,BTC/USD,9234.91,9318.92,9053.14,9283.53,3910.32678996,36301636.064397365,0,9244.380000000001,9265.670818885332,9593.22673805674,8895.533261943263,9244.380000000001,53.950065272093184,0.5265893512653275,0.005252077177750552,27.731730897821855
2020-07-11,1594425600,BTC/USD,9291.0,9304.95,9180.0,9238.3,1453.16535935,13424777.539283104,0,9242.1435,9263.064074229587,9590.52013431707,8893.76686568293,9242.1435,57.726358691984814,-0.48720691374941616,-0.004883976357276383,27.70100852709311
2020-07-12,1594512000,BTC/USD,9234.07,9347.76,9153.48,9306.17,2037.15363045,18958098.001084875,0,9223.296,9267.169400493436,9505.775391285888,8940.816608714113,9223.296,56.52834640205397,0.7346589740536702,0.007319734997108184,27.702009394847167
2020-07-13,1594598400,BTC/USD,9304.94,9351.17,9190.49,9233.1,3875.17319052,35779861.58539021,0,9203.8105,9263.924695684538,9415.030200484647,8992.590799515352,9203.8105,51.53190604863858,-0.7851780055597501,-0.007882767592078649,23.180475210026092
2020-07-14,1594684800,BTC/USD,9234.19,9282.08,9095.0,9251.59,4479.91060569,41446296.16049555,0,9202.087,9262.7499627622,9411.031142735206,8993.142857264793,9202.087,54.21909564895761,0.2002577682468587,0.002000575196757887,23.17805997260718
2020-07-15,1594771200,BTC/USD,9256.33,9276.98,9153.38,9190.07,3810.04841103,35014611.60075447,0,9199.6165,9255.828061546752,9407.866332074698,8991.366667925302,9199.6165,48.41583941125265,-0.6649667786834512,-0.006671875330947765,19.788509673763777
2020-07-16,1594857600,BTC/USD,9191.0,9217.5,9026.51,9132.87,5541.85389383,50613031.17134319,0,9198.346999999998,9244.117769970871,9407.963425240767,8988.730574759229,9198.346999999998,51.55603679958872,-0.6224109283171853,-0.006243559801458095,19.828015560367042
2020-07-17,1594944000,BTC/USD,9134.44,9184.28,9073.53,9156.5,3593.49712953,32903856.466541447,0,9205.706999999999,9235.773220449835,9396.902396564772,9014.511603435225,9205.706999999999,53.656360078277885,0.2587357533831103,0.002584016086764981,19.6208228212857
2020-07-18,1595030400,BTC/USD,9150.51,9214.63,9122.72,9177.43,1358.28531978,12465568.442308566,0,9208.678,9230.216723264137,9395.941825444726,9021.414174555273,9208.678,51.59077343232568,0.22858078960301675,0.0022831994114016463,18.70022436759868
2020-07-19,1595116800,BTC/USD,9175.7,9243.36,9106.3,9211.99,1585.39916859,14604681.287059397,0,9209.833499999999,9228.480844858028,9396.868014943611,9022.798985056386,9209.833499999999,55.65162854873103,0.3765760131104079,0.0037586874069823056,18.29678532956023
2020-07-20,1595203200,BTC/USD,9213.15,9224.73,9128.21,9162.43,3064.80739401,28081083.211099043,0,9211.306999999999,9222.190288204883,9396.24408985599,9026.369910144007,9211.306999999999,40.46262358702688,-0.5379945049875157,-0.005394469069953325,18.206230976762768
2020-07-21,1595289600,BTC/USD,9161.77,9442.89,9152.23,9391.25,5559.47430975,52210413.11143969,0,9219.200499999999,9238.29121313775,9420.827734634879,9017.57326536512,9219.200499999999,56.03047392896013,2.4973724219448323,0.02466697735393634,19.97050506410763
2020-07-22,1595376000,BTC/USD,9395.98,9573.0,9280.8,9539.51,5520.76262356,52665370.255076855,0,9241.53,9266.978716648442,9479.850263511507,9003.209736488494,9241.53,54.738294306639645,1.5787035804605276,0.015663716756415823,20.32121068221741
2020-07-23,1595462400,BTC/USD,9537.23,9690.0,9453.38,9617.2,10413.94384743,100152980.7695038,0,9269.236,9300.333124586685,9545.951586718253,8992.520413281749,9269.236,70.00607037447935,0.8144024168956321,0.0081110405626382,19.472088386043986
2020-07-24,1595548800,BTC/USD,9614.85,9650.55,9474.35,9547.91,8012.90509154,76506496.65256569,0,9289.7055,9323.911874626048,9585.6099005279,8993.8010994721,9289.7055,63.54239232881198,-0.7204799733810385,-0.007230879645942541,19.671004658052706
2020-07-25,1595635200,BTC/USD,9549.34,9751.82,9532.79,9710.98,5065.44989566,49190482.62775634,0,9321.413499999999,9360.775505614045,9654.801606584166,8988.025393415832,9321.413499999999,71.60408058795572,1.7079130406549625,0.016934921715619344,20.213142106999342
2020-07-26,1595721600,BTC/USD,9712.45,10200.0,9657.0,9944.65,9090.21430682,90398999.70631751,0,9351.234999999999,9416.382600317469,9786.00534467719,8916.464655322807,9351.234999999999,75.34133485743317,2.4062453017100305,0.023777514032057873,21.122235869629947
2020-07-27,1595808000,BTC/USD,9941.25,11417.11,9933.77,11046.19,27736.83221358,306386318.6293253,0,9440.6865,9571.602352668186,10311.482975013532,8569.890024986467,9440.6865,89.6177394754898,11.07670958756719,0.10505085400571017,40.12690325364308
2020-07-28,1595894400,BTC/USD,11049.4,11263.85,10583.48,10939.27,17062.37380128,186649913.85312825,0,9515.792000000001,9701.856414318834,10614.574505840561,8417.009494159442,9515.792000000001,85.50528893489184,-0.9679355506287735,-0.00972650496540169,40.123448162773904
2020-07-29,1595980800,BTC/USD,10931.91,11358.47,10855.81,11111.17,12452.86303565,138365878.1758232,0,9609.6055,9836.076755812279,10909.41078246155,8309.80021753845,9609.6055,88.62221757591355,1.571402844979608,0.01559184147549647,40.013222626240555
2020-07-30,1596067200,BTC/USD,11105.01,11189.0,10832.0,11112.12,10456.84804792,116197750.3302528,0,9701.035,9957.604683830157,11152.64992212175,8249.42007787825,9701.035,90.71207302975574,0.00854995468524411,8.549589197451056e-05,38.68405354983561
2020-07-31,1596153600,BTC/USD,11110.84,11457.95,10973.8,11356.74,10417.50746157,118308923.68911047,0,9806.957,10090.855666322523,11416.924564578214,8196.989435421787,9806.957,91.48609613165495,2.2013801146855805,0.021774995747922576,38.9152305288791
2020-08-01,1596240000,BTC/USD,11357.98,11883.36,11228.0,11817.49,11195.80752332,132306343.44875886,0,9932.523,10255.297031434664,11755.6549392634,8109.391060736598,9932.523,92.69730883684822,4.057062149877511,0.0397692372045066,39.8835566757479
2020-08-02,1596326400,BTC/USD,11808.21,12100.0,10559.59,11071.66,12656.41102944,140127479.73820966,0,10024.451000000001,10333.045885583744,11884.135367728828,8164.766632271174,10024.451000000001,74.450875260001,-6.31123868097202,-0.06519194717090576,47.9806896879918
2020-08-03,1596412800,BTC/USD,11074.92,11480.0,10933.26,11236.39,6984.67078032,78482484.90927984,0,10123.690999999999,10419.078658385291,12021.170420227132,8226.211579772866,10123.690999999999,76.4668048309869,1.4878527700453281,0.014768928189459471,47.6602944656104
2020-08-04,1596499200,BTC/USD,11236.39,11420.0,11000.79,11192.42,5522.11051757,61805780.19906083,0,10223.808500000001,10492.73021472955,12125.170723086449,8322.446276913553,10223.808500000001,74.12373867925287,-0.3913178520859373,-0.003920855036856673,47.81923243516557
2020-08-05,1596585600,BTC/USD,11193.48,11795.86,11094.35,11755.24,7514.79142531,88338176.75446112,0,10354.927,10612.969241898165,12300.685753295358,8409.168246704641,10354.927,76.7100235067205,5.028581843783564,0.04906233516358042,49.37974745066781
2020-08-06,1596672000,BTC/USD,11759.9,11913.5,11575.57,11770.08,9855.99436305,116005842.13264754,0,10485.606000000002,10723.170266479294,12443.493264475675,8527.718735524328,10485.606000000002,76.35168547577663,0.12624157397040925,0.0012616195629544281,49.10335230690727
2020-08-07,1596758400,BTC/USD,11770.26,11920.0,11219.0,11600.85,10503.36174678,121847924.12013276,0,10606.776999999998,10806.758812528886,12523.302286450575,8690.251713549422,10606.776999999998,74.52829737815546,-1.4377982137759426,-0.014482346900619496,49.86913119931991
2020-08-08,1596844800,BTC/USD,11601.75,11817.95,11527.0,11776.9,3983.74888665,46916212.263188384,0,10735.022500000001,10899.153211335659,12601.169528052931,8868.87547194707,10735.022500000001,74.60705794912599,1.5175612131869576,0.015061614406745923,49.77543956609342
2020-08-09,1596931200,BTC/USD,11767.93,11808.28,11527.92,11683.03,2649.48917649,30954061.533607963,0,10861.052500000002,10973.808143589406,12617.238397124265,9104.866602875738,10861.052500000002,71.41906644126942,-0.7970688381492508,-0.008002624131270173,50.18218652086143
2020-08-10,1597017600,BTC/USD,11684.6,12080.0,11510.0,11895.12,7701.72806914,91612979.5897886,0,10986.246000000001,11061.552129914224,12656.128142496182,9316.36385750382,10986.246000000001,63.396106129894584,1.8153681022816892,0.01799087041109928,49.85380076698406
2020-08-11,1597104000,BTC/USD,11896.37,11945.05,11130.0,11392.64,10470.68807136,119288779.74929878,0,11078.9025,11093.084308017631,12610.727125552037,9547.077874447963,11078.9025,56.36017765906405,-4.224253307238612,-0.04316069910954184,53.181768562308605
2020-08-12,1597190400,BTC/USD,11386.5,11625.0,11150.0,11565.35,5668.60180464,65559363.88129323,0,11176.31,11138.061992968333,12557.088140416809,9795.53185958319,11176.31,56.370093185299055,1.5159787371496147,0.015046026085350729,53.17273814936853
2020-08-13,1597276800,BTC/USD,11567.74,11806.61,11270.91,11793.26,6839.55121466,80660605.75780119,0,11288.577500000001,11200.461803161825,12461.33540191338,10115.819598086622,11288.577500000001,58.981513225559745,1.9706277803957395,0.019514622889595143,53.29072859075315
2020-08-14,1597363200,BTC/USD,11797.55,11862.0,11652.01,11779.77,5526.79649808,65104391.58418784,0,11392.017,11255.634012384508,12317.8368989597,10466.1971010403,11392.017,55.94014777702577,-0.1143873704132714,-0.0011445284269860094,53.08821896911918
2020-08-15,1597449600,BTC/USD,11771.97,11986.93,11667.7,11852.2,3983.17592982,47209397.75541261,0,11487.3945,11312.44982072884,12137.315404644527,10837.473595355474,11487.3945,50.54705353906288,0.6148676926629237,0.006129850943170026,53.0423788365261
2020-08-16,1597536000,BTC/USD,11858.6,11938.55,11685.97,11914.02,2494.17000289,29715591.29783152,0,11530.786,11369.742218754665,12172.50705382509,10889.06494617491,11530.786,66.92546334249572,0.5215909282664688,0.0052023535444111315,52.80162714442086
2020-08-17,1597622400,BTC/USD,11916.83,12473.0,11771.44,12298.38,9778.32856833,120257600.4981783,0,11598.7415,11458.183912206601,12264.130732801108,10933.352267198892,11598.7415,69.60787571960844,3.226115114797512,0.03175168848471063,40.63537875348719
2020-08-18,1597708800,BTC/USD,12301.27,12408.53,11823.0,11958.1,8818.18784117,105448772.02349496,0,11641.088,11505.794968186925,12283.218744273572,10998.957255726427,11641.088,62.74272894906771,-2.7668684818650813,-0.028058673360940027,41.9537643723631
2020-08-19,1597795200,BTC/USD,11950.0,12022.18,11574.4,11757.55,9401.50118445,110538620.25123008,0,11673.3595,11529.771637883408,12266.567327022985,11080.151672977016,11673.3595,50.0437150610686,-1.6771058947491757,-0.016913285593444197,42.35476260927456
2020-08-20,1597881600,BTC/USD,11762.18,11894.12,11675.29,11859.37,4191.75792092,49711608.134621024,0,11698.490999999998,11561.16195808499,12277.641721439106,11119.34027856089,11698.490999999998,51.63589328310904,0.8659967425186599,0.008622684995747205,42.39178091887106
2020-08-21,1597968000,BTC/USD,11857.18,11887.67,11485.49,11531.74,6391.17972721,73701422.90745665,0,11684.2035,11558.3598668388,12265.089643759566,11103.317356240434,11684.2035,48.803285898825614,-2.762625670672225,-0.02801503886556974,43.1302809285113
2020-08-22,1598054400,BTC/USD,11527.81,11694.02,11367.0,11667.7,3401.42192253,39686770.56550328,0,11714.0055,11568.773212854154,12218.738055361086,11209.272944638913,11714.0055,48.08246119266701,1.1790068107675022,0.011721106764736682,40.97166877089926
2020-08-23,1598140800,BTC/USD,11678.17,11715.09,11524.7,11644.65,1632.87091819,19014210.337501183,0,11734.418500000002,11575.999573534711,12188.278165826887,11280.558834173116,11734.418500000002,49.30886198128631,-0.19755393093755513,-0.001977493260986575,33.60612757426125
2020-08-24,1598227200,BTC/USD,11653.7,11832.55,11588.61,11761.8,2887.05808264,33956999.75639515,0,11762.8875,11593.69485224569,12138.239552451068,11387.535447548933,11762.8875,47.514207723631785,1.0060414009867236,0.010010144915625081,33.42543447060869
2020-08-25,1598313600,BTC/USD,11750.4,11772.22,11112.75,11328.88,7073.69374623,80137027.60779011,0,11741.569500000001,11568.474390127052,12164.202452334801,11318.936547665202,11741.569500000001,48.77951670699213,-3.680729140097605,-0.03750177443232927,36.11338231241251
2020-08-26,1598400000,BTC/USD,11328.5,11549.8,11250.14,11469.3,4273.08016903,49009238.38265578,0,11726.530499999999,11559.029210114953,12165.963821807776,11287.097178192222,11726.530499999999,48.13841436706087,1.239487045497878,0.012318682958274603,31.894253570323578
2020-08-27,1598486400,BTC/USD,11462.91,11602.92,11122.72,11330.0,7796.15569663,88330444.0428179,0,11712.988000000001,11537.21690438972,12184.269717898695,11241.706282101308,11712.988000000001,40.7019966441606,-1.2145466593427634,-0.012219825468326949,32.10581574044266
2020-08-28,1598572800,BTC/USD,11332.26,11555.61,11277.95,11536.58,6046.49746388,69755901.71184874,0,11700.972,11537.156246828792,12177.616638084828,11224.327361915171,11700.972,45.47009056466004,1.8233009708737757,0.018068781631322875,32.465681482923145
2020-08-29,1598659200,BTC/USD,11538.74,11592.0,11423.64,11471.71,2095.93600275,24043970.002107203,0,11690.405999999999,11530.923270940335,12177.969085144958,11202.84291485504,11690.405999999999,42.89258081749608,-0.5622983587857178,-0.005638852073519185,32.02331017854432
2020-08-30,1598745600,BTC/USD,11471.71,11715.69,11458.62,11708.97,2328.65701886,27266175.17412117,0,11681.0985,11547.88010227935,12159.22281298198,11202.97418701802,11681.0985,46.405343337482236,2.0682182516817527,0.020471210133892977,32.77701520406265
2020-08-31,1598832000,BTC/USD,11713.11,11780.0,11573.39,11655.0,4534.21810201,52846311.97892655,0,11694.2165,11558.081997300365,12153.023824691756,11235.409175308245,11694.2165,37.24343315779459,-0.46092867263303194,-0.00461994224389131,32.15235186755067
2020-09-01,1598918400,BTC/USD,11658.48,12065.82,11515.0,11923.96,7960.82238043,94924527.6313521,0,11712.147,11592.927521366997,12177.728743633157,11246.565256366845,11712.147,49.30339041151791,2.307679107679106,0.02281454874347759,29.234694557146064
2020-09-02,1599004800,BTC/USD,11919.53,11956.45,11155.32,11398.44,13056.07287751,148818863.3299251,0,11692.405999999999,11574.404900284426,12176.61535695677,11208.196643043228,11692.405999999999,43.53050540280538,-4.407260675144819,-0.04507331729974642,33.06544616475776
2020-09-03,1599091200,BTC/USD,11395.1,11477.35,9987.86,10160.0,18554.73121203,188516069.1142248,0,11611.4175,11439.699671685908,12447.842444778458,10774.99255522154,11611.4175,28.28020235018647,-10.864995560796043,-0.11501806178111569,50.79518727040948
2020-09-04,1599177600,BTC/USD,10160.0,10646.75,9902.43,10456.32,17415.36005733,182100577.6746608,0,11541.6235,11346.04446485868,12515.166323933754,10568.080676066245,11541.6235,36.14406604959904,2.916535433070866,0.0287481381409222,52.270747633774086
2020-09-05,1599264000,BTC/USD,10460.2,10567.9,9850.0,10167.19,12165.47308504,123688676.29548784,0,11454.282000000001,11233.772611062615,12587.49348515566,10321.070514844341,11454.282000000001,31.40120330499839,-2.7651219549516437,-0.028040711260979137,52.6373834030989
2020-09-06,1599350400,BTC/USD,10165.47,10353.39,10000.0,10260.17,5121.25180431,52544914.12502733,0,11352.3715,11141.048552866176,12531.620709647374,10173.122290352625,11352.3715,33.13181377350857,0.914510302256577,0.00910353977585669,52.7713342868435
2020-09-07,1599436800,BTC/USD,10258.43,10415.66,9880.0,10377.14,8725.09203962,90541501.60802227,0,11273.3235,11068.295357355111,12492.873378521303,10053.773621478698,11273.3235,33.12888070103614,1.1400395899872962,0.011335901101154617,51.330907282624494
2020-09-08,1599523200,BTC/USD,10377.5,10446.18,9825.07,10123.96,10560.87470567,106917873.08521484,0,11191.644,10978.358656654624,12490.859503527643,9892.428496472357,11191.644,34.64639771655749,-2.439785914037973,-0.024700418239724724,51.17924554167409
2020-09-09,1599609600,BTC/USD,10126.01,10353.39,9981.38,10232.8,5872.2195124,60089247.82648672,0,11110.3155,10907.353070306564,12436.89017097121,9783.740829028791,11110.3155,34.11615694495826,1.0750733902544107,0.010693355635480933,51.46130749667014
2020-09-10,1599696000,BTC/USD,10221.76,10495.75,10220.0,10342.59,10223.19117775,105734274.84308538,0,11050.857999999998,10853.566111229748,12404.228190685479,9697.487809314518,11050.857999999998,37.21901931495466,1.0729223672895083,0.010672073970461968,51.542595745448786
2020-09-11,1599782400,BTC/USD,10341.38,10409.44,10200.5,10393.04,5245.74244486,54519211.059127785,0,10987.125,10809.706481588819,12338.237150808889,9636.012849191111,10987.125,34.57460584674156,0.4877888420598886,0.004866030069717312,51.07095052567312
2020-09-12,1599868800,BTC/USD,10400.46,10482.42,10275.0,10443.33,2509.23983418,26204819.637487017,0,10927.059,10774.813483342265,12261.805938252715,9592.312061747283,10927.059,36.07323745294006,0.48388152070999446,0.004827145769822373,50.842712800274704
2020-09-13,1599955200,BTC/USD,10446.4,10576.78,10214.9,10334.78,4325.10556518,44699014.49291096,0,10855.708,10732.905532547764,12154.658359354671,9556.75764064533,10855.708,30.717939939215185,-1.0394194189018213,-0.01044859109509677,50.858083093296955
2020-09-14,1600041600,BTC/USD,10338.82,10765.03,10250.13,10675.15,7325.23245633,78197955.2561912,0,10823.021499999999,10727.405005638453,12104.622757921734,9541.420242078264,10823.021499999999,37.27398117819411,3.2934421439063,0.03240370452026361,52.299879735143136
2020-09-15,1600128000,BTC/USD,10671.4,10940.01,10611.17,10783.83,6456.66295267,69627555.64889133,0,10788.748,10732.778814625268,12033.716830175972,9543.779169824027,10788.748,34.54903225631587,1.0180653199252543,0.010129179412526371,51.115513795064594
2020-09-16,1600214400,BTC/USD,10785.0,11100.0,10662.81,10951.54,8300.23983202,90900408.52996032,0,10769.825,10753.613213232384,11991.440496636036,9548.209503363965,10769.825,43.2932136747006,1.555198848646544,0.015432295692400302,51.23931112637853
2020-09-17,1600300800,BTC/USD,10950.15,11054.0,10739.23,10940.47,5525.71740992,60453945.55170746,0,10740.019499999999,10771.409097686443,11910.900871320111,9569.138128679886,10740.019499999999,68.54438229745332,-0.10108167435813886,-0.0010113279633546463,51.11008130675633
2020-09-18,1600387200,BTC/USD,10947.35,11040.18,10816.54,10931.2,4398.92439287,48085522.32334054,0,10712.994,10786.627278859163,11836.770206872563,9589.217793127438,10712.994,63.06568057756651,-0.08473127754108356,-0.0008476719477824144,50.6073689075522
2020-09-19,1600473600,BTC/USD,10935.49,11183.01,10890.53,11077.22,2253.35153789,24960870.722545862,0,10681.406500000001,10814.302776110671,11719.561093320708,9643.251906679294,10681.406500000001,77.17854220300208,1.3358094262295062,0.013269661578752643,50.88586464189483
2020-09-20,1600560000,BTC/USD,11070.84,11079.25,10755.9,10923.5,3250.01749577,35501566.115043595,0,10644.8315,10824.702511719179,11585.531564650197,9704.131435349804,10644.8315,69.1171299952159,-1.387712801587393,-0.013974315526746491,50.39435001599946
2020-09-21,1600646400,BTC/USD,10921.53,10996.98,10286.56,10411.29,9948.02125053,103571734.1654305,0,10569.198,10785.329891555448,11295.735178607672,9842.660821392328,10569.198,50.80158674271769,-4.68906486016386,-0.04802563752613869,52.72610919243026
2020-09-22,1600732800,BTC/USD,10418.83,10573.05,10353.39,10534.31,4800.59855196,50570993.33189774,0,10525.9915,10761.423235216835,11138.760218566744,9913.222781433256,10525.9915,60.258801294006496,1.181601895634432,0.011746754887497938,52.11643839280816
2020-09-23,1600819200,BTC/USD,10525.72,10541.39,10138.3,10233.42,5711.36066207,58446752.42644038,0,10529.6625,10711.13721281523,11134.021214737526,9925.303785262475,10529.6625,50.014142077699326,-2.856285793753932,-0.028978714200815596,50.87562446106229
2020-09-24,1600905600,BTC/USD,10236.86,10795.53,10193.2,10744.02,6703.91881646,72027037.84242257,0,10544.047499999999,10714.268906832827,11154.718635094076,9933.376364905922,10544.047499999999,57.741095705497834,4.989534290589082,0.04869048577874515,35.65356978602417
2020-09-25,1600992000,BTC/USD,10738.46,10762.65,10553.14,10689.81,6346.72379355,67845271.47552872,0,10570.178499999998,10711.939487134463,11157.220131314198,9983.136868685799,10570.178499999998,55.7145662999064,-0.504559745793487,-0.0050583694645038955,34.43957102266889
2020-09-26,1601078400,BTC/USD,10694.23,10830.0,10655.29,10729.09,2550.31630347,27362573.148396943,0,10593.6245,10713.572869312133,11165.801912990095,10021.447087009905,10593.6245,55.5259900990099,0.36745274237803827,0.0036677928404518787,32.77608734544424
2020-09-27,1601164800,BTC/USD,10731.09,10807.14,10593.58,10780.66,2286.86162473,24653877.643261723,0,10613.8005,10719.962119853833,11182.282047484856,10045.318952515143,10613.8005,58.81666679849088,0.4806558617739265,0.004795043997257338,32.701629755776686
2020-09-28,1601251200,BTC/USD,10779.99,10950.0,10628.52,10689.48,4991.57062725,53357294.38857633,0,10642.0765,10717.059060820135,11162.168912730902,10121.984087269097,10642.0765,50.314332969207214,-0.8457738208977994,-0.008493707834830727,32.73699851563726
2020-09-29,1601337600,BTC/USD,10681.41,10865.0,10636.66,10836.42,4029.39173043,43664181.13546626,0,10672.257500000002,10728.426769313453,11161.489087992566,10183.025912007437,10672.257500000002,51.13453481699451,1.3746225260723666,0.013652602899960052,31.557071980993754
2020-09-30,1601424000,BTC/USD,10840.0,10847.5,10658.56,10778.22,4304.6226949,46396170.42262508,0,10694.039,10733.16898175979,11159.692940351055,10228.385059648946,10694.039,46.0755010913965,-0.5370777433875817,-0.005385251908380844,31.57001105269397
2020-10-01,1601510400,BTC/USD,10780.83,10940.22,10437.08,10622.71,8678.34728292,92187566.4657471,0,10705.522500000001,10722.649078735049,11150.804096432312,10260.24090356769,10705.522500000001,43.24667817157041,-1.4428170885359526,-0.014533269084338683,31.95032273525108
2020-10-02,1601596800,BTC/USD,10611.17,10667.53,10380.0,10578.54,8333.45852437,88155824.33838902,0,10712.283,10708.924404569805,11144.724084912446,10279.841915087552,10712.283,42.61451212974132,-0.4158072657541978,-0.0041667414803967275,31.97552783831721
2020-10-03,1601683200,BTC/USD,10571.6,10605.79,10500.0,10553.66,1134.79775814,11976269.708171792,0,10723.226999999999,10694.137318420298,11125.466115850577,10320.987884149421,10723.226999999999,38.449421544489454,-0.2351931362929216,-0.002354701497794253,31.95954028603738
2020-10-04,1601769600,BTC/USD,10543.17,10699.88,10524.81,10669.63,1057.77530355,11286071.112016186,0,10722.951,10691.803288094556,11125.336563197448,10320.56543680255,10722.951,44.30434841135584,1.0988604901048582,0.010928668858146782,31.894631170598526
2020-10-05,1601856000,BTC/USD,10666.16,10805.82,10620.71,10795.0,3618.01529204,39056475.0775718,0,10723.5095,10701.631546371265,11126.28166735917,10320.73733264083,10723.5095,60.416768469803806,1.1750173155020471,0.011681675917900817,30.1249773608482
2020-10-06,1601942400,BTC/USD,10797.36,10801.86,10525.0,10606.33,4800.69513633,50917756.84531097,0,10706.249,10692.555208621621,11097.292238524902,10315.205761475097,10706.249,51.88787065386067,-1.747753589624823,-0.017632071272366052,30.542657160492308
2020-10-07,1602028800,BTC/USD,10602.31,10682.56,10547.71,10669.14,5560.24913562,59323076.462808765,0,10692.682499999999,10690.325188752895,11068.022898761388,10317.34210123861,10692.682499999999,63.050510375233586,0.5921935297129144,0.005904469558359372,30.079839363410215
2020-10-08,1602115200,BTC/USD,10669.1,10957.0,10535.06,10925.2,6969.04085121,76138165.1076395,0,10692.3825,10712.694218395476,11066.928951613205,10317.836048386795,10692.3825,56.402934648930604,2.4000059986090783,0.023716585197481106,31.298932318725747
2020-10-09,1602201600,BTC/USD,10927.02,11118.49,10826.4,11052.0,5355.33959365,59187213.1890198,0,10691.1215,10745.009054738763,11060.344582889122,10321.898417110877,10691.1215,62.175190431689984,1.1606194852268104,0.011539359610925021,31.55308809683064
2020-10-10,1602288000,BTC/USD,11060.46,11496.06,11059.62,11301.2,3270.37027031,36959108.498827375,0,10710.0065,10797.97962095412,11159.242142738385,10260.770857261614,10710.0065,66.85323419723919,2.254795512124508,0.022297507709133368,32.161711562631254
2020-10-11,1602374400,BTC/USD,11300.97,11447.44,11272.11,11372.93,2177.65085818,24766270.774521068,0,10758.088500000002,10852.73679991087,11273.658413142877,10242.518586857126,10758.088500000002,67.24231291011884,0.6347113580858599,0.0063270554847232935,31.740582523534496
2020-10-12,1602460800,BTC/USD,11372.48,11731.7,11175.99,11535.98,7088.22778528,81769653.96643437,0,10808.172,10917.80758087174,11418.17283211699,10198.17116788301,10808.172,73.65370858854561,1.4336674893804746,0.014234876582873498,26.248808891037427
2020-10-13,1602547200,BTC/USD,11539.42,11567.4,11314.53,11427.98,5097.96082433,58259394.34122675,0,10867.9,10966.395430312527,11474.868869018963,10260.931130981036,10867.9,66.89765884759085,-0.9362013457027474,-0.009406112558409506,26.57282877369897
2020-10-14,1602633600,BTC/USD,11440.28,11555.1,11287.42,11428.84,3788.25075923,43295311.80711819,0,10902.141,11010.437770282762,11555.200479096782,10249.081520903217,10902.141,69.21409502208994,0.007525389438911567,7.52510629568553e-05,23.8086382093727
2020-10-15,1602720000,BTC/USD,11430.49,11623.6,11250.01,11511.11,4864.42955616,55994983.70820894,0,10943.206,11058.120839779642,11641.752438238007,10244.659561761993,10943.206,77.42246147767685,0.7198455836287865,0.007172670621614502,17.869478725106898
2020-10-16,1602806400,BTC/USD,11506.53,11548.65,11200.0,11321.86,4309.22448566,48788436.33521453,0,10972.8445,11083.238855038724,11683.338505589185,10262.350494410814,10972.8445,71.05817827436934,-1.6440638652571282,-0.01657728573252792,18.959335004252072
2020-10-17,1602892800,BTC/USD,11331.88,11415.48,11264.01,11365.8,1124.42019876,12779935.095066406,0,11002.1015,11110.149440273131,11727.311876570506,10276.891123429496,11002.1015,72.76202648011748,0.38809877528955816,0.003873476148616733,18.96074328525894
2020-10-18,1602979200,BTC/USD,11363.4,11526.34,11352.79,11519.97,1047.16869132,12063351.90894566,0,11043.626,11149.179969770928,11788.310719989297,10298.941280010704,11043.626,73.33304064362467,1.3564377342554002,0.013473204717536635,19.313977981050712
2020-10-19,1603065600,BTC/USD,11518.58,11840.0,11409.94,11764.14,5459.93398846,64231427.83100183,0,11090.011999999999,11207.747591697505,11893.59747912286,10286.426520877138,11090.011999999999,74.96522375294953,2.119536769626995,0.020973870237290745,19.766211003648092
2020-10-20,1603152000,BTC/USD,11759.2,12059.94,11680.0,11921.11,5859.83732437,69855765.32592045,0,11147.156500000001,11275.686868678695,12017.184988638986,10277.128011361016,11147.156500000001,84.43130394703763,1.3343091802715756,0.013254856772121322,19.74362891548391
2020-10-21,1603238400,BTC/USD,11921.33,13235.0,11899.1,12802.67,20093.61486293,257251920.197188,0,11256.1545,11421.113833566438,12363.410948182323,10148.898051817678,11256.1545,89.10385882853194,7.39494896028976,0.07134296481582025,30.071812181319974
2020-10-22,1603324800,BTC/USD,12802.63,13208.25,12686.73,12983.26,9277.56218571,120453002.0232412,0,11376.3905,11569.889658941063,12678.872186570627,10073.908813429372,11376.3905,88.79384443707211,1.4105651399278551,0.014007092442767053,28.958311972086154
2020-10-23,1603411200,BTC/USD,12983.26,13037.26,12729.82,12941.59,4996.39791976,64661333.35438682,0,11495.787,11700.527786660963,12913.42265939329,10078.15134060671,11495.787,86.79925061248018,-0.32095174863632225,-0.003214679034622695,28.903293117902063
2020-10-24,1603497600,BTC/USD,12940.03,13182.83,12887.38,13122.73,2820.82333324,37016902.97980855,0,11618.442,11835.975616502776,13154.6406408234,10082.243359176598,11618.442,86.43978282527196,1.3996734558891166,0.013899684807682952,28.60303464271668
2020-10-25,1603584000,BTC/USD,13115.18,13363.53,12903.74,13039.09,3658.60280875,47704851.29754404,0,11730.646499999999,11950.557938740607,13339.696024634859,10121.596975365139,11730.646499999999,83.173521072919,-0.6373673770625476,-0.006394072351419717,29.18433717299271
2020-10-26,1603670400,BTC/USD,13041.12,13250.0,12773.5,13066.73,5725.19571956,74809586.66464624,0,11853.6665,12056.86003981293,13476.937718980298,10230.3952810197,11853.6665,82.21451510394088,0.21197798312611038,0.002117536268008571,29.284204362747452
2020-10-27,1603756800,BTC/USD,13065.1,13788.0,13057.09,13647.9,11242.75450774,153439989.24618474,0,12002.6045,12208.38765506884,13712.563881216345,10292.645118783654,12002.6045,88.95908797349284,4.4477080340681985,0.0435163585862528,29.906829680560808
2020-10-28,1603843200,BTC/USD,13642.31,13864.89,12892.0,13274.73,10670.86461819,141652846.67302534,0,12120.081,12309.944068871808,13841.17633212713,10398.98566787287,12120.081,78.6508761854502,-2.7342668102785073,-0.02772343570347741,32.89115484949806
2020-10-29,1603929600,BTC/USD,13275.82,13650.0,12993.0,13468.44,8894.95694501,119801193.9164505,0,12240.903,12420.27701469354,13985.405298646661,10496.40070135334,12240.903,79.3647364520417,1.4592387189795941,0.014486942859732418,32.57437034992962
2020-10-30,1604016000,BTC/USD,13456.14,13675.56,13129.26,13562.13,8981.11986042,121803115.09259789,0,12353.9495,12529.02491805606,14134.702038527734,10573.196961472268,12353.9495,84.60165017623092,0.6956262195176199,0.00693217902470712,32.58541945449548
2020-10-31,1604102400,BTC/USD,13569.42,14100.0,13420.97,13816.08,6337.39292768,87557927.68026109,0,12476.107,12651.601592526911,14307.965725880218,10644.248274119782,12476.107,85.53973613673548,1.8724934800064652,0.01855178139301791,32.4290878211981
2020-11-01,1604188800,BTC/USD,13799.44,13907.47,13629.31,13762.0,2534.08581497,34874088.98561714,0,12587.408,12757.353821810062,14449.016197758714,10725.799802241285,12587.408,83.49162720523432,-0.3914279593053904,-0.003921960435281138,32.75089169517287
2020-11-02,1604275200,BTC/USD,13762.0,13842.5,13220.0,13563.72,7065.41110933,95833257.9718415,0,12694.195,12834.150600685294,14520.4578914406,10867.9321085594,12694.195,77.25595681648825,-1.4407789565470175,-0.014512589608170137,33.681530239774624
2020-11-03,1604361600,BTC/USD,13578.82,14083.76,13287.7,14041.58,7225.86635614,101462580.5090483,0,12824.831999999999,12949.143876810504,14643.760212635218,11005.90378736478,12824.831999999999,79.27087503278439,3.5230747906916493,0.03462434670642573,34.30980960984147
2020-11-04,1604448000,BTC/USD,14041.58,14277.5,13520.87,14160.59,10926.32680544,154723234.0978456,0,12957.306,13064.519698066646,14759.221412506295,11155.390587493706,12957.306,73.74318086445658,0.8475541926193486,0.00843982618566527,34.13274902187419
2020-11-05,1604534400,BTC/USD,14168.49,15770.58,14100.0,15605.04,18422.63186045,287485907.0875967,0,13171.465,13306.47401253649,15163.09491441164,11179.83508558836,13171.465,81.79102016267892,10.200493058551952,0.09713118493624842,45.46853814452846
2020-11-06,1604620800,BTC/USD,15608.32,15968.98,15196.01,15598.09,13479.46706771,210253940.47417668,0,13383.079500000002,13524.723154199683,15464.26185712283,11301.897142877173,13383.079500000002,82.48555789803214,-0.044536893208868555,-0.0004454681382881867,44.410839024880104
2020-11-07,1604707200,BTC/USD,15603.28,15778.6,14351.0,14838.97,10933.92419186,162248173.0652848,0,13549.0295,13649.889520466379,15531.660506149836,11566.398493850165,13549.0295,68.38807556485067,-4.866749711022312,-0.04989164253979883,49.73377896353321
2020-11-08,1604793600,BTC/USD,14829.32,15664.9,14727.19,15489.15,5046.49916395,78165982.52529615,0,13735.279999999999,13825.057185183867,15711.766737324957,11758.79326267504,13735.279999999999,73.40854457833164,4.381570958092107,0.04288295048843727,50.823119971683795
2020-11-09,1604880000,BTC/USD,15484.68,15854.48,14824.66,15332.04,14466.07953692,221794510.1032389,0,13905.826500000001,13968.579358023499,15810.534334695087,12001.118665304915,13905.826500000001,71.12086567848839,-1.01432292927629,-0.01019502237338702,51.435031486554784
2020-11-10,1604966400,BTC/USD,15349.32,15482.76,15092.47,15313.65,8966.48171393,137309562.69852412,0,14031.3755,14096.681323926023,15960.779193508875,12101.971806491125,14031.3755,67.35174324732549,-0.11994489970024169,-0.0012001689116754874,51.655598658258754
2020-11-11,1605052800,BTC/USD,15314.94,15991.01,15290.85,15707.89,10013.26427187,157287253.72346407,0,14167.607,14250.129769266401,16168.8338734334,12166.3801265666,14167.607,75.23490879523418,2.5744352260891334,0.025418546364377924,47.26257136330449
2020-11-12,1605139200,BTC/USD,15702.0,16369.99,15481.0,16300.0,16261.47118864,265061980.374832,0,14335.5275,14445.355505526744,16463.207436396107,12207.847563603891,14335.5275,77.12523613734857,3.7695069165877726,0.03700197392259358,48.18648576948906
2020-11-13,1605225600,BTC/USD,16300.0,16494.52,15970.33,16335.58,7843.22421583,128123616.63562822,0,14496.170000000002,14625.376885952768,16721.221911938577,12271.118088061427,14496.170000000002,76.86769444191492,0.2182822085889491,0.0021804431909341567,48.0242724884283
2020-11-14,1605312000,BTC/USD,16339.06,16341.89,15715.1,16086.34,5046.32670498,81176927.12738797,0,14648.532499999998,14764.516230147743,16870.804354409458,12426.260645590537,14648.532499999998,72.01314819842531,-1.5257493152982637,-0.015375086353250461,48.87174838128997
2020-11-15,1605398400,BTC/USD,16092.8,16170.0,15786.46,15975.49,3225.70533016,51532223.24491777,0,14793.9705,14879.847065371767,16960.389361512058,12627.55163848794,14793.9705,71.22897473227488,-0.6890939766286186,-0.006914791930758953,48.893677938491564
2020-11-16,1605484800,BTC/USD,15975.49,16894.93,15875.5,16724.62,7511.71484029,125630576.25221092,0,14947.8065,15055.539725812552,17206.549995591125,12689.063004408876,14947.8065,77.41828035709946,4.689245838468792,0.045826212558210705,50.365072233316845
2020-11-17,1605571200,BTC/USD,16727.85,17868.0,16570.0,17680.63,9824.73852957,173707566.78807124,0,15168.101499999999,15305.548323354215,17593.088615167388,12743.114384832608,15168.101499999999,79.14798385869469,5.716183686086751,0.05558780478095056,51.485446655781686
2020-11-18,1605657600,BTC/USD,17681.77,18483.0,17041.47,17785.95,15717.92072069,279558152.0421563,0,15383.976999999999,15541.777054463337,17937.196179196184,12830.757820803814,15383.976999999999,79.1021532652183,0.59568013130753,0.005939129714873965,49.466938787202785
2020-11-19,1605744000,BTC/USD,17792.96,18189.97,17346.62,17825.47,10506.69646215,187286802.58516097,0,15597.144,15759.271620704923,18220.836336772438,12973.451663227563,15597.144,73.01559989634619,0.2221978584219686,0.0022195136404981226,49.63181968266734
2020-11-20,1605830400,BTC/USD,17822.37,18824.88,17755.81,18687.65,10020.01351326,187250505.53107327,0,15840.722499999998,16038.164799685406,18665.063901436617,13016.38109856338,15840.722499999998,77.20171580107694,4.836786912210456,0.04723454446036905,50.92234101897928
2020-11-21,1605916800,BTC/USD,18685.08,18977.0,18333.45,18725.0,5937.50536305,111179787.92311125,0,16088.872499999998,16294.053866382035,19014.501417951346,13163.243582048648,16088.872499999998,89.19573711825805,0.19986461647130138,0.001996651528739331,51.11031870313215
2020-11-22,1606003200,BTC/USD,18726.43,18770.55,17600.0,18435.2,6417.21771734,118302692.06270637,0,16332.4465,16497.97254577422,19183.078504009958,13481.814495990042,16332.4465,82.04436535612587,-1.5476635514018677,-0.015597648847356232,51.7953605261358
2020-11-23,1606089600,BTC/USD,18432.6,18786.31,18001.95,18383.35,9412.08722183,173025693.6294285,0,16549.535,16677.532303319535,19325.923260225212,13773.14673977479,16549.535,83.96707610033903,-0.2812554244055021,-0.0028165169066226006,51.1406719526254
2020-11-24,1606176000,BTC/USD,18386.92,19442.13,18068.56,19160.85,13262.83116668,254127118.56008047,0,16799.548000000003,16914.038750622436,19570.690790202094,14028.405209797911,16799.548000000003,86.63525486222734,4.229370598938709,0.04142377116617474,51.53091625133719
2020-11-25,1606262400,BTC/USD,19175.13,19490.0,18470.91,18732.43,8962.62225501,167891694.00841695,0,16955.9175,17087.218869610777,19795.358096528904,14116.476903471095,16955.9175,78.61513833857472,-2.235913333698658,-0.022612888387165405,53.11247729714674
2020-11-26,1606348800,BTC/USD,18727.24,18911.04,16218.0,17160.09,21424.98655676,367654697.5627917,0,17034.0175,17094.158977266892,19801.212829904995,14266.822170095009,17034.0175,56.864147202993095,-8.393678769919333,-0.08766990762700655,54.91989663481187
2020-11-27,1606435200,BTC/USD,17168.31,17471.89,16435.47,17154.39,8964.83242941,153786231.7787466,0,17149.7885,17099.895265146235,19716.814425830496,14582.762574169503,17149.7885,56.56601782458008,-0.03321660900380552,-0.00033222126941322394,54.91861962390334
2020-11-28,1606521600,BTC/USD,17160.38,17896.03,16875.01,17741.79,4471.52202455,79332804.73994096,0,17262.4205,17161.02809703707,19717.90763971911,14806.933360280893,17262.4205,62.59209507452037,3.4241963718908197,0.03366875617585612,52.038365687824616
2020-11-29,1606608000,BTC/USD,17724.41,18352.47,17534.87,18192.03,3736.1591794,67968319.87642018,0,17405.42,17259.218754462112,19716.426114957096,15094.4138850429,17405.42,66.03223603886147,2.537737173081167,0.025060712375587324,50.90895825597471
2020-11-30,1606694400,BTC/USD,18196.75,19864.15,18196.75,19700.19,10612.67092499,209071633.6297787,0,17624.747,17491.6922064181,19932.48866037633,15317.005339623669,17624.747,69.39293176690185,8.290223795805085,0.07964469428414639,56.178730248780354
2020-12-01,1606780800,BTC/USD,19703.53,19918.01,18100.0,18771.43,11799.58943351,221495167.07987264,0,17777.924,17613.571996283044,19952.815031263453,15603.032968736545,17777.924,57.13450384195779,-4.714472296967687,-0.04829224726878928,59.81700878905443
2020-12-02,1606867200,BTC/USD,18773.21,19346.9,18334.0,19226.55,6749.36401948,129766984.78873318,0,17924.251500000002,17767.188949017993,20074.122508755183,15774.380491244821,17924.251500000002,59.010124663199214,2.4245355841297167,0.023956103230314094,59.77069883472764
2020-12-03,1606953600,BTC/USD,19220.09,19621.0,18881.62,19448.4,6196.52507218,120512498.21378551,0,18079.892499999998,17927.304287206756,20195.941923877017,15963.84307612298,18079.892499999998,59.92415005130451,1.1538731597712681,0.011472668140928548,58.94591168902102
2020-12-04,1607040000,BTC/USD,19439.94,19552.5,18573.89,18673.76,6261.69674357,116929422.1822077,0,18209.2635,17998.39530747278,20118.388372806985,16300.138627193017,18209.2635,49.91414404268442,-3.983052590444469,-0.04064547458461227,61.33459474670744
2020-12-05,1607126400,BTC/USD,18650.08,19185.17,18500.0,19162.16,2376.72322359,45543150.68614736,0,18368.597,18109.23004009442,20005.225360915338,16731.968639084665,18368.597,52.55943083166865,2.615434706240216,0.025818171167593003,61.15412940445128
2020-12-06,1607212800,BTC/USD,19162.17,19418.39,18870.62,19380.58,2503.4542629,48518395.61847448,0,18501.394999999997,18230.310988656856,20001.701417860877,17001.088582139117,18501.394999999997,55.58154638201399,1.1398506222680682,0.0113340327224539,60.90710551437339
2020-12-07,1607299200,BTC/USD,19385.13,19431.0,18905.0,19173.5,4323.27044132,82892225.80664901,0,18576.038500000002,18320.13851354668,20052.770582350768,17099.306417649237,18576.038500000002,54.581094917341424,-1.0684922742250302,-0.010742416439819885,59.7626137036478
2020-12-08,1607385600,BTC/USD,19183.13,19300.55,18163.52,18316.43,5979.96623279,109531632.90526174,0,18602.5625,18319.78532178033,20038.022454775484,17167.102545224516,18602.5625,45.149018796819725,-4.470075885988467,-0.045730646074630434,59.58421215291049
2020-12-09,1607472000,BTC/USD,18311.31,18654.92,17640.33,18556.64,8906.94524733,165282976.45441377,0,18639.121,18342.342910182204,20027.728460912527,17250.51353908747,18639.121,48.967810047455245,1.3114455164024763,0.013029205225654556,59.698544965088885
2020-12-10,1607558400,BTC/USD,18546.38,18562.13,17908.0,18250.3,6784.45549144,123818348.05542742,0,18617.2535,18333.57691873628,20016.377939554903,17218.129060445095,18617.2535,57.519322315394795,-1.6508376516438328,-0.016646158237019353,60.047290725994216
2020-12-11,1607644800,BTC/USD,18250.3,18290.43,17569.58,18040.02,6687.92267389,120650258.79542908,0,18583.004500000003,18305.61911695187,20004.38174261767,17161.627257382337,18583.004500000003,55.94065980947066,-1.1522002378043017,-0.011588894968243352,57.76975792570872
2020-12-12,1607731200,BTC/USD,18031.23,18956.46,18022.55,18815.63,3515.32704607,66143093.02784608,0,18602.026,18354.191582004074,20025.255841739458,17178.796158260546,18602.026,57.02574396311,4.299385477399698,0.04209528412591579,59.72805298946325
2020-12-13,1607817600,BTC/USD,18806.83,19416.64,18628.1,19162.36,4251.96121032,81477611.41818756,0,18640.976499999997,18431.16000276559,20081.541614702095,17200.4113852979,18640.976499999997,56.43568427852659,1.842776457657802,0.018260030827942007,59.749129103064924
2020-12-14,1607904000,BTC/USD,19151.82,19346.9,18979.21,19274.33,3618.37690457,69741790.5230607,0,18646.6505,18511.461907264107,20096.69998013574,17196.601019864258,18646.6505,46.533484846511534,0.5843225990953105,0.005826220558196943,59.739229386731296
2020-12-15,1607990400,BTC/USD,19274.33,19567.84,19050.0,19434.87,6750.77219425,131200379.9948635,0,18681.7725,18599.405535143716,20173.985082596322,17189.559917403676,18681.7725,56.17238466319082,0.8329212999881097,0.008294716525236568,58.08156232934428
2020-12-16,1608076800,BTC/USD,19434.55,21576.76,19277.66,21365.7,14974.62184371,319943277.92615473,0,18892.053,18862.862150844314,20644.06890843681,17140.03709156319,18892.053,65.61430196044654,9.9348747894892,0.09471795710679616,65.85479968400028
2020-12-17,1608163200,BTC/USD,21358.96,23777.0,21244.04,22814.24,22626.69253048,516210793.7965781,0,19175.0455,19239.1838507639,21484.87765801721,16865.21334198279,19175.0455,70.8368310663071,6.77974510547279,0.06559806998120071,59.39485613308327
2020-12-18,1608249600,BTC/USD,22829.89,23284.68,22360.93,23136.14,11360.33890442,262834391.3401077,0,19444.763,19610.32253164353,22255.415276983134,16634.110723016864,19444.763,79.26565336467328,1.4109608735596524,0.014010994727101225,59.179526342525065
2020-12-19,1608336000,BTC/USD,23142.05,24217.38,22719.78,23842.99,8672.0376961,206767308.0677353,0,19727.311,20013.43371910605,23089.712487758574,16364.90951224143,19727.311,79.84321066208302,3.055176879116406,0.03009435666217018,59.0445038689738
2020-12-20,1608422400,BTC/USD,23842.38,24298.04,23092.77,23470.85,5095.96264009,119606574.73115636,0,19915.844,20342.711460143568,23671.674211320867,16160.013788679133,19915.844,75.57668810631193,-1.5607941789180124,-0.015731028142213156,59.77455816400435
2020-12-21,1608508800,BTC/USD,23470.85,24123.83,21864.86,22732.01,12675.12801873,288131136.8730505,0,20113.873,20570.26370203466,24029.87352622504,16197.872473774958,20113.873,70.86405131422339,-3.1479047414132877,-0.03198516231038266,56.29537019188544
2020-12-22,1608595200,BTC/USD,22750.07,23843.21,22383.59,23835.1,9367.60948339,223277908.79754895,0,20344.3005,20881.20049231707,24570.529058860302,16118.0719411397,20344.3005,81.44946300777193,4.852584527281145,0.047385220815514086,54.212168314420595
2020-12-23,1608681600,BTC/USD,23819.08,24096.9,22624.92,23247.71,11541.96937133,268324356.77356216,0,20534.266,21106.582350191635,24929.124201309576,16139.407798690423,20534.266,75.71562484582365,-2.4643907514547814,-0.024952651599995813,55.41583349539481
2020-12-24,1608768000,BTC/USD,23215.0,23779.14,22700.1,23726.28,7185.48205493,170484759.17024454,0,20786.892,21356.0773644591,25310.42744262673,16263.35655737327,20786.892,79.4620413890467,2.058568349312684,0.020376662009788913,55.550686868093905
2020-12-25,1608854400,BTC/USD,23747.22,24777.0,23403.82,24705.15,6469.22897257,159823272.15168774,0,21064.0415,21675.036663082043,25840.585638403638,16287.49736159636,21064.0415,83.12073203092466,4.125678361715379,0.040428429356112676,53.39284470222891
2020-12-26,1608940800,BTC/USD,24714.01,26809.5,24485.32,26466.28,7491.46184626,198271126.8324341,0,21418.326500000003,22131.345552312327,26694.146356835656,16142.506643164348,21418.326500000003,84.62650454089155,7.1285946452460225,0.06885974598177413,56.6443042841863
2020-12-27,1609027200,BTC/USD,26472.89,28377.94,25770.0,26259.6,13234.33412894,347528320.4923128,0,21772.6315,22524.512642568297,27356.45869994774,16188.804300052261,21772.6315,82.53423841193177,-0.7809182098882039,-0.007839833440293523,57.2034302850276
2020-12-28,1609113600,BTC/USD,26242.82,27473.49,26079.6,27037.91,7987.77761059,215972812.13514748,0,22208.7055,22954.360009942746,28013.88408919453,16403.52691080547,22208.7055,83.5398075633679,2.9639065332297543,0.02920831882192743,56.65672351182297
2020-12-29,1609200000,BTC/USD,27037.9,27395.0,25831.85,27370.0,9577.27829174,262130106.8449238,0,22649.373499999998,23374.89715185296,28622.877812669984,16675.869187330012,22649.373499999998,83.78022397177406,1.228238425233319,0.012207567764482806,52.0206662566047
2020-12-30,1609286400,BTC/USD,27370.0,29010.32,27328.37,28881.3,11741.7333812,339116524.30245155,0,23180.9235,23899.31647072411,29393.427573781373,16968.41942621863,23180.9235,83.17940612942245,5.5217391304347885,0.05374680380936038,53.3154833282094
2020-12-31,1609372800,BTC/USD,28893.21,29300.0,27930.75,28992.79,9477.67661813,274784287.8773533,0,23728.561999999998,24384.409187798003,29963.910764160817,17493.21323583918,23728.561999999998,80.92785311328356,0.38602832974969914,0.0038528515236236007,51.94380667307561
2021-01-01,1609459200,BTC/USD,28999.63,29700.0,28720.0,29402.64,8781.46555456,258198270.37312803,0,24257.9125,24862.33593181724,30534.552546149134,17981.272453850863,24257.9125,81.0943175277375,1.4136273190679338,0.01403728784601936,50.594334636541674
2021-01-02,1609545600,BTC/USD,29410.77,33333.0,29050.0,32216.53,17867.8788985,575641056.5698922,0,24910.621,25562.735366882265,31653.826052245517,18167.41594775448,24910.621,84.36386826925285,9.570195057314578,0.09139520863493254,55.54662405038315
2021-01-03,1609632000,BTC/USD,32216.51,34800.0,31977.45,33097.83,14160.5812801,468684511.9099322,0,25601.796,26280.363427179193,32735.032154191988,18468.55984580801,25601.796,87.92299571410564,2.735552214965442,0.02698804645502758,55.48337391576092
2021-01-04,1609718400,BTC/USD,33068.83,33669.76,27734.0,32005.88,22446.94000548,718434068.1825922,0,26230.346499999996,26825.650719828795,33290.603340684684,19170.089659315305,26230.346499999996,85.54320856115058,-3.2991588874557665,-0.03354808540178805,58.863074068477225
2021-01-05,1609804800,BTC/USD,32054.23,34500.0,29936.26,34039.05,14806.49650719,503999074.9330658,0,26864.014000000003,27512.641127464147,34348.098184565366,19379.92981543464,26864.014000000003,86.50528513543584,6.352488980149906,0.06158875905283962,59.93961090396181
2021-01-06,1609891200,BTC/USD,34081.24,37050.83,33348.27,36849.94,19219.28788972,708229605.5789086,0,27565.799,28401.907686753275,36020.29274487092,19111.305255129075,27565.799,91.98351306121366,8.257839158260882,0.07934559543889373,57.94459157607944
2021-01-07,1609977600,BTC/USD,36875.96,40402.46,36327.5,39510.49,23102.26120863,912781660.4609636,0,28384.516499999998,29459.86790706249,38108.826824594995,18660.206175405,28384.516499999998,92.93511345936967,7.2199574816132595,0.06971221585846342,58.315579172421785
2021-01-08,1610064000,BTC/USD,39510.59,42000.0,36618.36,40667.07,22183.95174233,902156318.381956,0,29225.720500000003,30527.220487342252,40134.468102974985,18316.97289702502,29225.720500000003,93.00276197547521,2.9272732380691835,0.02885246777879061,58.15266989918578
2021-01-09,1610150400,BTC/USD,40682.76,41422.77,38788.16,40239.06,8535.84731272,343474472.1673788,0,30064.131,31452.157583785847,41666.037802454535,18462.224197545464,30064.131,89.97658199263208,-1.0524731680939925,-0.01058050837106627,59.557500250729476
2021-01-10,1610236800,BTC/USD,40239.06,41450.0,34322.07,38173.73,16218.9974052,619139627.8168055,0,30836.216999999997,32092.307337711005,42438.879204994475,19233.55479500552,30836.216999999997,81.21380937934086,-5.132649718954651,-0.052690582971823496,63.95033324628775
2021-01-11,1610323200,BTC/USD,38164.88,38261.39,30261.13,35455.58,40786.96425433,1446125474.0765376,0,31417.241,32412.619019833764,42703.231441453885,20131.25055854612,31417.241,70.01866865164772,-7.1204726391683515,-0.07386693731907241,69.87247539709412
2021-01-12,1610409600,BTC/USD,35449.71,36639.23,32479.91,34035.02,18267.87445007,621747472.2656214,0,31956.606500000005,32567.133398897215,42612.148506939724,21301.064493060287,31956.606500000005,65.07035221783364,-4.006590782043351,-0.0408906508566657,72.34666523808582
2021-01-13,1610496000,BTC/USD,34035.02,37800.0,32327.76,37393.49,13662.38751261,510884350.8289068,0,32639.967000000004,33026.78640852605,42815.26764089288,22464.666359107126,32639.967000000004,67.76319386448938,9.867689221278564,0.09410663056831475,75.34885356173645
2021-01-14,1610582400,BTC/USD,37393.49,40112.78,36717.23,39134.35,10923.5047334,427484257.46353227,0,33361.427,33608.459131523574,43208.736319647054,23514.117680352952,33361.427,69.81581551226358,4.65551624092857,0.04550397284705616,75.75572012706141
2021-01-15,1610668800,BTC/USD,39147.98,39694.0,34380.0,36756.57,13499.11727006,496181248.8751693,0,33875.9415,33908.27921423562,43271.288269875215,24480.594730124787,33875.9415,63.342887904522506,-6.0759409572408885,-0.0626836127548808,81.13856744292016
2021-01-16,1610755200,BTC/USD,36778.66,37944.12,35350.0,36000.0,7688.58269814,276788977.13304,0,34362.9615,34107.490717641755,43081.40856667265,25644.514433327342,34362.9615,57.41851917065651,-2.0583258992882048,-0.020798046734502536,80.12332258200523
2021-01-17,1610841600,BTC/USD,36013.51,36839.0,33833.55,35819.25,6821.71255949,244348627.59651217,0,34802.0285,34270.51541119968,42823.87454775671,26780.18245224329,34802.0285,55.48681794317815,-0.5020833333333363,-0.005033480066198371,80.02991407787226
2021-01-18,1610928000,BTC/USD,35826.36,37449.86,34777.85,36616.95,6251.2145414,228900410.30171672,0,35264.376000000004,34493.98537203781,42511.09801433968,28017.65398566033,35264.376000000004,59.408284796352795,2.227014803492522,0.022025789566966793,79.90537490103696
2021-01-19,1611014400,BTC/USD,36665.82,37874.71,35888.0,35917.62,6578.85825052,236296930.6760422,0,35616.192,34629.56962231992,42212.10354582958,29020.280454170424,35616.192,54.05361665802819,-1.9098532237119548,-0.019283265069954245,80.75640754429868
2021-01-20,1611100800,BTC/USD,35888.13,36440.1,33400.0,35496.91,12160.46753333,431659021.588537,0,35941.398,34712.17346781326,41757.58826357755,30125.20773642245,35941.398,46.744605138742195,-1.1713192577904596,-0.011782332447471927,79.76879451197316
2021-01-21,1611187200,BTC/USD,35516.17,35620.96,30044.16,30818.18,21214.6412581,653796632.9275522,0,36012.175,34341.31694706914,41519.58909247605,30504.760907523952,36012.175,30.937523712111613,-13.180668401841178,-0.14134087485442443,95.45256545065841
2021-01-22,1611273600,BTC/USD,30817.86,33864.85,28800.0,32992.06,17019.5834508,561511118.3838006,0,36050.951499999996,34212.816285443514,41455.80796611449,30646.095033885507,36050.951499999996,33.88742330528453,7.053888321763324,0.06816215087056432,98.05374363491818
2021-01-23,1611360000,BTC/USD,32989.1,33468.46,31426.11,32117.49,5255.74586786,168801365.35353488,0,36001.9345,34013.26140111556,41535.799394668546,30468.069605331464,36001.9345,33.26373602369661,-2.6508499317714485,-0.02686618488874977,93.44805471790707
2021-01-24,1611446400,BTC/USD,32098.38,33075.75,30960.77,32288.83,4658.70962563,150424283.12133074,0,36016.082,33849.02983910455,41508.22142821323,30523.942571786774,36016.082,36.846093323915696,0.5334787992461454,0.005320608418656696,92.95545032008589
2021-01-25,1611532800,BTC/USD,32289.06,34888.0,31939.12,32261.22,10038.75547087,323862498.7719407,0,35927.1905,33697.80985442793,41608.35749936151,30246.023500638483,35927.1905,41.883777820463166,-0.08550944707503838,-0.0008554602725722808,92.2078828730325
2021-01-26,1611619200,BTC/USD,32264.15,32953.28,30847.4,32504.53,11554.91101117,375586951.6099056,0,35709.92,33584.16415400622,41571.99052714164,29847.849472858354,35709.92,45.86390049298413,0.7541872254056114,0.007513574525016895,89.54930681327674
2021-01-27,1611705600,BTC/USD,32521.65,32580.12,29150.49,30424.62,22403.70666206,681624261.7846439,0,35255.6265,33283.255186958006,41283.47064096471,29227.782359035285,35255.6265,29.768769178513665,-6.398831178300379,-0.06612731517119134,87.00168051206488
2021-01-28,1611792000,BTC/USD,30427.34,33870.58,29899.99,33484.87,17879.35697563,598687944.0125637,0,34896.5165,33302.45659772391,40399.88306159276,29393.149938407238,34896.5165,34.7660825651856,10.058465808282913,0.09584154595235118,90.38985017083607
2021-01-29,1611878400,BTC/USD,33488.66,38620.0,31990.0,34249.64,31439.61903418,1076795633.6578126,0,34597.0455,33392.66454079782,39494.85332839601,29699.237671603983,34597.0455,42.5959409147266,2.2839270392866817,0.022582358684985426,90.0944144290329
2021-01-30,1611964800,BTC/USD,34265.71,34931.39,32860.0,34323.0,7281.28566632,249915567.92510137,0,34404.509000000005,33481.267917864694,39003.97121308071,29805.0467869193,34404.509000000005,44.83879942534324,0.2141920323833979,0.002139629682827666,90.15941030200561
2021-01-31,1612051200,BTC/USD,34300.19,34380.21,32193.7,33141.38,4750.12315608,157425636.56244656,0,34288.799,33448.89763997282,38893.361237081524,29684.236762918474,34288.799,42.23674834421342,-3.4426477871980943,-0.035033030734663025,89.24893211591517
2021-02-01,1612137600,BTC/USD,33110.32,34736.1,32333.01,33532.74,8374.05662032,280805063.39446926,0,34263.685,33456.88262664207,38879.540415908516,29647.829584091483,34263.685,40.843014711340054,1.180880216816571,0.011739622351759786,86.00285141570005
2021-02-02,1612224000,BTC/USD,33497.16,36008.67,33431.67,35522.16,7225.86501969,256678333.36783132,0,34170.1185,33653.57570981902,38590.57482288108,29749.662177118917,34170.1185,48.90942725212952,5.932768989351911,0.05763445208186461,87.24695263164001
2021-02-03,1612310400,BTC/USD,35496.91,37732.87,35382.45,37691.63,8777.33287657,330831983.17051214,0,34097.9825,34038.15230888387,38213.94472160535,29982.020278394644,34097.9825,55.52003058411637,6.107370722951511,0.059281326803786095,83.36403149961518
2021-02-04,1612396800,BTC/USD,37693.0,38748.52,36197.65,36996.32,11762.80234811,435180399.767429,0,34109.97,34319.88256518065,38259.791494236175,29960.148505763824,34109.97,69.43278196396871,-1.844733167549395,-0.018619605651319007,81.93770433280322
2021-02-05,1612483200,BTC/USD,36984.28,38359.69,36618.36,38320.0,5211.97488137,199722877.4540984,0,34225.97,34700.846130401536,38714.149956088564,29737.79004391144,34225.97,67.70552665894812,3.5778693664667127,0.03515350486431477,79.89329389892555
2021-02-06,1612569600,BTC/USD,38320.0,41025.48,38230.81,39282.1,8635.66020711,339226867.8217157,0,34399.1125,35137.156022744246,39385.60371810205,29412.621281897955,34399.1125,73.67134260326917,2.510699373695191,0.02479699127633854,79.81633719049171
2021-02-07,1612656000,BTC/USD,39274.8,39727.44,37412.93,38858.39,5973.24016085,232110495.73397204,0,34511.184499999996,35491.55925867337,39799.19177875747,29223.17722124252,34511.184499999996,71.3493150862999,-1.0786337797622836,-0.010844932065131473,79.92594378977435
2021-02-08,1612742400,BTC/USD,38870.36,46712.12,38050.97,46416.45,19053.71343569,884405737.002033,1,35036.126,36532.02504356162,42534.48180429817,27537.77019570182,35036.126,80.88459190455015,19.450265438171765,0.17772990995096738,100.04739378082976
2021-02-09,1612828800,BTC/USD,46445.51,48216.09,45000.0,46505.2,12505.08248337,581551361.9056185,1,35586.5405,37481.851229889086,44674.86242239219,26498.21857760782,35586.5405,80.75479191644587,0.19120376504451198,0.001910212033185636,99.49916013127229
2021-02-10,1612915200,BTC/USD,46493.9,47364.09,43746.06,44854.63,9483.3289564,425371211.5076081,1,36288.363,38184.02063656632,45974.46484668668,26602.261153313317,36288.363,82.30729929524016,-3.549216001651423,-0.03613731812248899,100.59362572683095
2021-02-11,1613001600,BTC/USD,44854.63,48696.84,44040.96,47981.48,9390.81635484,450585267.1134284,1,37037.834,39117.11200451238,47898.45275514515,26177.21524485486,37037.834,82.35990576377638,6.971075226793766,0.06738828694619464,85.59592440746309
2021-02-12,1613088000,BTC/USD,48044.88,49000.0,46231.16,47395.84,5970.13590277,282959606.02594244,1,37801.7515,39905.562289796915,49333.7120588211,26269.790941178904,37801.7515,79.58204132331826,-1.2205542638534794,-0.012280641985234967,84.55049931609592
2021-02-13,1613174400,BTC/USD,47424.25,48220.0,46133.0,47228.48,4271.67215148,201744582.77273017,1,38548.734,40602.98302410197,50504.75245986409,26592.71554013591,38548.734,78.91802867271073,-0.35311115912280977,-0.0035373606809219527,83.39506623636828
2021-02-14,1613260800,BTC/USD,47258.66,49714.66,47081.02,48662.5,5201.6939256,253127430.65451,1,39368.797999999995,41370.5560694256,51751.30368835805,26986.292311641944,39368.797999999995,84.39004178797589,3.0363458658843046,0.029911612481005514,83.34559499304738
2021-02-15,1613347200,BTC/USD,48620.48,49048.82,45914.75,47942.57,6924.33408866,331970371.74896824,1,40140.7,41996.462158051734,52645.64942863676,27635.750571363234,40140.7,81.46956064830245,-1.4794348831235538,-0.014904876689716044,83.9187581571187
2021-02-16,1613433600,BTC/USD,47954.05,50602.53,47036.02,49166.53,8376.07608814,411822596.269818,1,41077.7955,42679.32576204681,53323.31711413538,28832.27388586462,41077.7955,80.82858964608637,2.5529711903220953,0.02520927120002663,83.84104393921372
2021-02-17,1613520000,BTC/USD,49136.7,52640.0,48896.19,52174.28,9571.64796874,499393841.1824721,1,42012.265999999996,43583.607118042346,54663.79427392806,29360.73772607193,42012.265999999996,81.5283121637396,6.117474631624398,0.05937654570865692,78.77060043482366
2021-02-18,1613606400,BTC/USD,52141.23,52566.98,50869.61,51579.54,6330.14291878,326505859.8849298,1,42878.761,44345.124535371644,55664.84425763607,30092.67774236393,42878.761,81.8868751290062,-1.13991031596411,-0.011464570927453226,75.42801586293005
2021-02-19,1613692800,BTC/USD,51560.46,56399.99,50627.32,55988.58,9229.78250415,516762416.11620265,1,43962.03999999999,45454.02505581244,57352.88592410665,30571.194075893338,43962.03999999999,84.04025357114234,8.548040560268678,0.082022659139374,78.3802445793947
2021-02-20,1613779200,BTC/USD,56000.59,57553.81,54000.0,55936.04,5187.25046252,290154249.3615372,1,45101.773,46452.31219335411,58495.05687162878,31708.489128371224,45101.773,83.25079503508377,-0.0938405653438612,-0.0009388462316727836,78.49264878846945
2021-02-21,1613865600,BTC/USD,55919.75,58354.14,55537.99,57492.91,3562.96950963,204845485.3499017,1,46299.7815,47503.79769874895,59622.08978260696,32977.47321739303,46299.7815,85.59455808509144,2.7833039307037177,0.02745274071708327,75.57629503200572
2021-02-22,1613952000,BTC/USD,57485.74,57564.19,47400.0,54173.65,17002.83273081,921105509.3674452,1,47232.356,48139.02172743953,59976.76894625269,34487.94305374731,47232.356,67.68040522799546,-5.773337964629032,-0.05946700798413275,81.11892931646383
2021-02-23,1614038400,BTC/USD,54173.64,54196.58,44845.72,48887.93,17766.39814895,868562429.0579972,1,47792.170999999995,48210.34632482624,59730.10617687749,35854.2358231225,47792.170999999995,54.390631766125836,-9.756994405951968,-0.10266409212136592,90.87512154543576
2021-02-24,1614124800,BTC/USD,48927.33,51459.51,47000.0,49754.0,8774.36674339,436559842.950626,1,48430.055,48357.360960557075,59250.14704773313,37609.96295226687,48430.055,59.29680547253769,1.771541564553858,0.017560326635209608,89.46392715123257
2021-02-25,1614211200,BTC/USD,49715.13,52079.16,46723.0,47088.58,7920.69294708,372974183.4940124,1,48868.484000000004,48236.524678599264,58621.70538349565,39115.262616504355,48868.484000000004,48.275477126364315,-5.357197411263415,-0.055060353604089986,91.9540388491932
2021-02-26,1614297600,BTC/USD,47070.18,48476.62,44151.97,46314.83,8126.22740854,376364840.96787065,1,49220.120500000005,48053.506137780285,57974.00361950315,40466.23738049686,49220.120500000005,47.92722776852507,-1.6431797263795178,-0.01656829659635029,92.02220733547573
2021-02-27,1614384000,BTC/USD,46324.15,48365.31,45050.0,46109.98,3071.56836645,141629955.9456422,1,49582.7,47868.40841037264,57033.20995119176,42132.19004880823,49582.7,47.858421868490055,-0.44229893535180365,-0.0044327997090146684,91.94794784472582
2021-02-28,1614470400,BTC/USD,46142.1,46659.88,43021.0,45240.96,6668.91811403,301708257.6401067,1,49523.9255,47618.175228432396,57097.13932601282,41950.71167398718,49523.9255,43.30394396318905,-1.8846679178780912,-0.01902654129120225,92.1984366990261
2021-03-01,1614556800,BTC/USD,45261.56,49831.52,45020.25,49629.33,8512.7594378,422482547.34919065,1,49680.132,47809.7137781055,57118.861990789046,42241.40200921095,49680.132,52.886571545136185,9.699993103594618,0.09257911842704397,75.57974540452435
2021-03-02,1614643200,BTC/USD,49641.89,50250.0,47069.52,48516.35,4945.78880692,239951620.78261316,1,49863.218,47877.012465904976,56974.93335653754,42751.50264346246,49863.218,48.8830971079193,-2.242585180980694,-0.02268113507342693,76.11030569229469
2021-03-03,1614729600,BTC/USD,48438.0,52652.82,48168.45,50379.68,6151.4871525,309909954.2670612,1,49983.128000000004,48115.361754866404,57041.927356216125,42924.32864378388,49983.128000000004,46.790997483724325,3.8406228003549314,0.0376870646418724,75.74290826779266
2021-03-04,1614816000,BTC/USD,50376.05,51817.54,47500.0,48360.5,5641.61213573,272831183.6899707,1,50031.361000000004,48138.70825440294,57028.63736718921,43034.0846328108,50031.361000000004,44.52290855633899,-4.007925417549297,-0.04090455436103017,73.86615785869583
2021-03-05,1614902400,BTC/USD,48353.09,49471.24,46294.0,48739.21,5219.24690875,254381971.1274171,1,50106.89750000001,48195.89889684076,57008.74028526451,43205.0547147355,50106.89750000001,35.70486278039145,0.7830977760775903,0.007800474796299925,73.76013771468546
2021-03-06,1614988800,BTC/USD,48774.67,49200.0,47082.29,48904.63,2141.06029528,104707761.54835914,1,50119.004,48263.397097141635,57011.0213864386,43226.9866135614,50119.004,36.196113306594896,0.3393981970573501,0.0033882354125705097,73.74155686362889
2021-03-07,1615075200,BTC/USD,48933.12,51477.53,48933.12,50967.3,2818.44991057,143648782.12699437,1,50270.2405,48520.91165931862,57093.572514102816,43446.908485897184,50270.2405,37.43855090039366,4.217739710943547,0.04131217558694179,74.39473867190335
2021-03-08,1615161600,BTC/USD,50952.55,52427.8,49316.98,52427.8,4419.56113432,231707867.2379021,1,50433.304,48892.99626319303,57301.306482256194,43565.3015177438,50433.304,46.38030617859769,2.865562821652312,0.028252734382350802,74.64596260906005
2021-03-09,1615248000,BTC/USD,52427.8,54939.26,51857.0,54929.02,5428.89224399,298203730.6479716,1,50571.041000000005,49467.85566669845,57691.89194344352,43450.19005655649,50571.041000000005,64.16002820243685,4.770789542952381,0.04660482131242609,75.76219844594392
2021-03-10,1615334400,BTC/USD,54927.29,57402.89,53010.0,55852.29,6916.27818124,386289974.699289,1,50784.6785,50075.89703177479,58279.485999271434,43289.87100072857,50784.6785,64.25587541827011,1.6808419301855393,0.016668721053412962,73.32497717376673
2021-03-11,1615420800,BTC/USD,55918.09,58155.99,54269.0,57772.09,6640.48776529,383634856.8202328,1,50873.85400000001,50808.867790653385,58665.914002545345,43081.79399745467,50873.85400000001,75.87674701485776,3.437280727433012,0.03379525972541126,73.8553313952815
2021-03-12,1615507200,BTC/USD,57847.92,58098.5,55011.0,57271.04,5232.31057076,299659867.9904188,1,50940.60400000001,51424.312762972106,58935.48520468036,42945.722795319656,50940.60400000001,76.89251594350029,-0.8672873008402471,-0.00871070125001549,68.48745717533136
2021-03-13,1615593600,BTC/USD,57297.67,61781.83,56080.96,61165.19,6187.83400169,378480042.4018292,1,51124.218,52352.01535697476,59884.73058953743,42363.70541046257,51124.218,81.28723295041037,6.799509839527973,0.06578315100994289,72.04742993527925
2021-03-14,1615680000,BTC/USD,61177.03,61700.0,58959.57,59016.39,3274.12215493,193226870.0029893,1,51366.354999999996,52986.71770392955,60728.777041206595,42003.9329587934,51366.354999999996,77.181785713581,-3.5131093355550758,-0.035763034908171606,72.80688452958776
2021-03-15,1615766400,BTC/USD,58956.9,60595.13,54555.0,55644.37,7725.21404982,429864668.91738254,1,51704.177,53239.827446412455,61176.98954910581,42231.364450894194,51704.177,62.36487125407534,-5.713700888854767,-0.05883429734820548,72.74070592890183
2021-03-16,1615852800,BTC/USD,55616.42,56950.0,53221.0,56908.34,7733.22669474,440085094.0413401,1,52061.894,53589.20959437317,61762.22754513152,42361.56045486848,52061.894,67.14464153723387,2.2715146204368875,0.022460998737146184,62.390625156818466
2021-03-17,1615939200,BTC/USD,56928.38,58968.8,54124.0,58901.8,5840.07702599,343991048.9694578,1,52652.55499999999,54095.17058538525,62515.095404241314,42790.01459575867,52652.55499999999,67.31841123189437,3.5029312048111105,0.03442974713573658,63.01299950773408
2021-03-18,1616025600,BTC/USD,58939.73,60083.25,57000.0,57648.05,5516.46389423,318013386.39776576,1,53219.216,54433.5400534438,62848.089341330946,43590.342658669055,53219.216,69.47991068338621,-2.1285427610022056,-0.02151522912409272,59.76858928278265
2021-03-19,1616112000,BTC/USD,57648.01,59450.95,56279.34,58072.0,3523.48233151,204615665.95544875,1,53817.317,54780.06004835392,63065.37214216011,44569.2618578399,53817.317,69.53772039308275,0.7354108248240676,0.007327198644399828,59.017105698271635
2021-03-20,1616198400,BTC/USD,58029.94,59957.0,57815.61,58138.39,2382.94564802,138540623.43338948,1,54462.188500000004,55099.90099612973,62960.50506436419,45963.87193563582,54462.188500000004,69.41088921589238,0.11432359829177674,0.0011425829863002163,58.86752613444541
2021-03-21,1616284800,BTC/USD,58072.87,58632.52,55500.0,57381.79,3628.79780904,208226913.83079335,1,54849.811499999996,55317.22375840308,63124.237488918116,46575.38551108188,54849.811499999996,64.2677832085424,-1.3013776267282284,-0.013099197363676545,58.520890313861706
2021-03-22,1616371200,BTC/USD,57410.54,58461.78,53715.0,54070.92,6566.96696309,355081945.3038823,1,55127.54,55198.528162364695,62862.156254508955,47392.92374549105,55127.54,53.37683369435207,-5.769896686736342,-0.05943048737542223,55.540855254762754
2021-03-23,1616457600,BTC/USD,54117.71,55866.44,52933.03,54361.57,4996.46365198,271615608.5695664,1,55326.63450000001,55118.817861187104,62745.204853605705,47908.06414639431,55326.63450000001,48.71726360419428,0.5375347783984408,0.005360952166675645,54.681145058668
2021-03-24,1616544000,BTC/USD,54360.07,57207.33,51638.76,52287.52,6867.5643368,359087907.61171675,1,55522.985499999995,54849.17044583595,62349.48566984333,48696.48533015666,55522.985499999995,42.340255553296984,-3.815287159660774,-0.038899751127575495,55.41736024894705
2021-03-25,1616630400,BTC/USD,52281.77,53271.59,50360.0,51326.11,6682.61740401,342992755.96613175,1,55652.330500000004,54513.640879565864,62020.256677331585,49284.40432266842,55652.330500000004,35.55433344448868,-1.8386987946645728,-0.018558129710220025,53.76517663058882
2021-03-26,1616716800,BTC/USD,51292.65,55114.86,51263.38,55081.37,4874.25111496,268480429.1360244,1,55961.1675,54567.71031960721,61495.780614481744,50426.55438551826,55961.1675,45.71750100624557,7.316471090444998,0.0706119569046349,58.67485176284259
2021-03-27,1616803200,BTC/USD,55081.26,56686.15,53948.35,55839.42,2609.96757961,145739075.86422622,1,56204.773499999996,54688.82552726367,61218.249198128586,51191.297801871406,56204.773499999996,38.12761294079198,1.3762366477086507,0.01366852511743322,58.7291005845299
2021-03-28,1616889600,BTC/USD,55817.85,56573.04,54677.51,55790.92,2073.4491914,115679637.96146208,1,56372.92949999999,54793.78690561951,61068.53047219197,51677.328527808015,56372.92949999999,42.06679840011254,-0.08685620301930319,-0.0008689394487499558,57.36380282260881
2021-03-29,1616976000,BTC/USD,55790.28,58402.68,54892.42,57600.1,5360.42566319,308761054.2423103,1,56506.48350000001,55061.05481937003,61181.06233723622,51831.9046627638,56506.48350000001,55.210808431591225,3.2427857436299723,0.0319131716795102,57.56998247918684
2021-03-30,1617062400,BTC/USD,57623.66,59388.66,57011.0,58760.59,3392.33861916,199335818.7416269,1,56651.898499999996,55413.39150323955,61420.78077519546,51883.01622480453,56651.898499999996,54.96246237798464,2.014736085527624,0.01994708828792958,55.826493951778865
2021-03-31,1617148800,BTC/USD,58767.75,59816.17,56713.45,58782.58,4595.25252072,270120798.9194251,1,56702.422999999995,55734.26659816912,61542.16095268132,51862.68504731867,56702.422999999995,49.642864417888774,0.037423041531758905,0.00037416040858093683,55.61652800156682
2021-04-01,1617235200,BTC/USD,58789.96,59490.0,57935.42,58728.53,2786.58091029,163651800.58739355,1,56775.2975,56019.43454120062,61694.32868014147,51856.26631985853,56775.2975,53.48734526938747,-0.09194900938339634,-0.0009199130841604471,54.4377518052251
2021-04-02,1617321600,BTC/USD,58744.0,60103.04,58450.0,59003.6,2564.6000207,151320633.7813745,1,56667.21800000001,56303.64077537199,61264.60110281574,52069.83489718428,56667.21800000001,53.03599920743344,0.46837542162216916,0.004672819569614029,54.34103301683745
2021-04-03,1617408000,BTC/USD,58967.61,59801.39,56922.0,57064.42,1663.26835296,94913443.86601768,1,56569.61950000001,56376.095939622275,61038.08974620847,52101.14925379155,56569.61950000001,46.88077791041135,-3.286545227748816,-0.03341765388774583,50.24773816211878
2021-04-04,1617494400,BTC/USD,57064.13,58501.0,56466.25,58212.18,1440.63181986,83862318.8114179,1,56698.009999999995,56550.96108822968,61201.96290874801,52194.057091251976,56698.009999999995,52.35819023758825,2.011340867041156,0.019913806086580672,49.41067571712121
2021-04-05,1617580800,BTC/USD,58213.69,59280.0,56800.0,59125.0,2402.43713513,142044095.61456126,1,56808.84299999999,56796.10765125542,61441.835070459405,52175.85092954058,56808.84299999999,66.6160150337378,1.568091076472311,0.015559235619848618,44.88668723377629
2021-04-06,1617667200,BTC/USD,59135.36,59473.9,57216.0,58018.3,2711.39784733,157310693.72574612,1,56764.668000000005,56912.506922564426,61329.98835797487,52199.34764202514,56764.668000000005,61.40980285824653,-1.871797040169132,-0.018895368789395628,44.90081287301204
2021-04-07,1617753600,BTC/USD,58024.9,58668.0,55441.93,55932.83,5454.57661606,305089906.58805925,1,56678.90700000001,56819.20435851067,61238.793981052426,52119.02001894759,56678.90700000001,61.366069819461686,-3.594503803110405,-0.03660697150629976,44.96397957833147
2021-04-08,1617840000,BTC/USD,55912.38,58145.49,55680.4,58096.6,4586.80685854,266477883.33785492,1,56680.137,56940.861086271565,61241.61919580259,52118.65480419742,56680.137,69.63793972604012,3.8685151457560796,0.03795563583565437,46.48270897159087
2021-04-09,1617926400,BTC/USD,58066.18,58890.25,57657.43,58109.56,2660.64809651,154609090.20303363,1,56678.695499999994,57052.1657447219,61238.255171721285,52119.135828278704,56678.695499999994,61.218850932758535,0.022307673770916026,0.00022305185979342752,46.41381009976975
2021-04-10,1618012800,BTC/USD,58129.02,61222.22,57870.0,59766.93,3917.95081704,234163892.22547248,1,56797.9525,57310.71472141505,61555.41603715637,52040.48896284363,56797.9525,63.64163050326808,2.8521468756603996,0.028122303744845922,47.42519763538147
2021-04-11,1618099200,BTC/USD,59773.19,60679.0,59165.15,59979.26,1822.72044967,109325423.75807384,1,57093.36949999999,57564.86189080409,61871.554991007164,52315.18400899282,57093.36949999999,64.38388531190716,0.35526335383129215,0.0035463378422454206,47.137385419819985
2021-04-12,1618185600,BTC/USD,59972.26,61234.56,59361.11,59831.66,3707.43645474,221822077.4316091,1,57366.873999999996,57780.74742501322,62112.773746307874,52620.97425369212,57366.873999999996,58.65109369524159,-0.24608506340357827,-0.002463883503604999,41.56841138579516
2021-04-13,1618272000,BTC/USD,59814.87,63769.0,59780.0,63564.48,5711.52676941,363050229.1036266,1,57930.72200000001,58331.57909882149,62813.32101974921,53048.12298025081,57930.72200000001,65.52658099055651,6.238870858672474,0.06051987147075576,45.831655543493355
2021-04-14,1618358400,BTC/USD,63605.69,64895.22,61327.0,62986.09,6002.89354304,378098792.9623363,1,58513.721,58774.86585131468,62827.15196816213,54200.29003183787,58513.721,63.114420118442865,-0.9099264243174865,-0.00914091540385925,43.11893737156328
2021-04-15,1618444800,BTC/USD,62954.2,63855.37,61998.9,63239.19,3433.44934498,217128555.4825658,1,58921.612,59200.0395797609,63407.81387337893,54435.41012662107,58921.612,63.90004770316062,0.40183475430846105,0.004010295547865209,42.00479969550423
2021-04-16,1618531200,BTC/USD,63247.24,63580.4,60042.04,61436.24,5778.81668659,355028768.873348,1,59201.453,59413.0110483551,63574.95602038528,54827.94997961472,59201.453,56.85126416503597,-2.851001095997596,-0.028924314860016436,37.83434853932279
2021-04-17,1618617600,BTC/USD,61436.23,62596.48,59676.67,60032.29,3091.48365756,185588843.46090263,1,59413.521499999995,59471.989996130804,63492.08819823838,55334.95480176161,59413.521499999995,58.61851470467808,-2.285214720171669,-0.02311730492106002,38.92702125253205
2021-04-18,1618704000,BTC/USD,60048.82,60433.81,51541.16,56280.6,12869.85937399,724323407.4837816,1,59347.5465,59168.04809173739,63589.058160962915,55106.03483903708,59347.5465,45.12766674469476,-6.249453419151596,-0.06453269095885039,45.50753110577178
2021-04-19,1618790400,BTC/USD,56260.83,57633.0,54252.88,55694.55,5791.23906226,322540453.51499265,1,59194.24450000001,58837.23874966717,63736.08127173017,54652.40772826985,59194.24450000001,41.20178608525711,-1.0413001993582083,-0.010467596625561675,44.1597554533899
2021-04-20,1618876800,BTC/USD,55694.55,57119.0,53400.0,56503.19,5863.88283884,331328086.1807159,1,59080.275,58614.94839255601,63777.34825924169,54383.20174075831,59080.275,46.0538029461757,1.4519194427461857,0.014414800190961594,43.86016842105245
2021-04-21,1618963200,BTC/USD,56493.02,56850.0,53628.79,53806.24,4578.25708723,246338799.61719832,1,58834.1605,58156.97616469353,64091.27869009018,53577.04230990982,58834.1605,44.63214659109668,-4.773093342163525,-0.04890765116347563,46.76905323969068
2021-04-22,1619049600,BTC/USD,53823.48,55491.8,50450.01,51683.95,7838.95634691,405148227.8858791,1,58468.17799999999,57540.49748234176,64618.83174447072,52317.524255529264,58468.17799999999,33.77947892178365,-3.944319469266022,-0.04024215712997181,48.376327914117184
2021-04-23,1619136000,BTC/USD,51693.98,52131.34,47555.0,51176.65,11649.31918465,596173130.6511184,1,58173.7895,56934.416769737785,65119.55874350872,51228.020256491276,58173.7895,32.891360580176254,-0.981542625902232,-0.009863915108728626,48.230898826266525
2021-04-24,1619222400,BTC/USD,51177.77,51227.38,48713.34,50118.94,3445.13658315,172666593.70269987,1,57769.1275,56285.32374404847,65593.00087477747,49945.254125222535,57769.1275,25.465103090922142,-2.066782409555923,-0.020884392770995113,47.549215276005825
2021-04-25,1619308800,BTC/USD,50126.34,50608.94,47004.2,49128.43,4167.43570798,204739573.45899588,1,57269.299,55603.71481604386,65957.92940189669,48580.668598103315,57269.299,23.456808847379776,-1.9763187329979504,-0.019961090927456862,46.79236002260815
2021-04-26,1619395200,BTC/USD,49122.75,54404.78,48823.01,54073.41,6046.79682802,326970924.06822497,1,57072.054500000006,55457.97150023016,65867.54392877262,48276.56507122739,57072.054500000006,38.591800321190874,10.06541426216958,0.09590467816578256,58.675157867346115
2021-04-27,1619481600,BTC/USD,54015.32,55519.37,53325.75,55091.39,4111.12521596,226487602.61128655,1,57029.9825,55423.058976398715,65856.4118456679,48203.5531543321,57029.9825,31.189713037945637,1.8825888731633489,0.018650874805055076,58.935547898464556
2021-04-28,1619568000,BTC/USD,55094.73,56500.0,53811.49,54901.97,4542.50992013,249392743.35967967,1,56870.251000000004,55373.43145483693,65730.96610110278,48009.53589889723,56870.251000000004,31.737834741152795,-0.3438286817595282,-0.0034442113096821675,57.619840961220035
2021-04-29,1619654400,BTC/USD,54898.45,55239.33,52379.9,53593.97,4172.67670698,223630310.2535849,1,56644.4715,55203.95893532865,65601.81950073631,47687.12349926368,56644.4715,29.202507113464392,-2.3824281715209894,-0.024112669547941674,56.34550108906359
2021-04-30,1619740800,BTC/USD,53585.93,58008.0,53087.15,57775.27,4809.18204712,277851791.2515107,1,56544.8885,55448.84570339258,65399.77139815882,47690.005601841185,56544.8885,42.84037443916458,7.801810539506571,0.07512426770296879,62.64787763026539
2021-05-01,1619827200,BTC/USD,57790.66,58549.0,57049.63,57851.91,2248.55545142,130083227.6055592,1,56438.52100000001,55677.708969736144,65169.9480204737,47707.09397952632,56438.52100000001,45.50241630795406,0.13265191144933297,0.0013256400653105934,61.79939781508204
2021-05-02,1619913600,BTC/USD,57893.01,57967.01,56064.51,56622.66,1887.08427188,106851731.1180088,1,56278.070999999996,55767.70430595175,64863.68032409975,47692.461675900246,56278.070999999996,50.78753899015613,-2.1248218079575887,-0.021477211070429915,62.146318841353654
2021-05-03,1620000000,BTC/USD,56599.91,59000.0,56500.0,57222.37,3636.51735676,208090141.69994277,1,55960.965500000006,55906.24389586111,63853.98829481316,48067.94270518685,55960.965500000006,53.51535248781906,1.0591342759241673,0.01053564740244793,62.31657677355565
2021-05-04,1620086400,BTC/USD,57227.64,57250.85,53080.69,53236.84,5747.19401914,305962448.4459131,1,55473.503000000004,55652.014953398146,62717.23253821683,48229.77346178318,55473.503000000004,43.44305767282797,-6.964985896250031,-0.072194267952325,62.4650604021116
2021-05-05,1620172800,BTC/USD,53221.75,57976.62,52924.5,57509.93,5504.55788108,316566738.4218591,1,55187.04,55828.9592435507,61535.518525482694,48838.56147451731,55187.04,56.9923926821431,8.026565814199337,0.07720699064917204,69.14776854590814
2021-05-06,1620259200,BTC/USD,57517.08,58420.83,55283.0,56447.39,5144.23317131,290378536.0718724,1,54937.597499999996,55887.85741083158,60608.050063611896,49267.1449363881,54937.597499999996,59.368013480197426,-1.8475765837308478,-0.018648574625260362,69.248785513361
2021-05-07,1620345600,BTC/USD,56425.82,58743.85,55288.11,57381.73,4234.70954424,242994959.69600272,1,54805.0695,56030.13099075238,60084.588455442026,49525.55054455797,54805.0695,62.00162469536962,1.6552403928684845,0.016416906056685873,69.08995573294871
2021-05-08,1620432000,BTC/USD,57371.02,59564.24,56977.5,58984.75,2928.99345356,172765946.6098732,1,54940.277,56311.52327734739,60509.46269817633,49371.091301823675,54940.277,66.79365411301805,2.7936069546874887,0.02755297594241109,69.48273147121456
2021-05-09,1620518400,BTC/USD,58964.89,59300.62,56256.0,58305.24,2589.62561937,150988743.2475165,1,55070.811499999996,56501.40106045716,60833.45805002964,49308.16494997035,55070.811499999996,67.589996055251,-1.1520096296076532,-0.011586966670260672,65.68415652275675
2021-05-10,1620604800,BTC/USD,58336.16,59603.0,53500.0,55880.72,6589.4271403,368221932.987505,1,55039.688,56442.28857850886,60776.426898561316,49302.94910143869,55039.688,53.834758124919105,-4.1583226481873625,-0.04247255019008141,67.34481188883447
2021-05-11,1620691200,BTC/USD,55854.43,56972.33,54500.0,56763.7,4203.16906929,238587428.0984568,1,55187.561,56472.89919007944,60942.8664256806,49432.2555743194,55187.561,53.56875950977065,1.5801156463266741,0.015677617859715633,67.3799058017513
2021-05-12,1620777600,BTC/USD,56763.7,58021.26,48530.0,49386.56,6367.35410217,314461715.40806484,1,55072.6915,55798.00974340521,61201.98681625225,48943.396183747755,55072.6915,40.99306378657744,-12.996228223318774,-0.1392187145182979,81.46672137194041
2021-05-13,1620864000,BTC/USD,49419.44,51420.72,45700.0,49694.96,9096.38363317,452044420.7950378,1,54998.606999999996,55216.76691069995,61357.692113843696,48639.5218861563,54998.606999999996,43.4178304590085,0.6244613919252462,0.0062251971094808645,80.45184389401186
2021-05-14,1620950400,BTC/USD,49711.64,51572.0,48875.69,49880.43,4011.0819038,200074490.12676263,1,54986.68149999999,54708.544347776144,61385.070573175086,48588.2924268249,54986.68149999999,34.59371465459171,0.37321692179650423,0.003725221954638787,80.4193994204961
2021-05-15,1621036800,BTC/USD,49883.89,50710.93,46448.53,46708.89,3613.92837843,168802583.09596524,1,54865.70450000001,53946.6725051308,61799.55860812077,47931.85039187924,54865.70450000001,30.59859233402885,-6.358285203235015,-0.06569423088071734,83.24820510139565
2021-05-16,1621123200,BTC/USD,46753.4,49800.0,43769.4,46444.75,5750.08326356,267061179.65522832,1,54484.271499999995,53232.20369511835,62374.93223161511,46593.61076838488,54484.271499999995,31.662698774463607,-0.565502627015968,-0.005671076469351392,83.03595543909155
2021-05-17,1621209600,BTC/USD,46446.42,46648.5,42100.0,43593.39,12262.72268102,534573652.29555047,1,53909.371499999994,52314.22143844041,63170.26277216848,44648.48022783151,53909.371499999994,27.28774366258959,-6.1392514762163675,-0.06335790075713887,77.34536618712113
2021-05-18,1621296000,BTC/USD,43581.27,45872.05,42023.69,42877.75,6275.91387222,269097066.03458107,1,53308.1605,51415.50987287465,63779.7947342192,42836.5262657808,53308.1605,30.62540188054848,-1.6416250261794274,-0.016552489986208483,76.64563302054309
2021-05-19,1621382400,BTC/USD,42900.85,43601.63,30066.0,36780.43,32468.86397019,1194218778.4350953,0,52467.483499999995,50021.69274212469,65280.39860309893,39654.56839690106,52467.483499999995,13.706215298593165,-14.22024243342993,-0.15338713312659544,90.83864397400332
2021-05-20,1621468800,BTC/USD,36793.39,43000.0,35000.0,40640.9,14703.03041947,597544388.9746383,0,51610.765,49128.28390954138,65197.348295561475,38024.181704438524,51610.765,24.794990408488374,10.4959893073572,0.09980903844998464,99.6852279508402
2021-05-21,1621555200,BTC/USD,40566.13,42297.89,33520.0,37335.16,13106.84060164,489345990.9567257,0,50584.927500000005,48005.12925148982,65243.29369388193,35926.56130611808,50584.927500000005,20.2813452030628,-8.134022622530502,-0.08483943869285612,97.20266438048596
2021-05-22,1621641600,BTC/USD,37318.43,38887.99,35260.0,37500.54,5720.00562166,214503299.6152857,0,49628.8215,47004.692179919366,65100.94095026208,34156.70204973792,49628.8215,16.732007602445492,0.44296046943417267,0.004419822871236196,97.29723772094599
2021-05-23,1621728000,BTC/USD,37474.34,38311.74,31107.46,34706.79,9376.29208573,325421000.3980931,0,48503.042499999996,45833.463400879424,64897.79942488248,32108.285575117512,48503.042499999996,15.703765712267668,-7.4498927215448045,-0.07741998782873591,99.26754378588213
2021-05-24,1621814400,BTC/USD,34735.35,39960.0,34426.21,38839.86,10213.18324641,396678607.44490993,0,47783.1935,45167.405934129,64562.553409218635,31003.833590781367,47783.1935,26.405805208183338,11.908534324263353,0.11251169384126677,109.41507662919467
2021-05-25,1621900800,BTC/USD,38848.36,40000.0,36486.85,38397.72,5765.3472603,221376189.8037665,0,46827.583,44522.67394040243,63450.72315809388,30204.44284190612,46827.583,24.25683093198056,-1.1383666161515538,-0.011448956054300845,107.66515467733157
2021-05-26,1621987200,BTC/USD,38385.87,40904.0,37859.74,39309.56,4205.61283515,165320790.08009902,0,45970.6915,44026.18689845934,62269.58696567718,29671.79603432282,45970.6915,32.748561438540904,2.374724332590561,0.02346966345956862,103.3541568592053
2021-05-27,1622073600,BTC/USD,39299.46,40429.47,37212.9,38503.47,4113.43820958,158381644.69941726,0,45026.7785,43500.213860510834,60718.443273008714,29335.113726991287,45026.7785,31.161613186125066,-2.0506207650250907,-0.020719379188069122,103.35798425430521
2021-05-28,1622160000,BTC/USD,38578.5,38905.12,34710.23,35692.46,6167.02059154,220116135.7827178,0,43862.164000000004,42756.6182547479,58621.729146195285,29102.598853804728,43862.164000000004,28.057231957571858,-7.300666667186107,-0.07580890510542258,104.39644418326806
2021-05-29,1622246400,BTC/USD,35691.36,37348.01,33650.0,34632.08,4457.16762006,154360985.59132755,0,42678.506,41982.85270667667,56315.404140773615,29041.607859226388,42678.506,30.017409962761008,-2.9708795639190932,-0.03015904185767171,102.80453988458301
2021-05-30,1622332800,BTC/USD,34644.09,36516.99,33425.0,35677.72,2979.71977699,106309607.88191168,0,41668.356,41382.36387746937,54129.987188738916,29206.724811261083,41668.356,32.63372734624673,3.0192815447411814,0.029745984185417858,104.4854585663469
2021-05-31,1622419200,BTC/USD,35675.3,37540.96,34195.2,37341.41,4383.79233382,163696986.8920295,0,40697.2415,40997.51112723419,51055.35533171452,30339.127668285473,40697.2415,39.514379367345406,4.663106274728324,0.04557649418999126,106.88353878024495
2021-06-01,1622505600,BTC/USD,37279.89,37927.44,35699.98,36693.3,4348.7544836,159570152.89307988,0,40062.5785,40587.58625797379,49710.06335669426,30415.093643305743,40062.5785,39.60408988109787,-1.735633442872142,-0.01750872142845181,106.13483897701556
2021-06-02,1622592000,BTC/USD,36693.3,38256.3,35933.19,37589.36,4270.10341121,160510454.36120072,0,39457.298500000004,40302.04090007152,48018.01770373748,30896.579296262524,39457.298500000004,51.647960324926856,2.442026200968561,0.02412685454013193,97.9334628536964
2021-06-03,1622678400,BTC/USD,37585.12,39490.0,37176.06,39219.88,4058.94293164,159191254.705769,0,38924.271,40198.97795720757,45940.649119013484,31907.892880986517,38924.271,46.8157727502104,4.337716843276929,0.042462729473671766,99.6197038624129
2021-06-04,1622764800,BTC/USD,39242.94,39277.36,35576.67,36887.32,5786.18608707,213436897.77329892,0,38433.1925,39883.58196128304,44460.60590361043,32405.779096389568,38433.1925,48.95071470611389,-5.947391985901018,-0.061315900544726305,100.92527506174076
2021-06-05,1622851200,BTC/USD,36851.58,37927.93,34849.65,35532.14,4106.34880652,145907360.68210155,0,37887.562,39469.15891735132,42718.230097782885,33056.89390221711,37887.562,45.63161006371937,-3.673836971620603,-0.03743022154534063,99.58017959393821
2021-06-06,1622937600,BTC/USD,35532.59,36510.58,35250.0,35808.85,2526.73361997,90479425.18746272,0,37498.335,39120.558068079765,41591.39845315126,33405.27154684874,37498.335,52.75336031579472,0.7787597369592669,0.007757430550007318,99.81348691056381
2021-06-07,1623024000,BTC/USD,35810.69,36808.3,33321.09,33582.62,4913.04022502,164992762.92156118,0,37033.578499999996,38593.13539492931,40636.276208016105,33430.88079198389,37033.578499999996,35.48217844092838,-6.216982673277682,-0.0641863983217158,99.8671962983972
2021-06-08,1623110400,BTC/USD,33567.51,34085.61,31025.0,33411.69,9044.64846998,302196990.8379461,0,36865.141500000005,38099.66440493605,40815.860764743855,32914.422235256156,36865.141500000005,36.021743823223495,-0.5089835158781586,-0.005102832491364239,99.88631180460163
2021-06-09,1623196800,BTC/USD,33413.19,37556.25,32423.72,37400.0,8539.5873422,319380566.59828,0,36703.0965,38033.02969970404,40246.61296906635,33159.58003093365,36703.0965,45.43416946338412,11.936869999691723,0.11276486567354359,94.79805127175462
2021-06-10,1623283200,BTC/USD,37414.64,38446.24,35824.69,36707.54,5761.7248874,211498746.773231,0,36671.7155,37906.792585446514,40202.757920247095,33140.6730797529,36671.7155,45.68240183211773,-1.8514973262032108,-0.018688520870558112,87.83500852312226
2021-06-11,1623369600,BTC/USD,36724.97,37680.65,35958.49,37341.11,3741.23051559,139701700.21800292,0,36663.744000000006,37852.91805349923,40187.62062646548,33139.86737353453,36663.744000000006,54.42701130752108,1.725994169045375,0.01711268095630861,83.1092261549476
2021-06-12,1623456000,BTC/USD,37338.91,37445.55,34630.0,35542.76,3727.9523535,132501715.79188566,0,36705.5425,37632.90300078501,40150.63358125586,33260.451418744145,36705.5425,52.352166923576014,-4.816005737376305,-0.049358385819231694,84.81980828655006
2021-06-13,1623542400,BTC/USD,35563.66,39386.43,34783.9,39013.76,3601.91766642,140524351.37746996,0,36714.2375,37764.41319118644,40182.80748980108,33245.667510198924,36714.2375,57.657200252666215,9.765701931982761,0.09317792572894078,86.41913765028511
2021-06-14,1623628800,BTC/USD,39035.52,41050.0,38758.4,40532.79,6281.28059699,254597827.36887032,0,36820.990999999995,38028.06812535916,40623.108086140055,33018.873913859934,36820.990999999995,57.37413246995474,3.893574984825854,0.03819687175290523,78.28323972087252
2021-06-15,1623715200,BTC/USD,40544.19,41341.57,39526.47,40171.47,4078.8019744,163851471.15055037,0,36864.0865,38232.20163722972,40802.080579776535,32926.09242022346,36864.0865,58.14474647378752,-0.8914264229035296,-0.008954233993734151,78.23386490562183
2021-06-16,1623801600,BTC/USD,40166.93,40506.59,38095.41,38353.99,4008.51296381,153742466.1288391,0,36856.6125,38243.800528922126,40782.05325927938,32931.17174072062,36856.6125,51.71644521665735,-4.524305433682175,-0.04629847805282562,79.56018574952168
2021-06-17,1623888000,BTC/USD,38361.38,39553.05,37350.0,38097.68,3569.2526164,135980244.01876995,0,36976.8735,38229.8842880724,40899.5175550727,33054.2294449273,36976.8735,47.31523906860664,-0.668274669727964,-0.006705176232104407,79.27393841662725
2021-06-18,1623974400,BTC/USD,38110.25,38208.68,35143.68,35840.0,4240.40486721,151976110.4408064,0,37037.2695,38002.276260636936,40843.369011361276,33231.16998863873,37037.2695,47.48537304029473,-5.926030141467931,-0.061088799783457354,77.65964206507763
2021-06-19,1624060800,BTC/USD,35849.18,36440.0,34718.21,35507.06,3129.33472247,111113475.75082564,0,37028.7365,37764.63661676675,40848.410751982796,33209.0622480172,37028.7365,49.93667408667267,-0.928962053571436,-0.009333038158584288,76.9659438623907
2021-06-20,1624147200,BTC/USD,35494.7,36125.0,33337.0,35589.77,3958.11811992,140868513.5207852,0,36941.1545,37557.506462788966,40810.644520648755,33071.66447935124,36941.1545,49.44135958613486,0.23293959004209164,0.002326687063610478,76.2669629911335
2021-06-21,1624233600,BTC/USD,35598.66,35763.8,31238.69,31634.16,8580.06222043,271423061.09103787,0,36688.197499999995,36993.378228237634,41229.11186972094,32147.28313027905,36688.197499999995,45.43423143075401,-11.114457890567985,-0.11782068763410011,84.49251451948987
2021-06-22,1624320000,BTC/USD,31628.83,33315.85,28600.0,32545.26,9778.51694548,318244376.4050524,0,36435.9925,36569.74792078643,41313.96081681746,31558.024183182544,36435.9925,48.03778625383698,2.880114407969092,0.02839418655317627,85.32681851483264
2021-06-23,1624406400,BTC/USD,32547.57,35000.0,31670.89,33652.28,5855.58129399,197053661.2681138,0,36157.6125,36291.89383309249,41001.99824578658,31313.22675421343,36157.6125,40.23857374594849,3.401478433418581,0.0334490741795567,85.79739504801654
2021-06-24,1624492800,BTC/USD,33693.99,35289.0,32314.37,34649.32,4725.82718452,163746698.3811325,0,36045.7125,36135.45822994082,40922.41088671952,31169.014113280486,36045.7125,44.72282674466545,2.9627710217554393,0.029197290513329355,84.98675819378717
2021-06-25,1624579200,BTC/USD,34652.68,35517.22,31271.02,31597.75,5099.26353351,161125254.31596562,0,35848.993,35703.29554137503,41114.811903505506,30583.174096494502,35848.993,36.89876801848246,-8.807012662874769,-0.09219218509751785,88.13812862461782
2021-06-26,1624665600,BTC/USD,31595.95,32714.46,30082.79,32269.38,3300.16005776,106494118.9646794,0,35672.0195,35376.25596600598,41176.0401704157,30167.998829584307,35672.0195,42.12843706654919,2.1255627378531816,0.021032877461870096,87.9523843708698
2021-06-27,1624752000,BTC/USD,32293.98,34772.94,32015.82,34699.5,3260.56534452,113139987.17217174,0,35727.8635,35311.80301686255,41164.880671348066,30290.846328651933,35727.8635,39.07868543041663,7.530730370400662,0.07260648463902733,91.88033391066173
2021-06-28,1624838400,BTC/USD,34716.02,35357.13,33878.23,34487.11,3369.99371686,116221344.01265968,0,35781.6345,35233.2608247804,41142.947631257564,30420.321368742432,35781.6345,33.611530979803646,-0.6120837476044305,-0.006139646592722913,89.04685749921478
2021-06-29,1624924800,BTC/USD,34494.42,36623.79,34240.0,35907.93,3179.50783988,114169544.94886224,0,35707.031,35297.515031944175,41014.78110024538,30399.280899754627,35707.031,39.070323547175455,4.119858115104447,0.0403725314318554,90.02512603079107
2021-06-30,1625011200,BTC/USD,35900.05,36099.82,34049.36,35037.23,3381.0453953,118462465.15556704,0,35623.5155,35272.72598128283,40917.52643982774,30329.504560172256,35623.5155,41.063626624937235,-2.4248125692569733,-0.02454695203426938,81.14084119631079
2021-07-01,1625097600,BTC/USD,35059.71,35071.34,32700.88,33564.21,3118.76325902,104678824.96603169,0,35434.67049999999,35110.01017354161,40740.14891570588,30129.192084294104,35434.67049999999,38.53699363063767,-4.204156550046923,-0.04295088974009995,82.15679654514615
2021-07-02,1625184000,BTC/USD,33537.11,33981.51,32700.05,33811.56,2086.83881625,70559275.84596585,0,35348.110499999995,34986.34825225193,40702.428628997426,29993.792371002568,35348.110499999995,44.29059413353508,0.7369456930462537,0.007342435158716169,81.90583111514879
2021-07-03,1625270400,BTC/USD,33810.46,34959.72,33333.1,34688.3,1244.49692391,43169482.64566726,0,35131.8375,34957.962704418416,40204.76494103244,30058.910058967565,35131.8375,47.76390635258596,2.5930184824362046,0.025599698453191103,80.8688550824227
2021-07-04,1625356800,BTC/USD,34672.08,35960.0,34404.29,35289.21,1204.00371528,42488339.94929613,0,34869.658500000005,34989.51006590238,39263.890066618944,30475.426933381063,34869.658500000005,49.20174311936352,1.7323132007045494,0.01717479718781468,73.66232517361435
2021-07-05,1625443200,BTC/USD,35255.0,35258.7,33143.0,33704.21,2254.35340918,75981200.71721865,0,34546.2955,34867.10053581644,38184.59556486036,30907.995435139637,34546.2955,56.28987670316327,-4.491457870550231,-0.0459544961198229,73.2433067394659
2021-07-06,1625529600,BTC/USD,33730.76,35100.49,33510.58,34244.09,2386.50511711,81723696.01577537,0,34340.8005,34807.766199072015,37507.2382071411,31174.3627928589,34340.8005,55.2810554961114,1.6018176957715236,0.015891239702666003,73.74007835189306
2021-07-07,1625616000,BTC/USD,34231.95,35059.02,33800.0,33882.47,1540.04244824,52180442.05121836,0,34130.04,34719.642751541345,36759.131511299085,31500.948488700917,34130.04,50.75035253758609,-1.0560070365426388,-0.01061622357960756,72.40463002035516
2021-07-08,1625702400,BTC/USD,33858.33,33943.02,32101.0,32898.79,2945.85492495,96915062.54639582,0,33982.9795,34546.22820377551,36537.31772423212,31428.641275767885,33982.9795,44.28880625209211,-2.903212192027327,-0.029461892515325078,72.86408897062496
2021-07-09,1625788800,BTC/USD,32892.94,34115.44,32285.73,33826.43,1636.57507041,55359492.05896894,0,33898.948000000004,34477.675993892124,36350.69360342318,31447.202396576835,33898.948000000004,58.441010491232056,2.8196781705345453,0.02780657060650003,71.03156397317336
2021-07-10,1625875200,BTC/USD,33830.73,34261.04,33014.21,33517.6,1442.42483187,48346618.54468591,0,33795.3395,34386.24018495002,36117.96828423851,31472.7107157615,33795.3395,54.86116195564971,-0.9129843143364624,-0.009171775580791065,71.02970377333013
2021-07-11,1625961600,BTC/USD,33521.48,34635.82,33335.49,34258.53,1635.01765874,56013301.512474045,0,33926.558000000005,34374.07731019287,36020.351029672434,31832.764970327575,33926.558000000005,48.02246914886842,2.2105699692102077,0.021864910789846953,71.52623802065584
2021-07-12,1626048000,BTC/USD,34266.84,34677.0,32660.0,33105.0,1879.53733471,62222083.46557456,0,33954.545,34253.212804460214,35984.59098765271,31924.49901234729,33954.545,44.284385041333586,-3.3671322149549265,-0.03425125641823969,59.25412211247395
2021-07-13,1626134400,BTC/USD,33091.53,33340.0,32190.0,32728.0,1870.57403303,61220146.95300584,0,33908.331,34107.95444213067,36008.23053207331,31808.431467926694,33908.331,35.60704745162185,-1.1388007853798565,-0.011453347749712019,58.636157393100184
2021-07-14,1626220800,BTC/USD,32737.56,33111.72,31589.35,32823.55,2753.09806091,90366451.85718244,0,33817.042499999996,33985.6302095468,35939.92579391409,31694.1592060859,33817.042499999996,39.22435278357581,0.29195184551455977,0.0029152649379442265,57.399944268272904
2021-07-15,1626307200,BTC/USD,32818.68,33179.0,31121.57,31848.65,2470.21303625,78672950.41696358,0,33829.5875,33782.10828482806,35899.556801628605,31759.618198371394,33829.5875,41.22346412156881,-2.9701235850479346,-0.030151250630432263,57.122638064311296
2021-07-16,1626393600,BTC/USD,31885.7,32264.53,31012.93,31388.17,1912.46866725,60028891.647316426,0,33785.527,33554.11416246348,36025.83321657176,31545.22078342824,33785.527,37.86690084502473,-1.445838363635521,-0.014563924601470239,47.55158495062163
2021-07-17,1626480000,BTC/USD,31376.3,31950.0,31176.66,31529.68,1550.07201059,48873274.47085931,0,33627.036,33361.310908895524,36037.15623439354,31216.91576560646,33627.036,32.92907281661488,0.4508386439859402,0.004498254107945083,46.957447132610305
2021-07-18,1626566400,BTC/USD,31509.33,32440.98,31100.0,31776.65,1256.54606075,39928824.38133149,0,33491.513,33210.39082233405,36000.784197528636,30982.24180247136,33491.513,30.26101655292713,0.783293709292332,0.007802418902291979,38.797002071444616
2021-07-19,1626652800,BTC/USD,31794.49,31881.71,30400.0,30829.29,2506.27744084,77266754.0441142,0,33237.581,32983.61931544509,35745.120376797684,30730.04162320231,33237.581,32.59708373487268,-2.9813086023857127,-0.030266531227205015,39.83607581500069
2021-07-20,1626739200,BTC/USD,30822.08,31068.62,29296.39,29786.58,3413.24206454,101668807.81478588,0,32975.0485,32679.139380640794,35772.00305835286,30178.093941647137,32975.0485,24.56545977214816,-3.382205688162132,-0.03440725560679841,37.37034125365528
2021-07-21,1626825600,BTC/USD,29792.99,32875.42,29500.0,32138.45,4842.16399723,155619645.5167765,0,32903.760500000004,32627.645153913098,35710.15100834535,30097.36999165466,32903.760500000004,41.89051200785645,7.895736939252496,0.07599517612803525,47.04410885799712
2021-07-22,1626912000,BTC/USD,32115.82,32609.83,31703.15,32300.88,2392.46948134,77278869.62042558,0,32828.226500000004,32596.52466306423,35612.97589880854,30043.47710119147,32828.226500000004,46.98989398603061,0.5054070747033457,0.005041341802119207,44.942441142015234
2021-07-23,1626998400,BTC/USD,32306.98,33684.17,32000.0,33684.17,1976.38421775,66572861.97600801,0,32778.020000000004,32700.10993324859,35455.716998079006,30100.323001921002,32778.020000000004,49.315225427827656,4.282514903618706,0.04193351962202583,47.36388127823518
2021-07-24,1627084800,BTC/USD,33685.0,34534.32,33419.31,34301.78,1440.46627864,49410557.38732798,0,32728.6485,32852.649939605864,35242.810877433345,30214.486122566654,32728.6485,53.66571492145765,1.8335318934680656,0.018169253807571548,46.922183803531745
2021-07-25,1627171200,BTC/USD,34301.86,35448.97,33874.03,35428.28,2063.49425027,73106052.07695563,0,32814.852,33097.94804059578,35575.953165257924,30053.750834742073,32814.852,55.27784069426108,3.2840861319733294,0.032313123400260345,47.92438373289666
2021-07-26,1627257600,BTC/USD,35438.93,40581.3,35282.7,37291.24,8840.39875048,329669431.4998498,0,32967.209500000004,33497.30917958666,36330.90265899939,29603.51634100062,32967.209500000004,67.75163385389367,5.258398093274641,0.05124807525128989,47.96146413570227
2021-07-27,1627344000,BTC/USD,37271.44,39539.5,36386.19,39475.41,5896.66715588,232773353.61189693,0,33246.8565,34066.65211486412,37688.25204871479,28805.46095128521,33246.8565,74.80973738648404,5.857059191381153,0.05691949988754946,51.15475168369545
2021-07-28,1627430400,BTC/USD,39446.94,40927.53,38786.8,40036.32,3943.47800378,157882347.2722973,0,33603.733,34635.191913448485,38976.704756369734,28230.761243630266,33603.733,75.64327092430352,1.4209098778201312,0.01410909572307984,50.811825808663755
2021-07-29,1627516800,BTC/USD,40024.8,40662.8,39239.95,40037.51,2306.03838571,92328034.928248,0,33914.287,35149.69839788196,40010.73873581189,27817.835264188107,33914.287,81.27916357269234,0.0029723011505611296,2.9722569785657625e-05,49.07334123176591
2021-07-30,1627603200,BTC/USD,40045.21,42335.5,38331.37,42234.89,3651.71579023,154229814.71162713,1,34350.1515,35824.478550464635,41485.20144788085,27215.10155211915,34350.1515,86.5779403056345,5.48830334353958,0.05342989200001679,51.050419902478836
2021-07-31,1627689600,BTC/USD,42236.72,42411.32,41007.51,41490.13,1507.86822076,62561648.502201095,1,34711.7315,36364.064402801334,42527.687526748094,26895.77547325191,34711.7315,82.27601747492402,-1.7633762038920975,-0.017791089076110128,51.555256544933435
2021-08-01,1627776000,BTC/USD,41489.16,42614.85,39424.27,39839.0,2042.01706796,81351917.97045845,0,35048.4315,36695.010650153585,43147.989763007274,26948.873236992724,35048.4315,73.94624180317888,-3.9795729731384233,-0.04060923562522597,54.240661224811085
2021-08-02,1627862400,BTC/USD,39875.2,40459.31,38687.62,39165.55,2407.96526999,94309284.18005684,0,35370.308999999994,36930.30011204372,43592.32910216608,27148.28889783391,35370.308999999994,75.16931999062824,-1.690428976630931,-0.017048798128400506,52.89544389209598
2021-08-03,1627948800,BTC/USD,39157.52,39792.83,37639.0,38177.07,3279.64493738,125207234.34950188,0,35637.985,37049.04010137289,43859.47911762953,27416.490882370468,35637.985,75.41628473785194,-2.5238506799981186,-0.02556246026817449,53.76803423064233
2021-08-04,1628035200,BTC/USD,38173.75,39973.94,37481.0,39741.12,4080.83535873,162176967.691532,0,36032.6085,37305.42866314691,44245.931299612144,27819.28570038786,36032.6085,74.18412030300968,4.096830898756765,0.040151346314076214,54.917445818412084
2021-08-05,1628121600,BTC/USD,39742.77,41401.96,37300.0,40894.67,5804.4070686,237369311.61606437,0,36507.9335,37647.26117141863,44689.79849312881,28326.06850687119,36507.9335,75.71538945373959,2.9026610221352556,0.028613316790964727,53.37565997122087
2021-08-06,1628208000,BTC/USD,40893.77,43381.0,39879.47,42856.59,2937.38483944,125886297.7360959,1,37074.279,38143.387726521614,45372.48847173562,28776.069528264386,37074.279,76.52819344680664,4.797495614954217,0.04685968880944528,53.77730580660482
2021-08-07,1628294400,BTC/USD,42857.09,44763.14,42251.0,44612.94,4886.93838098,218020688.7743579,1,37716.0935,38759.53556209098,46270.739534424356,29161.447465575646,37716.0935,77.9787049297762,4.098202866816991,0.04016452595660113,54.33036511353991
2021-08-08,1628380800,BTC/USD,44624.4,45355.0,43298.84,43858.42,3647.1306298,159957386.9566329,1,38367.55,39245.143603796605,46695.392364591266,30039.70763540874,38367.55,73.3459541551785,-1.6912581865261567,-0.01705723284522079,55.50327360778831
2021-08-09,1628467200,BTC/USD,43836.05,46529.02,42811.26,46292.89,4961.58828106,229686260.52039963,1,39192.8655,39916.357546292165,47205.77097369063,31179.960026309367,39192.8655,74.16377783492507,5.550747154138258,0.05402166695610883,54.44580874294396
2021-08-10,1628553600,BTC/USD,46282.3,46759.0,44643.0,45609.7,2390.08850832,109011219.8379227,1,39866.428,40458.580637121486,47643.84287621362,32089.013123786382,39866.428,67.9099697232465,-1.475798983386012,-0.01486797238812712,52.3967956941742
2021-08-11,1628640000,BTC/USD,45596.21,46787.6,45353.02,45539.85,2606.12636675,118682603.82284,1,40528.3765,40942.51105263372,47833.82579359755,33222.92720640245,40528.3765,66.54272589933203,-0.153147247186447,-0.001532646374516659,48.76836589565574
2021-08-12,1628726400,BTC/USD,45536.8,46236.7,43800.02,44444.45,2463.50628392,109489181.86036824,1,41066.3905,41276.02904762099,47813.067457001394,34319.71354299861,41066.3905,62.428970302055994,-2.40536584990948,-0.02434767205077259,50.67129308125391
2021-08-13,1628812800,BTC/USD,44413.35,47929.18,44253.97,47860.58,2934.74203072,140458455.74063703,1,41744.3305,41903.129138323755,48352.42506083316,35136.235939166836,41744.3305,64.84566361873095,7.686291539213563,0.07405210631452375,53.92375485504599
2021-08-14,1628899200,BTC/USD,47855.0,48190.0,46000.0,47119.73,1908.95141153,89949275.09441249,1,42328.903,42399.9482680072,48646.560225740395,36011.2457742596,42328.903,64.85904808761285,-1.5479336021418821,-0.015600391810297749,55.066717469623384
2021-08-15,1628985600,BTC/USD,47130.97,47424.0,45500.27,47028.3,1726.79562797,81208262.83086155,1,42815.756,42840.74367105414,48998.0998357977,36633.4121642023,42815.756,70.67835044904288,-0.19403761439210632,-0.001942261112471037,54.99752269674397
2021-08-16,1629072000,BTC/USD,47024.96,48075.22,45654.14,45930.51,2410.15099528,110699464.390218,1,43138.511,43135.007130953745,49260.290892094046,37016.73110790595,43138.511,68.99418126031136,-2.3343178469134584,-0.023619946033764567,54.63457216496587
2021-08-17,1629158400,BTC/USD,45930.48,47183.37,44417.51,44694.35,3286.2732645,146877847.47920558,1,43371.4125,43283.51597562482,49348.98605795844,37393.838942041555,43371.4125,68.04774790841208,-2.691370071875976,-0.02728250670943986,53.277645969086784
2021-08-18,1629244800,BTC/USD,44631.47,46041.62,44218.73,44721.13,2247.93415783,100530155.70375594,1,43605.5935,43420.431596993876,49397.3135141127,37813.87348588731,43605.5935,65.07413858130238,0.05991808808047949,0.0005990014436141454,53.22128978929549
2021-08-19,1629331200,BTC/USD,44734.16,47114.99,43935.54,46764.3,2776.2376849,129828811.96796907,1,43832.064,43738.89525442303,49750.935146812844,37913.19285318715,43832.064,66.85899192383275,4.568690460191882,0.04467399445124861,54.88834013389683
2021-08-20,1629417600,BTC/USD,46759.29,49436.1,46645.77,49356.0,2815.55159523,138964364.53417188,1,44225.3575,44273.857611144645,50522.26631353902,37928.44868646098,44225.3575,68.01609288055798,5.542048100794839,0.053939247721119424,54.942423455138744
2021-08-21,1629504000,BTC/USD,49332.31,49833.02,48300.0,48884.34,1768.24156609,86439321.91887604,1,44677.6245,44712.95117198801,50947.31121945193,38407.93778054807,44677.6245,62.74808841348762,-0.9556284950158145,-0.009602239243742278,54.54073826332333
2021-08-22,1629590400,BTC/USD,48883.84,49540.01,48080.17,49301.86,985.76533304,48600064.442391455,1,45184.44,45149.99010798915,51212.11240676301,39156.767593237,45184.44,66.57957736612227,0.8540976517224186,0.00850470873913504,51.62254966814742
2021-08-23,1629676800,BTC/USD,49296.71,50562.11,49010.0,49561.37,2419.86814706,119931980.58765508,1,45753.655,45570.1215262759,51107.55435888245,40399.75564111755,45753.655,61.47548581082693,0.5263695933581447,0.005249891107887801,50.71220045822903
2021-08-24,1629763200,BTC/USD,49516.08,49893.5,47593.66,47731.33,2217.80305724,105858689.60013132,1,46153.165499999996,45775.95090472582,50758.05033486246,41548.28066513753,46153.165499999996,56.89378534818389,-3.6924725849991624,-0.03762370393560998,51.97068552749573
2021-08-25,1629849600,BTC/USD,47670.8,49273.93,47100.0,49011.75,1902.72053396,93255663.13031404,1,46559.019499999995,46084.12224713288,50609.9833011075,42508.05569889249,46559.019499999995,60.45843735842145,2.682556719035478,0.02647206957859017,51.2021651658747
2021-08-26,1629936000,BTC/USD,49022.39,49387.6,46309.33,46856.29,2091.1098261,97981648.4335912,1,46759.004499999995,46157.66203312023,50416.13789575501,43101.87110424498,46759.004499999995,56.8290727134963,-4.397843374292898,-0.044974807338874115,54.09278847101109
2021-08-27,1630022400,BTC/USD,46857.86,49187.0,46363.0,49100.49,1943.55725598,95429613.61167344,1,46983.382,46437.931363299256,50636.77331454229,43329.990685457706,46983.382,53.76033636830678,4.789538394951887,0.04678375644040591,54.08565242167683
2021-08-28,1630108800,BTC/USD,49100.49,49325.0,48244.88,48935.36,692.70588551,33897811.88155063,1,47237.229,46675.7817096517,50675.575851381764,43798.882148618235,47237.229,55.70559180238539,-0.3363102893677805,-0.003368770835697246,52.75515475581677
2021-08-29,1630195200,BTC/USD,48947.1,49666.0,47798.29,48808.72,1044.48189034,50979824.13067577,1,47363.0205,46878.91868968488,50839.76809906584,43886.27290093416,47363.0205,55.582590940275345,-0.25879037162493956,-0.0025912581275838553,52.24924969839569
2021-08-30,1630281600,BTC/USD,48782.56,48915.29,46855.41,47003.44,1676.48255108,78800447.00073572,1,47432.707500000004,46890.77786209584,50816.10242139349,44049.31257860652,47432.707500000004,53.2213019712772,-3.6986833500243343,-0.03768819489974483,51.07319579719366
2021-08-31,1630368000,BTC/USD,46969.05,48270.33,46699.0,47156.09,2239.1677032,105590393.73719248,1,47513.5195,46916.045684753386,50781.80286757511,44245.23613242489,47513.5195,57.90531375400124,0.32476346412091406,0.0032423724658317277,50.76085652871102
2021-09-01,1630454400,BTC/USD,47118.02,49134.0,46532.42,48853.49,2194.6300788,107215338.608355,1,47733.9715,47100.56419096735,50712.57284857069,44755.370151429306,47733.9715,61.98426057289752,3.5995350759573164,0.03536265614341195,52.06730172938031
2021-09-02,1630540800,BTC/USD,48830.93,50390.0,48625.0,49274.79,2267.93197524,111751871.8142362,1,47804.682,47307.633315637126,50862.04260616357,44747.32139383643,47804.682,58.03670038434179,0.8623744178767989,0.008586772103362126,51.101205394803806
2021-09-03,1630627200,BTC/USD,49284.93,51050.0,48351.6,50025.04,2226.78294854,111394906.07203144,1,47949.9475,47566.43395224311,51143.33524106185,44756.55975893815,47949.9475,52.42802374312828,1.5225838608343034,0.015111088836017427,44.73572939654517
2021-09-04,1630713600,BTC/USD,50033.5,50570.94,49388.26,49943.16,869.28839285,43415009.29025041,1,48095.6905,47792.78881393424,51376.82754689957,44814.55345310042,48095.6905,53.95445663475675,-0.16367803004254666,-0.0016381212887700294,44.29873774113183
2021-09-05,1630800000,BTC/USD,49965.32,51900.0,49500.0,51809.28,986.487083,51109185.49953024,1,48389.629,48175.311784035744,51899.392226796925,44879.86577320308,48389.629,58.45029886197889,3.7364876391481783,0.03668372501813203,45.77701616827071
2021-09-06,1630886400,BTC/USD,51809.28,52810.0,51024.32,52708.2,2057.32862241,108438088.49571076,1,48790.321500000005,48607.01542365139,52353.18430714088,45227.45869285913,48790.321500000005,60.16701032393386,1.735055959086873,0.017201757367167426,44.77830285330333
2021-09-07,1630972800,BTC/USD,52719.43,52956.47,42900.01,46866.82,6811.92218815,319253131.0460322,1,48897.606,48441.28252616079,52050.14210004581,45745.06989995419,48897.606,47.781832326424286,-11.082488113803922,-0.11746107877035841,61.2364275571318
2021-09-08,1631059200,BTC/USD,46894.3,47386.72,44436.93,46091.94,3309.09834404,152522762.32759103,1,48863.988,48217.53561890738,52124.79068324024,45603.18531675976,48863.988,42.30879662239371,-1.6533658566977638,-0.01667186498926484,61.58671681656941
2021-09-09,1631145600,BTC/USD,46070.43,47419.95,45550.0,46392.81,2595.98696952,120435130.23941717,1,48715.828499999996,48043.75222663049,52147.31068124968,45284.346318750315,48715.828499999996,48.64692384494566,0.6527605477226528,0.0065063929220141115,59.59764136947994
2021-09-10,1631232000,BTC/USD,46368.11,47029.08,44125.0,44857.38,2392.57110617,107324471.28648804,1,48514.4805,47740.28820504663,52352.79127622082,44676.169723779174,48514.4805,37.077974166363624,-3.309629229184441,-0.033656366865427875,57.21533235430294
2021-09-11,1631318400,BTC/USD,44858.2,45993.32,44767.75,45176.66,906.80620376,40966475.55315625,1,48308.2205,47496.133137899335,52403.15205605679,44213.28894394322,48308.2205,38.659677485536086,0.7117669377926461,0.007092458327830549,57.32180183084075
2021-09-12,1631404800,BTC/USD,45162.96,46491.63,44752.96,46035.0,1015.76215832,46760610.9582612,1,48131.902,47356.97760095654,52302.61668405912,43961.187315940886,48131.902,41.98531204959782,1.8999633881743305,0.01882139494880909,57.70993469019664
2021-09-13,1631491200,BTC/USD,46039.42,46895.82,43400.0,44974.34,2308.42207379,103819759.21013656,1,47994.052500000005,47130.059734198774,52396.33133090302,43591.77366909699,47994.052500000005,43.87325355569295,-2.3040295427392277,-0.023309871830232757,58.026160960862114
2021-09-14,1631577600,BTC/USD,44983.77,47273.38,44704.18,47103.18,1643.95662405,77435584.77481948,1,47898.623999999996,47127.49975951317,52290.748373570554,43506.49962642944,47898.623999999996,49.85727426485862,4.733454676600046,0.046248409757265165,59.27664452487539
2021-09-15,1631664000,BTC/USD,47123.81,48465.77,46702.26,48150.94,1307.24871087,62945254.24217872,1,47963.3565,47224.97025860715,52328.87909370025,43597.833906299755,47963.3565,48.03602388695907,2.224393342445241,0.022000145712799225,59.03877899894
2021-09-16,1631750400,BTC/USD,48188.12,48505.0,47035.0,47760.64,1886.04173385,90078560.27538566,1,47896.364,47275.98642445409,52229.41330147799,43563.314698522016,47896.364,45.75984981162045,-0.8105760759810732,-0.008138791050069502,56.91002069283713
2021-09-17,1631836800,BTC/USD,47773.44,48179.0,46712.14,47305.18,1558.52317573,73726219.36207928,1,47814.854999999996,47278.76676498227,52126.89112120293,43502.818878797065,47814.854999999996,42.25557684116053,-0.9536304371130733,-0.009582066085804277,54.483100255578854
2021-09-18,1631923200,BTC/USD,47316.21,48834.0,47052.9,48326.74,1452.50623073,70194890.96086872,1,47790.755999999994,47378.573739745865,52084.754432430134,43496.75756756985,47790.755999999994,45.63125006756828,2.1595098042117122,0.021365227410386413,55.062501918409026
2021-09-19,1632009600,BTC/USD,48307.05,48389.52,46860.0,47245.25,999.59599085,47226162.48670597,1,47802.8465,47365.87624072245,52088.86523322795,43516.82776677205,47802.8465,37.118300304202556,-2.2378707936848152,-0.022632910868319523,55.58917603575867
2021-09-20,1632096000,BTC/USD,47257.86,47334.54,42453.97,43035.99,4240.48541968,182493488.11649427,1,47596.8415,46953.50612255841,52380.87546140271,42812.80753859729,47596.8415,26.99886946856462,-8.909382424688205,-0.0933153774178009,62.99257848626682
2021-09-21,1632182400,BTC/USD,43003.07,43643.34,39573.21,40596.54,5961.58790269,242019841.75507072,0,47183.994,46348.080777552845,52854.40387948625,41513.58412051375,47183.994,32.21053838096461,-5.668395219907795,-0.05835390106679625,65.634186194838
2021-09-22,1632268800,BTC/USD,40702.07,44031.85,40580.18,43589.53,3040.94514066,132553369.4371533,1,46899.731,46085.36165588115,52697.40727546783,41102.05472453217,46899.731,43.69406033457835,7.372524850639972,0.07113414260141905,69.60220059052567
2021-09-23,1632355200,BTC/USD,43586.0,45013.17,43105.0,44903.5,2317.75578384,104075346.83965944,1,46643.653999999995,45972.80340294009,52311.0652105158,40976.24278948419,46643.653999999995,46.42933350084082,3.014416535346909,0.029698758809758332,70.516091804586
2021-09-24,1632441600,BTC/USD,44893.7,45159.9,40693.27,42848.5,4348.92828394,186345053.5744031,1,46288.921,45675.25069789818,51974.87054717846,40602.97145282154,46288.921,45.300724793631254,-4.576480675225758,-0.04684510411564968,71.61111875233978
2021-09-25,1632528000,BTC/USD,42835.88,43010.69,41689.6,42722.19,879.19677382,37561211.618525065,1,45834.5665,45394.006821907875,51099.866051754485,40569.26694824552,45834.5665,44.20606957333772,-0.29478278119420276,-0.002952181213837541,71.59930277475324
2021-09-26,1632614400,BTC/USD,42699.1,43956.38,40808.0,43204.73,1659.78466242,71710548.19799724,1,45359.393,45185.50426744046,49635.13750096963,41083.648499030365,45359.393,43.198294304559504,1.1294832966193935,0.011231522614204759,70.15135486148212
2021-09-27,1632700800,BTC/USD,43162.82,44377.7,42130.0,42189.81,1936.64957217,81706877.48643358,1,45125.542499999996,44900.20005149375,49562.69797893186,40688.387021068134,45125.542499999996,43.29347273703809,-2.349094647738814,-0.02377125730785842,69.68326682866608
2021-09-28,1632787200,BTC/USD,42154.87,42778.93,40888.0,41049.0,2246.85357977,92231092.59597874,1,44873.3955,44533.419094208635,49640.218760149604,40106.57223985039,44873.3955,34.6898768044621,-2.703994163519574,-0.027412247623490607,58.34278168043826
2021-09-29,1632873600,BTC/USD,41024.21,42595.93,40750.0,41542.9,1804.77808474,74975715.49654534,1,44630.9,44248.60775190305,49562.85525380831,39698.94474619169,44630.9,32.807644515859124,1.2031961801749258,0.011960153174600047,58.54488138826909
2021-09-30,1632960000,BTC/USD,41537.56,44117.74,41427.87,43834.43,2614.50420927,114605301.74595118,1,44579.7525,44209.16225172181,49523.022617449315,39636.48238255069,44579.7525,40.704638766922415,5.516056895402088,0.05369295340776333,61.89424866592373
2021-10-01,1633046400,BTC/USD,43835.47,48500.0,43291.07,48171.86,3446.87226506,166042248.1903532,1,44729.5125,44586.56203727212,49924.023651364136,39535.00134863586,44729.5125,51.73327957582768,9.895030002671422,0.09435545149326935,69.27307264186364
2021-10-02,1633132800,BTC/USD,48185.61,48361.83,47468.15,47685.8,1361.84402667,64940621.88698029,1,44812.0525,44881.727557531914,50144.53637113944,39479.56862886056,44812.0525,48.69012321760379,-1.0090123154887443,-0.010141373487086353,69.41426170975177
2021-10-03,1633219200,BTC/USD,47644.63,49225.55,47119.87,48235.93,1164.6029687,56175707.2760054,1,44975.132,45201.175409195544,50523.63158963333,39426.63241036666,44975.132,52.06958214779626,1.153655805292142,0.011470519387688982,69.24396639547294
2021-10-04,1633305600,BTC/USD,48231.04,49530.53,46900.0,49242.14,2737.78053315,134814172.3026469,1,45082.08,45586.02917974835,50880.133902990965,39284.02609700904,45082.08,64.96810370817005,2.0860176221335403,0.020645581930987495,68.87484826664657
2021-10-05,1633392000,BTC/USD,49283.89,51914.68,49075.0,51501.19,2206.59644303,113642342.6658122,1,45249.5925,46149.37782929613,51589.25297212761,38909.93202787239,45249.5925,76.53089774875492,4.587635712014149,0.04485515322584366,68.76958287879759
2021-10-06,1633478400,BTC/USD,51521.89,55800.0,50428.64,55345.79,4441.90271751,245840615.00373775,1,45628.85,47025.226607458404,53356.58229035936,37901.11770964064,45628.85,77.46474003455678,7.465070224590931,0.07199568063569886,72.47637667109757
2021-10-07,1633564800,BTC/USD,55360.1,55360.32,53289.57,53787.6,2349.70121453,126384789.04665382,1,45952.971000000005,47669.262168652844,54479.262240506796,37426.679759493214,45952.971000000005,70.52069878614179,-2.8153722261440306,-0.028557637503535818,73.34069516643737
2021-10-08,1633651200,BTC/USD,53816.16,56168.0,53623.02,53957.21,2217.75513685,119663879.64759418,1,46234.49449999999,48268.11434306686,55435.887461971564,37033.10153802842,46234.49449999999,78.10724907129038,0.31533290200715935,0.0031483677051532782,73.13966451536663
2021-10-09,1633737600,BTC/USD,53952.82,55512.05,53674.69,54976.92,1061.02324334,58331789.96724371,1,46621.077999999994,48907.04821515574,56616.6685540053,36625.48744599469,46621.077999999994,79.66573209280796,1.8898493825014295,0.01872213576069073,73.07661322526371
2021-10-10,1633824000,BTC/USD,54984.49,56561.0,51000.0,54714.95,1735.42193508,94953524.40680544,1,47205.026,49460.18171847424,57672.209782875456,36737.84221712454,47205.026,78.16421749505237,-0.4765090514346815,-0.0047764797530575765,72.44986678568675
2021-10-11,1633910400,BTC/USD,54657.0,57855.79,54462.45,57485.2,1955.78560334,112428726.56512056,1,48049.459,50224.46917385765,58986.289543141684,37112.62845685832,48049.459,84.46545543039598,5.063058633883433,0.049390542324331495,63.918842398726106
2021-10-12,1633996800,BTC/USD,57490.0,57701.0,53909.0,55995.49,3224.83970306,180576479.3442992,1,48669.757,50774.09020491882,59943.58132527457,37395.93267472542,48669.757,83.15790641284744,-2.591467021076732,-0.02625637159044125,60.21416168883352
2021-10-13,1634083200,BTC/USD,56004.61,57773.89,54231.0,57374.55,3359.69683046,192761093.7840688,1,49293.309499999996,51402.70542349799,61058.85393980748,37527.76506019251,49293.309499999996,83.79435874469709,2.462805486656161,0.024329673435008043,56.83518076263745
2021-10-14,1634169600,BTC/USD,57395.84,58550.0,56830.56,57371.58,1879.45401231,107827246.22356416,1,50019.4635,51971.169668879134,61902.31326434715,38136.61373565285,50019.4635,82.02550751243793,-0.005176511188320632,-5.176645174284931e-05,56.673565797207544
2021-10-15,1634256000,BTC/USD,57370.48,62944.94,56877.0,61657.35,4205.4230703,259295242.1435617,1,50966.2215,52893.66303374778,63405.32157255574,38527.12142744426,50966.2215,81.98146494214137,7.470196916312921,0.072043385154284,56.16916872155511
2021-10-16,1634342400,BTC/USD,61703.45,62352.0,60100.27,60870.26,1263.44800176,76906408.36361165,1,51849.498,53653.338935295615,64475.44397783623,39223.55202216377,51849.498,80.82740063747643,-1.2765550254754676,-0.012847730020465744,56.72126940819475
2021-10-17,1634428800,BTC/USD,60885.27,61712.0,58933.0,61538.97,1261.12996084,77608638.82623394,1,52816.956000000006,54404.35141764842,65290.724070918375,40343.187929081636,52816.956000000006,80.93312994991373,1.0985824604659244,0.01092591877748427,56.72518795046434
2021-10-18,1634515200,BTC/USD,61519.52,62679.0,59013.0,62034.65,5754.5518416,356981609.4005115,1,53866.2385,55131.04652072952,65685.37504275289,42047.101957247105,53866.2385,80.46942770158873,0.8054733447764972,0.008022467230358925,54.896620471341805
2021-10-19,1634601600,BTC/USD,62014.99,64499.0,61350.0,64241.61,3253.73979225,209025482.77520552,1,55001.174,55998.719233040996,66179.71581358998,43822.63218641002,55001.174,80.42084442041845,3.5576246500947484,0.034958031688338394,52.54581497349082
2021-10-20,1634688000,BTC/USD,64282.2,67016.5,63529.0,65990.31,3070.68430005,202635408.8724325,1,56108.96800000001,56950.299306084715,67016.03788157678,45201.89811842324,56108.96800000001,78.24322158648891,2.7220675197897393,0.026856781474809528,52.46452116788092
2021-10-21,1634774400,BTC/USD,66027.81,66664.1,61850.0,62219.44,3891.52853281,242128726.05545983,1,56811.346999999994,57452.122229314744,67369.98809202951,46252.70590797048,56811.346999999994,70.02140849672273,-5.714278353897706,-0.05884042195821519,58.090192904920336
2021-10-22,1634860800,BTC/USD,62207.51,63757.28,59953.74,60702.68,3159.42528548,191785582.0884011,1,57462.19099999999,57761.6991598562,67227.30818036635,47697.07381963363,57462.19099999999,65.0540233286512,-2.437759002652551,-0.02467964245167276,52.39015869437416
2021-10-23,1634947200,BTC/USD,60698.54,61737.38,59633.61,61338.76,1056.07965827,64778616.699505545,1,58117.3325,58102.371620822276,66993.88798196669,49240.77701803331,58117.3325,64.44521443122753,1.0478614782741147,0.01042409463190007,51.82531910748832
2021-10-24,1635033600,BTC/USD,61306.64,61497.33,59510.0,60910.16,1204.84773547,73387468.34311539,1,58700.73350000001,58369.78003788682,66601.32089738599,50800.146102614024,58700.73350000001,63.96121909875106,-0.6987425243027423,-0.00701195161636662,52.24244284165207
2021-10-25,1635120000,BTC/USD,60883.96,63733.93,60670.0,63101.43,1730.14621615,109174700.3481541,1,59280.7455,58820.41336761188,66640.60834893063,51920.88265106937,59280.7455,62.9955808504445,3.597544317729584,0.03534344005954031,52.825344705343454
2021-10-26,1635206400,BTC/USD,63101.43,63299.3,59830.0,60328.22,1965.54522515,118577844.76279874,1,59529.867000000006,58964.013999267896,66662.7133070872,52397.02069291282,59529.867000000006,59.46352678456369,-4.3948449345759695,-0.044943444106049446,54.866812356504454
2021-10-27,1635292800,BTC/USD,60331.4,61489.0,58100.01,58465.9,3479.73809611,203446019.55335763,1,59763.78200000001,58916.57457076619,66392.78016239314,53134.78383760686,59763.78200000001,52.33443950136449,-3.0869798578509355,-0.03135630932573566,51.12000054796666
2021-10-28,1635379200,BTC/USD,58471.06,62524.0,56425.0,60592.76,3769.75506439,228419863.87536785,1,60095.55950000001,59076.21127831227,66139.28750546121,54051.831494538805,60095.55950000001,56.316316638220975,3.637778602570041,0.03573173569156876,51.03194380202676
2021-10-29,1635465600,BTC/USD,60608.95,62971.54,60154.53,62301.59,3884.64236172,242019395.7165111,1,60461.79299999999,59383.39020418729,66071.6553620325,54851.93063796749,60461.79299999999,51.40529117517976,2.820188418550318,0.02781153314634444,51.59032050423058
2021-10-30,1635552000,BTC/USD,62278.92,62376.32,60660.02,61932.3,1542.31917477,95519373.82760808,1,60822.6605,59626.14351807422,65764.78488859802,55880.536111401976,60822.6605,52.3596547124218,-0.5927457068110042,-0.005945094171742561,51.58258291665506
2021-10-31,1635638400,BTC/USD,61904.96,62438.85,60000.0,61359.44,1548.12901591,94992329.46398868,1,61016.3725,59791.21937349572,65704.89873814583,56327.846261854174,61016.3725,49.59941164631483,-0.9249777579712015,-0.009292822414733696,51.7213982546318
2021-11-01,1635724800,BTC/USD,61356.57,62500.0,59500.0,60922.85,2507.39797107,152757830.48180196,1,61262.7405,59898.99371887708,65315.06571706747,57210.41528293253,61262.7405,47.51266264564279,-0.711528658019045,-0.007140720952123245,49.32276750847425
2021-11-02,1635811200,BTC/USD,60949.78,64300.0,60669.91,63260.0,3336.52681752,211068686.4763152,1,61557.013,60219.089555174505,65260.22518941241,57853.800810587585,61557.013,47.81664449079801,3.836245349651235,0.03764490827902526,49.55192645316923
2021-11-03,1635897600,BTC/USD,63260.0,63567.21,60018.46,62930.72,2148.47086339,135204818.33215433,1,61834.97000000001,60477.34007372932,65012.67115903045,58657.26884096957,61834.97000000001,42.73600579677939,-0.5205184950995867,-0.005218779120145227,49.21641451634828
2021-11-04,1635984000,BTC/USD,62945.38,63136.82,60725.0,61457.25,1507.54272229,92649429.9694571,1,61824.965000000004,60570.66482861224,65006.27881830282,58643.65118169719,61824.965000000004,47.96885501293266,-2.3414160842272325,-0.023692627605386565,50.1582816386457
2021-11-05,1636070400,BTC/USD,61430.02,62666.52,60769.17,61031.91,1569.40792218,95783963.05977675,1,61833.0475,60614.59294017298,65004.95599771341,58661.13900228659,61833.0475,50.93154661694346,-0.6920908436352069,-0.006944969001386465,43.539982330628995
2021-11-06,1636156800,BTC/USD,61008.19,61609.5,60109.91,61542.44,1268.5118197,78067312.55317807,1,61833.221000000005,60702.95932682318,65005.06214724261,58661.3798527574,61833.221000000005,50.58043042130221,0.8364968423894892,0.008330175966084758,43.40017722165146
2021-11-07,1636243200,BTC/USD,61542.43,63300.0,61396.57,63300.0,1115.66885061,70621838.24361299,1,61896.4885,60950.296533792396,65135.02451468793,58657.95248531207,61896.4885,56.330849566824334,2.855850369273627,0.02815831103346113,44.3213887022124
2021-11-08,1636329600,BTC/USD,63300.0,67803.55,63300.0,67559.0,2715.42386367,183451320.8056816,1,62062.35800000001,61579.696863907404,66057.95390522556,58066.762094774465,62062.35800000001,60.642508531779484,6.728278041074254,0.06511596102213757,49.51402594654674
2021-11-09,1636416000,BTC/USD,67547.49,68564.4,66250.0,66945.72,2136.85836086,143053521.50579253,1,62110.128500000006,62090.74668639241,66320.52949665846,57899.72750334155,62110.128500000006,67.61626334496839,-0.9077695051732504,-0.009119148383292633,48.39009886369343
2021-11-10,1636502400,BTC/USD,66928.42,69000.0,62856.71,64921.43,3419.11869317,221974074.9003276,1,62245.228,62360.335573402655,66639.76871001767,57850.68728998233,62245.228,67.03815864694081,-3.0237780697556227,-0.030704372274888585,48.765838926301456
2021-11-11,1636588800,BTC/USD,64919.18,65625.44,64140.0,64821.33,1583.28379977,102630561.6685451,1,62451.16050000001,62594.71599498335,66926.6052362184,57975.71576378163,62451.16050000001,62.49756909532516,-0.15418637574680094,-0.0015430536526527643,43.97386283060541
2021-11-12,1636675200,BTC/USD,64783.13,65497.53,62294.84,64158.41,2519.30730563,161634751.03060487,1,62592.143000000004,62743.639233556365,67097.58698687711,58086.699013122896,62592.143000000004,55.84948266280909,-1.0226880565394114,-0.010279534405759908,43.15028201071328
2021-11-13,1636761600,BTC/USD,64140.23,64980.0,63400.0,64417.52,830.13101807,53474981.459144585,1,62767.511,62903.05644940814,67270.33413516109,58264.68786483891,62767.511,57.883840857584424,0.40385975899339677,0.004030464345268214,43.061641750658815
2021-11-14,1636848000,BTC/USD,64403.43,65509.87,63595.76,65509.87,1247.88451724,81748752.49940516,1,62887.933,63151.32440660737,67554.2113256876,58221.65467431238,62887.933,62.74626143282618,1.695734328176557,0.016815172511015598,43.20100892376371
2021-11-15,1636934400,BTC/USD,65509.87,66387.4,63348.91,63606.09,2000.8236224,127264567.4005004,1,63051.8265,63194.63541550191,67567.38150950006,58536.271490499945,63051.8265,57.559206137424944,-2.9060964401242173,-0.029491597833090688,43.01094343852442
2021-11-16,1637020800,BTC/USD,63621.61,63628.0,58563.0,60142.31,4632.77331708,278625688.9955537,1,63135.647,62903.937756882675,67344.60168543251,58926.69231456749,63135.647,41.74112665624358,-5.445673519626815,-0.05599563328035407,44.618719648610444
2021-11-17,1637107200,BTC/USD,60115.12,60888.5,58400.0,60373.65,3716.81055911,224397419.81201148,1,63124.69149999999,62662.9579705129,67362.55654113743,58886.82645886256,63124.69149999999,43.19089730173059,0.38465433070329347,0.003839164275782233,43.158695471820174
2021-11-18,1637193600,BTC/USD,60376.94,60978.39,56516.44,56917.66,6160.70975752,350653183.3372058,1,62855.49500000001,62115.78673522596,67917.38635357619,57793.60364642383,62855.49500000001,39.066166266124654,-5.724335036891093,-0.05894708942798475,46.0686163417008
2021-11-19,1637280000,BTC/USD,56924.94,58402.05,55640.0,58128.55,3277.02585927,190488761.5118692,1,62665.307499999995,61736.049903299674,68142.0781327931,57188.53686720689,62665.307499999995,43.262077557029684,2.12744164113563,0.021051275265008555,45.555969749533965
2021-11-20,1637366400,BTC/USD,58126.46,59896.54,57424.27,59768.54,1172.15930996,70058250.60371666,1,62585.7625,61548.66800774732,68187.18623933569,56984.338760664315,62585.7625,46.08831641703103,2.8213158594184717,0.027822498256448294,46.794020168580914
2021-11-21,1637452800,BTC/USD,59785.85,60090.55,58525.84,58678.47,895.6750948,52556844.17996896,1,62473.54349999999,61275.31581653329,68300.6227029834,56646.46429701659,62473.54349999999,39.49981119549378,-1.8238190191696146,-0.018406556252541298,47.0860990753608
2021-11-22,1637539200,BTC/USD,58679.27,59516.78,55628.57,56294.11,2943.16337271,165682762.65130776,1,62125.248999999996,60800.91526257774,68555.87065382693,55694.62734617307,62125.248999999996,22.022774404251876,-4.063432465093242,-0.04148296775966768,49.01034299223929
2021-11-23,1637625600,BTC/USD,56283.8,57897.54,55128.6,57579.99,2732.08480061,157313415.4982758,1,61857.7125,60494.16047566557,68585.58587680875,55129.83912319126,61857.7125,27.49147434372273,2.284217656163312,0.02258519995704236,47.66639269304425
2021-11-24,1637712000,BTC/USD,57583.91,57750.2,55894.62,57185.06,1809.45432912,103473754.37798694,1,61644.103,60179.008049411714,68689.31132504073,54598.894674959265,61644.103,29.82745160619102,-0.685880633185243,-0.006882436053775743,47.673125423034456
2021-11-25,1637798400,BTC/USD,57169.19,59445.45,57044.42,58990.14,1362.17480499,80354882.4508328,1,61542.014500000005,60065.78252089631,68683.09446741443,54400.93453258559,61542.014500000005,36.03673672096461,3.1565587235547143,0.031077635836949724,48.66845128907262
2021-11-26,1637884800,BTC/USD,59004.88,59207.36,53524.03,53789.35,5221.84056738,280879409.9230014,1,61154.36,59468.02704271571,69092.60382236683,53216.11617763317,61154.36,29.603192025915135,-8.816371685166368,-0.09229481911412529,57.88074260133958
2021-11-27,1637971200,BTC/USD,53794.32,55382.0,53653.45,54774.66,1360.56586778,74524532.81525446,1,60728.09299999999,59021.039705314215,69085.72268343119,52370.4633165688,60728.09299999999,31.558558689500785,1.8317938402304668,0.01815218606929671,58.286054516981146
2021-11-28,1638057600,BTC/USD,54764.24,57482.42,53308.93,57338.55,1377.55454862,78986980.36377531,1,60217.070499999994,58860.80259052239,68049.42186491532,52384.71913508467,60217.070499999994,35.20550346030285,4.680795827851791,0.045745494127299224,59.864553523660355
2021-11-29,1638144000,BTC/USD,57327.32,58931.07,56750.0,57845.12,2069.734969,119724067.65000127,1,59762.0405,58764.070915234544,66981.9338744012,52542.14712559881,59762.0405,39.01369509822507,0.8834719399077873,0.008795921609919795,54.52872188797841
2021-11-30,1638230400,BTC/USD,57843.33,59250.0,55918.8,56974.12,3562.71762735,202982701.6267542,1,59364.675,58593.59939949792,66256.2839404585,52473.06605954152,59364.675,43.29514532451203,-1.5057449962935454,-0.015171964346474992,54.59315270494922
2021-12-01,1638316800,BTC/USD,57027.28,59099.64,56469.22,57251.59,2515.54071956,144018705.9045541,1,58986.188,58465.788980498124,65433.10152899002,52539.27447100999,58986.188,43.40564594279707,0.48701059358178256,0.004858285332762278,54.09102691248425
2021-12-02,1638403200,BTC/USD,57232.71,57413.52,55839.85,56547.96,2758.14469791,155967456.05162677,1,58605.6655,58283.138601403065,64653.195219974456,52558.13578002555,58605.6655,49.116389880238195,-1.2290139016226442,-0.012366287333572368,54.108929199218856
2021-12-03,1638489600,BTC/USD,56534.26,57652.0,51556.01,53743.69,2964.76818531,159337582.2731632,1,58071.974,57850.8101631742,63837.288531637256,52306.65946836275,58071.974,40.26159717570638,-4.959100204498967,-0.05086286287331852,56.249871975848585
2021-12-04,1638576000,BTC/USD,53685.47,53877.77,41967.5,49234.97,10025.68966854,493614530.05987686,1,57258.22900000001,57030.25395715761,63194.93497341231,51321.5230265877,57258.22900000001,29.249896678626598,-8.389301144004069,-0.08762212139061824,62.3231126515159
2021-12-05,1638662400,BTC/USD,49240.81,49777.62,47836.34,49463.22,5156.66613697,255065311.59949723,1,56551.0855,56309.584056475935,62670.54638205012,50431.624617949885,56551.0855,31.20882213200163,0.4635932549567956,0.004625219710838207,61.73354490405677
2021-12-06,1638748800,BTC/USD,49484.0,50986.0,47111.0,50555.0,4652.11767659,235187809.14000744,1,56071.719999999994,55761.52843204966,62500.886751692524,49642.553248307464,56071.719999999994,37.645909580726695,2.2072562198740764,0.02183248945558077,62.59986139454065
2021-12-07,1638835200,BTC/USD,50550.09,51991.0,50062.13,50627.32,1719.31761862,87044443.25951271,1,55584.4035,55272.55620042588,62117.2794127924,49051.5275872076,55584.4035,34.20853356567022,0.14305212145189206,0.0014294989938024806,60.51768530860095
2021-12-08,1638921600,BTC/USD,50635.87,51249.41,48656.2,50543.3,1598.43571319,80790215.78247613,1,55265.6855,54822.15084800437,62137.845198364485,48393.525801635515,55265.6855,34.698591445461716,-0.1659578267227957,-0.001660956892742912,60.40970351006016
2021-12-09,1639008000,BTC/USD,50535.15,50839.01,47332.43,47593.12,2585.43270776,123048809.11234662,1,54738.914000000004,54133.671719623,62270.584029546495,47207.24397045351,54738.914000000004,25.059260685743297,-5.83693585499957,-0.060142181668770105,60.536828699805255
2021-12-10,1639094400,BTC/USD,47573.43,50132.88,46886.0,47142.42,2705.17070403,127528293.50107794,1,54107.60799999999,53467.838222516046,61973.42199931026,46241.794000689726,54107.60799999999,31.636397391771837,-0.9469856147275135,-0.00951498034070382,59.57386613782387
2021-12-11,1639180800,BTC/USD,47179.53,49539.4,46789.0,49400.54,1323.03955982,65358868.69647031,1,53643.7115,53080.47648703832,61468.73347568965,45818.68952431034,53643.7115,36.12838213156627,4.78999593147742,0.046788122673273105,61.42359393664408
2021-12-12,1639267200,BTC/USD,49420.51,50800.0,48675.0,50124.38,1233.78838616,61842877.90747058,1,53335.225,52798.94348827277,61206.624339976515,45463.82566002348,53335.225,29.424381106014664,1.4652471410231405,0.014546161164707673,61.85184831561787
2021-12-13,1639353600,BTC/USD,50102.31,50226.2,45750.0,46725.02,3337.44792896,155942321.22961456,1,52792.476500000004,52220.47458462775,60924.15810904032,44660.79489095969,52792.476500000004,22.776426947961298,-6.781849471255308,-0.07022773509501087,64.58282885015717
2021-12-14,1639440000,BTC/USD,46736.7,48689.3,46310.4,48389.96,2016.58981458,97582700.46393362,1,52352.7215,51855.66367180606,60435.31931107561,44270.12368892439,52352.7215,29.771133398687866,3.5632729531202,0.03501257280989796,65.48273592227649
2021-12-15,1639526400,BTC/USD,48386.95,49514.85,46560.0,48876.84,2593.35180959,126754841.46104088,1,51847.0565,51571.9661792531,59431.2828741409,44262.830125859095,51847.0565,30.45749266929917,1.0061591288771377,0.01001131046790465,65.78895687253109
2021-12-16,1639612800,BTC/USD,48876.84,49449.0,47506.21,47663.42,1456.25725801,69410201.31657898,1,51540.759999999995,51199.7236859909,59287.76329775479,43793.7567022452,51540.759999999995,29.74969001859887,-2.4826073044001973,-0.02513943727175487,64.50780411817824
2021-12-17,1639699200,BTC/USD,47654.99,48018.52,45478.74,46210.92,2077.28024679,95993031.30199295,1,51112.573000000004,50724.599525420344,59051.265568075505,43173.8804319245,51112.573000000004,31.70328146230537,-3.047410362076408,-0.03094809358939227,57.81869090201711
2021-12-18,1639785600,BTC/USD,46141.63,47370.14,45501.0,46881.87,827.39374258,38789765.87844902,1,50589.739,50358.62528490413,58171.26001067964,43008.217989320365,50589.739,42.97467167763563,1.4519295439259894,0.014414899757133988,57.626130643281805
2021-12-19,1639872000,BTC/USD,46854.18,48307.34,46450.0,46704.67,1275.49937089,59571777.20262505,1,50032.716499999995,50010.62954348468,56980.26684962173,43085.16615037826,50032.716499999995,41.738993460192454,-0.3779712711971639,-0.0037868738765224363,54.329534505947116
2021-12-20,1639958400,BTC/USD,46671.66,47547.5,45572.94,46915.0,1726.01603262,80976042.1703673,1,49529.7605,49715.80768220043,55783.230176122146,43276.29082387785,49529.7605,38.491763390655315,0.4503404049316817,0.00449329406682817,54.164486727106784
2021-12-21,1640044800,BTC/USD,46926.72,49353.49,46667.08,48929.86,1674.16446918,81916633.09395172,1,49113.674,49640.955521990865,54202.84960228074,44024.49839771926,49113.674,45.22038823469784,4.294703186614091,0.04205039032459685,57.024110639279435
2021-12-22,1640131200,BTC/USD,48907.75,49600.0,48449.87,48618.99,1306.16574192,63504459.14475106,1,48717.2255,49543.62547227745,52412.35145451015,45022.09954548985,48717.2255,44.64998345765576,-0.6353380124120567,-0.0063736487387042245,56.856148114436465
2021-12-23,1640217600,BTC/USD,48618.99,51386.66,48051.1,50850.0,1715.35802664,87225955.654644,1,48572.541000000005,49668.04209396531,51606.41987038614,45538.66212961387,48572.541000000005,59.432041044936035,4.588762539081959,0.044865927166663384,59.662224033006176
2021-12-24,1640304000,BTC/USD,50850.0,51864.56,50442.34,50841.48,1446.08883091,73521296.37493415,1,48652.866500000004,49779.798085016235,51841.703213731824,45464.029786268184,48652.866500000004,60.994186461231195,-0.01675516224187712,-0.00016756566075997858,57.29581238781309
2021-12-25,1640390400,BTC/USD,50857.42,51179.36,50190.9,50442.22,823.04872916,41516405.067009136,1,48701.8165,49842.88588644326,51972.04646585574,45431.58653414426,48701.8165,53.480634111069676,-0.7853036536308533,-0.007884034017277417,48.3552435181022
2021-12-26,1640476800,BTC/USD,50421.51,51292.65,49458.85,50791.21,1015.22197466,51564352.51157074,1,48713.62699999999,49933.20246868676,52013.60803648375,45413.64596351624,48713.62699999999,52.28537215138163,0.6918609054082037,0.006894785300165344,48.38215833949935
2021-12-27,1640563200,BTC/USD,50885.32,52098.6,50479.44,50718.11,1102.98343745,55941235.30876723,1,48718.1665,50007.95556690707,52029.46214571456,45406.87085428544,48718.1665,67.72685017886269,-0.1439225409278433,-0.0014402620889643414,47.80360943949671
2021-12-28,1640649600,BTC/USD,50708.05,50719.59,47300.0,47543.3,2215.26863352,105321181.22403143,1,48568.1665,49773.22646529687,51802.24242116425,45334.09057883575,48568.1665,46.685665520994014,-6.259716696856399,-0.06464217127552939,52.79956116480684
2021-12-29,1640736000,BTC/USD,47597.7,48157.41,46099.94,46483.36,2089.30815829,97118063.27273104,1,48512.678499999995,49459.905849554314,51853.511918103555,45171.845081896434,48512.678499999995,41.03280742348133,-2.2294203389331413,-0.022546475664655806,53.22713720698891
2021-12-30,1640822400,BTC/USD,46474.59,47916.32,45934.37,47150.71,2162.27044303,101952586.60087904,1,48513.093,49239.982435311045,51853.212571060874,45172.97342893913,48513.093,47.99717805665606,1.4356750458658807,0.014254668203040286,49.442142210591925
2021-12-31,1640908800,BTC/USD,47110.3,48589.47,45655.31,46214.37,1798.55260406,83118975.50849235,1,48353.784499999994,48951.82887004333,51817.3353201281,44890.23367987189,48353.784499999994,50.01404319442376,-1.9858449639464482,-0.02005827860444458,49.81930986737748
2022-01-01,1640995200,BTC/USD,46230.0,47960.98,46199.9,47777.42,741.52060313,35427941.29439533,1,48236.436499999996,48839.98040622968,51605.13613658655,44867.73686341344,48236.436499999996,53.39850921739603,3.38217312061162,0.033262354265115056,48.38608356224727
2022-01-02,1641081600,BTC/USD,47745.25,47989.0,46660.0,47350.22,702.0947554,33244341.12903619,1,48267.6965,48698.098462779235,51588.606584321606,44946.78641567839,48267.6965,52.40417023260734,-0.8941462305833925,-0.0089816770786442,48.082881525500035
2022-01-03,1641168000,BTC/USD,47290.55,47586.58,45692.13,46439.89,1140.17908832,52949791.44188108,1,48170.193,48483.03099013359,51589.05392392657,44751.33207607343,48170.193,48.318269698413445,-1.922546505591738,-0.01941267769344541,41.91954862241582
2022-01-04,1641254400,BTC/USD,46464.01,47526.0,45539.05,45820.0,1832.61283694,83970320.18859081,1,48017.351,48229.40899107325,51573.74601674413,44460.95598325587,48017.351,37.785943541026136,-1.334822283170778,-0.013438111153818502,40.09859689586323
2022-01-05,1641340800,BTC/USD,45828.77,46855.06,42413.59,43435.8,3397.54577759,147575118.88624373,1,47805.97,47772.87480144722,51911.15145163303,43700.788548366974,47805.97,32.493942511444544,-5.203404626800523,-0.0534366911568463,43.466722557705936
2022-01-06,1641427200,BTC/USD,43417.31,43782.86,42414.0,43097.6,2450.1130935,105593994.0584256,1,47650.304,47327.61053464272,52219.983720430275,43080.62427956972,47650.304,19.977957088352852,-0.7786204006833164,-0.007816674763994329,42.897043838204986
2022-01-07,1641513600,BTC/USD,43093.4,43135.35,40600.0,41535.66,2984.20586087,123950960.00710364,1,47382.9935,46775.996198010085,52705.41188415395,42060.57511584604,47382.9935,17.832432282952823,-3.624192530442516,-0.03691497572664869,43.40223365607104
2022-01-08,1641600000,BTC/USD,41576.73,42315.31,40517.05,41690.77,1581.47361959,65932852.93539418,1,47132.298500000004,46291.688941056746,53030.433421244255,41234.16357875575,47132.298500000004,19.229349282195642,0.3734381492914496,0.0037274260012752514,42.952975517152225
2022-01-09,1641686400,BTC/USD,41697.32,42796.49,41200.0,41875.81,1532.58823403,64178373.69647581,1,46880.339,45871.12904190848,53230.75149846983,40529.92650153017,46880.339,18.28726923487349,0.4438392478719022,0.004428571862598215,43.090445713644044
2022-01-10,1641772800,BTC/USD,41853.98,42256.55,39558.7,41845.42,3494.01378649,146208474.38146436,1,46526.117000000006,45487.72818077434,53178.33733815332,39873.896661846695,46526.117000000006,18.34300357005486,-0.07257173055279509,-0.0007259807658045553,42.98034731448884
2022-01-11,1641859200,BTC/USD,41842.22,43144.74,41284.11,42736.0,2442.65415081,104389267.78901616,1,46231.967500000006,45225.658830224405,53013.545630143955,39450.38936985606,46231.967500000006,29.507756471683464,2.1282615875285904,0.021059303891676047,40.60718994756283
2022-01-12,1641945600,BTC/USD,42754.44,44337.26,42471.17,43933.5,2502.76210107,109955098.76735884,1,45886.1425,45102.596084488745,52375.265208647,39397.01979135301,45886.1425,39.256618286492404,2.8020872332459756,0.02763547065220345,42.28889080995351
2022-01-13,1642032000,BTC/USD,43935.01,44456.34,42321.0,42571.94,1993.88324273,84883477.77650699,1,45472.665499999996,44861.58121929935,51680.05825955338,39265.27274044661,45472.665499999996,31.774342366612444,-3.0991384706431258,-0.03148177621905909,39.13797680451486
2022-01-14,1642118400,BTC/USD,42579.44,43468.95,41782.21,43102.35,1386.83275834,59775750.9414361,1,45105.672,44694.03538888988,50932.18006679743,39279.163933202566,45105.672,37.19902265659703,1.2459145625028922,0.012382169184502571,39.710320560284345
2022-01-15,1642204800,BTC/USD,43085.76,43826.8,42387.86,43102.01,707.65852297,30501504.73363817,1,44721.212,44542.41392328132,49952.43529314369,39489.98870685631,44721.212,27.930959935578187,-0.0007888200991290617,-7.88823210331167e-06,39.80342936556025
2022-01-16,1642291200,BTC/USD,43084.77,43495.59,42615.0,43107.7,621.95302734,26810964.516664512,1,44340.6915,44405.77450201643,48782.87635269763,39898.50664730237,44340.6915,29.144406057114253,0.013201240498972311,0.00013200369211898376,39.56373196470489
2022-01-17,1642377600,BTC/USD,43099.08,43209.47,41581.0,42255.07,1060.00938797,44790770.88932951,1,44076.28,44200.94550182438,48341.84905000325,39810.71094999675,44076.28,29.31068237639265,-1.977906499302906,-0.019977288841509046,39.70850917919822
2022-01-18,1642464000,BTC/USD,42230.09,42685.25,41290.06,42377.4,1638.87085963,69451085.96688436,1,43870.982,44027.27450165063,48042.96475526439,39698.99924473562,43870.982,32.09947670113725,0.2895037210919327,0.0028908546611732945,34.23294361715198
2022-01-19,1642550400,BTC/USD,42378.23,42589.9,41145.23,41683.21,1664.70405269,69390208.61612834,1,43597.607,43804.03026339819,47576.78684887552,39618.42715112449,43597.607,38.943919373295884,-1.6381137115538014,-0.016516791430264438,33.916385024631104
2022-01-20,1642636800,BTC/USD,41733.21,43518.69,40554.14,40736.05,2425.15260695,98791137.85434556,0,43323.691000000006,43511.84166688408,47298.648229720784,39348.73377027923,43323.691000000006,36.16528429841344,-2.2722818132288713,-0.022984960044871057,33.678732278422494
2022-01-21,1642723200,BTC/USD,40654.72,41115.58,35423.0,36495.46,6201.04610092,226310029.93428183,0,42759.593,42843.61484146655,47242.924917878154,38276.26108212185,42759.593,27.526236186317902,-10.40991946936437,-0.10992558049927141,48.9892054304052
2022-01-22,1642809600,BTC/USD,36447.37,36825.98,34000.0,35091.11,4510.37218636,158273966.53249928,0,42146.6375,42105.281047041164,47290.74492145372,37002.530078546275,42146.6375,23.522478166954983,-3.84801287612212,-0.03924004725185382,47.0913404952828
2022-01-23,1642896000,BTC/USD,35084.79,36574.47,34624.59,36293.62,2533.70397599,91957289.2970702,0,41639.324,41551.78951875153,46997.48948746061,36281.15851253939,41639.324,29.294900754660702,3.426822349022318,0.03369414620920358,49.97588992346951
2022-01-24,1642982400,BTC/USD,36262.21,38050.0,32950.72,36724.99,6335.15428027,232658477.5913729,0,41184.5735,41092.09432648948,46592.34313673352,35776.803863266476,41184.5735,31.556254822166053,1.188556005160124,0.011815481517951408,50.61125563991212
2022-01-25,1643068800,BTC/USD,36721.59,37552.3,35722.43,36975.91,2793.69107911,103299269.90897425,0,40861.579,40700.07677158572,46471.1045052214,35252.05349477859,40861.579,28.249940528110372,0.6832404855658281,0.006809169751985884,50.98188675799863
2022-01-26,1643155200,BTC/USD,37006.76,38946.0,36279.21,36829.32,3663.15557069,134911528.72272462,0,40548.165,40331.43326952994,46329.47688705078,34766.85311294922,40548.165,20.86215325856557,-0.3964473085314335,-0.003972352440625729,48.51766835535498
2022-01-27,1643241600,BTC/USD,36824.02,37251.0,35511.32,37208.36,3103.82301099,115488163.96919988,0,40331.8,40033.9977200509,46279.0208227025,34384.579177297506,40331.8,26.072793653172866,1.0291800120121763,0.01023920013644046,48.921036398429976
2022-01-28,1643328000,BTC/USD,37179.62,38022.11,36173.98,37748.36,2420.65410706,91375722.66877943,0,40134.6795,39816.31793718891,46153.160714842874,34116.19828515712,40134.6795,26.135993888235674,1.4512867538370333,0.014408563829092167,48.191425051848434
2022-01-29,1643414400,BTC/USD,37713.14,38741.67,37327.79,38192.65,1296.90892268,49532388.565794304,0,39950.5215,39661.68289555187,45970.08104701511,33930.96195298489,39950.5215,28.95085262303995,1.176978284619512,0.011701057679980411,48.44255323326969
2022-01-30,1643500800,BTC/USD,38176.45,38378.88,37372.59,37941.82,708.79481272,26892965.20115595,0,39755.341499999995,39497.88642930884,45769.343550619924,33741.339449380066,39755.341499999995,28.307017838546074,-0.6567494007354902,-0.006589154886673466,48.346306300243725
2022-01-31,1643587200,BTC/USD,37914.1,38776.33,36631.66,38491.92,2009.13000337,77335271.35931776,0,39543.1375,39402.080102708,45412.06273468099,33674.212265319,39543.1375,33.785494477463914,1.449851377714606,0.01439441530202456,48.78457325680266
2022-02-01,1643673600,BTC/USD,38483.56,39285.0,38033.78,38733.04,2073.9387171,80329951.28698298,0,39283.1145,39338.36199768819,44782.187762905836,33784.04123709417,39283.1145,34.45644737807365,0.6264171805407504,0.006244633433231983,48.09158495267947
2022-02-02,1643760000,BTC/USD,38768.08,38883.96,36618.36,36923.5,1672.70719509,61762204.11790561,0,39000.692500000005,39108.37514076551,44367.16239259885,33634.222607401156,39000.692500000005,31.463008269715658,-4.671825397645013,-0.047844777863195936,48.80304491064323
2022-02-03,1643846400,BTC/USD,36924.5,37391.74,36264.55,37320.11,1624.39014671,60622418.95813334,0,38711.580500000004,38938.06417497832,43761.318254210644,33661.84274578936,38711.580500000004,36.10034619535054,1.0741397754817417,0.010684118747955577,48.461627185061076
2022-02-04,1643932800,BTC/USD,37330.75,41760.39,37064.28,41579.57,3901.59890405,162226804.74287024,1,38635.4585,39189.63615831372,43446.802452410506,33824.114547589495,38635.4585,70.65581190129302,11.41331041092859,0.10807661741000904,62.42763547251906
2022-02-05,1644019200,BTC/USD,41608.82,41983.12,40975.0,41427.72,1892.23797403,78391104.96148212,1,38551.4595,39402.78700037908,43084.67165486735,34018.247345132644,38551.4595,78.66147167193009,-0.36520339195427187,-0.003658718876172689,62.42788298007012
2022-02-06,1644105600,BTC/USD,41422.7,42701.86,41141.81,42420.24,854.67571444,36255548.928716265,1,38559.718,39690.16347653346,43121.84877779167,33997.587222208334,38559.718,78.24826820505629,2.3957871685914567,0.023675384839280642,63.053405428956424
2022-02-07,1644192000,BTC/USD,42420.24,44524.18,41682.11,43869.04,2601.46944039,114123966.93924652,1,38634.3,40088.15171686361,43498.019209607126,33770.58079039288,38634.3,80.1140142998414,3.4153507853798226,0.03358322527387959,63.72341334382988
2022-02-08,1644278400,BTC/USD,43895.6,45501.0,42701.19,44091.56,2591.80146351,114276569.73643896,1,38754.717500000006,40469.428696209936,44037.47412978708,33471.96087021293,38754.717500000006,80.06628767872274,0.5072369944726374,0.00505954881370115,63.732583278514454
2022-02-09,1644364800,BTC/USD,44106.95,44865.72,43164.0,44426.84,1625.88352507,72232867.22692087,1,38939.257,40846.32501085661,44745.368250156156,33133.14574984384,38939.257,81.59850806357699,0.7604176400199947,0.007575410386695797,63.401521789351044
2022-02-10,1644451200,BTC/USD,44426.24,45850.0,43209.07,43524.6,2692.62339808,117195356.35207276,1,39290.714,41101.398819346454,45320.634021763624,33260.793978236376,39290.714,75.17401133186026,-2.030844417473754,-0.020517495812032986,63.27957037270727
2022-02-11,1644537600,BTC/USD,43540.15,43969.72,41983.12,42406.19,2170.37239741,92037224.25532396,1,39656.46800000001,41225.66464607536,45498.3078445867,33814.62815541332,39656.46800000001,67.74604775987024,-2.5696043157202975,-0.026031953343038716,49.58089199175132
2022-02-12,1644624000,BTC/USD,42392.22,43034.0,41740.06,42241.11,892.34533043,37693657.260679975,1,39953.842500000006,41322.373727401515,45679.255588082015,34228.429411918,39953.842500000006,65.75967973491868,-0.38928279102650176,-0.0039004246865386237,46.85103495729672
2022-02-13,1644710400,BTC/USD,42232.68,42779.6,41882.54,42077.74,515.45574228,21689212.70516485,1,40221.48,41394.31337241089,45810.18179604369,34632.77820395632,40221.48,66.2105213649084,-0.3867559351541705,-0.0038750576989904366,46.141091725923154
2022-02-14,1644796800,BTC/USD,42078.53,42871.68,41575.0,42540.3,1270.88651697,54063893.69785889,1,40499.6995,41503.454955990805,45960.65414274632,35038.74485725368,40499.6995,65.97705014302224,1.0992985840019065,0.010933002170567183,46.13059932655225
2022-02-15,1644883200,BTC/USD,42567.27,44785.66,42469.96,44582.48,1772.92325828,79041315.70380294,1,40887.3575,41796.69543637263,46352.00865342542,35422.706346574574,40887.3575,70.21171465652,4.8005773349036,0.04688909480451225,48.15470399014078
2022-02-16,1644969600,BTC/USD,44590.75,44590.75,43312.83,43901.48,1251.8335942,54957347.49909943,1,41222.0135,41997.151109099046,46556.24214071552,35887.78485928448,41222.0135,76.15066242538535,-1.527505872261925,-0.015392924241004136,48.699048959391696
2022-02-17,1645056000,BTC/USD,43901.49,44204.78,40088.88,40556.11,2437.49036088,98855127.19978896,0,41362.401,41859.90909870866,46453.97221834273,36270.82978165727,41362.401,59.932083699596824,-7.620175902953619,-0.07926158511121213,57.363412467784755
2022-02-18,1645142400,BTC/USD,40532.66,40996.31,39450.0,39996.99,2212.7149201,88501936.5320905,0,41452.618,41682.48823216498,46368.62208214804,36536.613917851966,41452.618,43.71508224585593,-1.3786332071789031,-0.013882246103185468,57.55980183371921
2022-02-19,1645228800,BTC/USD,40008.75,40471.27,39587.08,40109.02,695.654296,27902012.07134992,0,41560.978,41532.63411481593,46241.02347529316,36880.93252470685,41560.978,44.74641607332945,0.2800960772298078,0.0027970453911893723,57.46800903067554
2022-02-20,1645315200,BTC/USD,40108.62,40151.62,37974.18,38373.9,1283.5115474,49253343.768772855,0,41555.077000000005,41231.80229435727,46251.68438867754,36858.46961132247,41555.077000000005,34.78027665522214,-4.326009461213454,-0.044223705672289594,59.6417332217465
2022-02-21,1645401600,BTC/USD,38384.09,39494.11,36810.72,37076.6,3501.42036418,129820762.27455616,0,41472.255,40836.06874251372,46429.58340428213,36514.926595717865,41472.255,24.156684356066776,-3.380683224796033,-0.03439149814325979,60.60039364436941
2022-02-22,1645488000,BTC/USD,37036.98,38463.88,36368.99,38269.94,2388.75903515,91417664.9496484,0,41539.577000000005,40591.675528940985,46268.09635405748,36811.05764594253,41539.577000000005,29.374096539213767,3.218579912937014,0.031678688770546685,61.656246330705834
2022-02-23,1645574400,BTC/USD,38269.94,39303.24,37060.16,37274.18,1778.27525833,66283752.06853892,0,41537.2805,40275.72357380375,46274.465027217826,36800.095972782176,41537.2805,25.791247204336628,-2.6019377088127182,-0.02636386987848998,60.008099097590836
2022-02-24,1645660800,BTC/USD,37253.26,39720.0,34324.05,38376.88,6302.85095659,241883754.81893963,0,41377.146,40094.881328679585,46320.356946021486,36433.935053978515,41377.146,32.81038165165556,2.9583481112126275,0.029154333185182395,60.741615649025036
2022-02-25,1645747200,BTC/USD,38360.93,39727.97,38027.61,39231.64,2202.85182731,86421489.86236808,0,41267.342000000004,40012.667868805336,46302.53056738531,36232.1534326147,41267.342000000004,39.20932392185016,2.2272785072679158,0.022028369153544544,47.57459465433837
2022-02-26,1645833600,BTC/USD,39242.64,40330.99,38600.0,39146.66,912.7240869,35730099.50368476,0,41103.663,39930.19092891912,46193.58370281021,36013.74229718979,41103.663,39.42400299666636,-0.2166108783624554,-0.0021684581905829585,47.57387948449314
2022-02-27,1645920000,BTC/USD,39146.66,39886.92,37015.74,37712.68,1701.81704307,64180081.56384513,0,40795.845,39718.9994118792,45926.06625194238,35665.623748057624,40795.845,36.27356888592598,-3.6630966728706915,-0.03731872847129998,48.00366687421523
2022-02-28,1646006400,BTC/USD,37717.1,44256.08,37468.99,43178.98,3160.61807044,136472264.45116737,1,40750.216,40048.52137265261,45772.10519997907,35728.32680002093,40750.216,51.52765459525812,14.494594391064242,0.1353574253333586,67.47060323951703
2022-03-01,1646092800,BTC/USD,43221.71,43626.49,43185.48,43185.48,49.0062887,2116360.1005280763,1,40688.148,40347.27933716189,45546.73585808464,35829.56014191536,40688.148,46.2980158212787,0.015053620997984574,0.00015052488054156772,67.43872103141223
